"Step","PPO_short_test_track - loss_critc","PPO_short_test_track - loss_critc__MIN","PPO_short_test_track - loss_critc__MAX"
"0","0.0145856277","0.0145856277","0.0145856277"
"1","0.0635340415","0.0635340415","0.0635340415"
"2","0.0088510557","0.0088510557","0.0088510557"
"3","0.0088484878","0.0088484878","0.0088484878"
"4","0.010184125","0.010184125","0.010184125"
"5","0.0386338174","0.0386338174","0.0386338174"
"6","0.0062032874","0.0062032874","0.0062032874"
"7","0.0066668422","0.0066668422","0.0066668422"
"8","0.0061332443","0.0061332443","0.0061332443"
"9","0.0062858085","0.0062858085","0.0062858085"
"10","0.0071404636","0.0071404636","0.0071404636"
"11","0.0056678017","0.0056678017","0.0056678017"
"12","0.0059667187","0.0059667187","0.0059667187"
"13","0.0065280709","0.0065280709","0.0065280709"
"14","0.0061899903","0.0061899903","0.0061899903"
"15","0.0060525956","0.0060525956","0.0060525956"
"16","0.0067481233","0.0067481233","0.0067481233"
"17","0.0063270885","0.0063270885","0.0063270885"
"18","0.0066946713","0.0066946713","0.0066946713"
"19","0.0068725177","0.0068725177","0.0068725177"
"20","0.0069707781","0.0069707781","0.0069707781"
"21","0.0068362818","0.0068362818","0.0068362818"
"22","0.0068147795","0.0068147795","0.0068147795"
"23","0.0068349247","0.0068349247","0.0068349247"
"24","0.0070759619","0.0070759619","0.0070759619"
"25","0.0067348249","0.0067348249","0.0067348249"
"26","0.0073241945","0.0073241945","0.0073241945"
"27","0.0069749121","0.0069749121","0.0069749121"
"28","0.006983464","0.006983464","0.006983464"
"29","0.0068637841","0.0068637841","0.0068637841"
"30","0.0072703124","0.0072703124","0.0072703124"
"31","0.0070486189","0.0070486189","0.0070486189"
"32","0.0069162036","0.0069162036","0.0069162036"
"33","0.0071360874","0.0071360874","0.0071360874"
"34","0.0070635951","0.0070635951","0.0070635951"
"35","0.0073505727","0.0073505727","0.0073505727"
"36","0.0069401357","0.0069401357","0.0069401357"
"37","0.0070486159","0.0070486159","0.0070486159"
"38","0.0065348525","0.0065348525","0.0065348525"
"39","0.0066977459","0.0066977459","0.0066977459"
"40","0.0067722585","0.0067722585","0.0067722585"
"41","0.0067304989","0.0067304989","0.0067304989"
"42","0.0075465159","0.0075465159","0.0075465159"
"43","0.0071717864","0.0071717864","0.0071717864"
"44","0.0072328931","0.0072328931","0.0072328931"
"45","0.0069887812","0.0069887812","0.0069887812"
"46","0.0070670474","0.0070670474","0.0070670474"
"47","0.0074271968","0.0074271968","0.0074271968"
"48","0.0071649791","0.0071649791","0.0071649791"
"49","0.0076531064","0.0076531064","0.0076531064"
"50","0.0074150871","0.0074150871","0.0074150871"
"51","0.006932989","0.006932989","0.006932989"
"52","0.0076544291","0.0076544291","0.0076544291"
"53","0.0070039796","0.0070039796","0.0070039796"
"54","0.007563078","0.007563078","0.007563078"
"55","0.0071770618","0.0071770618","0.0071770618"
"56","0.0076984767","0.0076984767","0.0076984767"
"57","0.0074761936","0.0074761936","0.0074761936"
"58","0.0077980968","0.0077980968","0.0077980968"
"59","0.0073420042","0.0073420042","0.0073420042"
"60","0.0080163839","0.0080163839","0.0080163839"
"61","0.0073746716","0.0073746716","0.0073746716"
"62","0.0079123073","0.0079123073","0.0079123073"
"63","0.0073474222","0.0073474222","0.0073474222"
"64","0.0081014148","0.0081014148","0.0081014148"
"65","0.0076766975","0.0076766975","0.0076766975"
"66","0.0073921495","0.0073921495","0.0073921495"
"67","0.0074987506","0.0074987506","0.0074987506"
"68","0.0076861684","0.0076861684","0.0076861684"
"69","0.0077853819","0.0077853819","0.0077853819"
"70","0.0071445739","0.0071445739","0.0071445739"
"71","0.0080343251","0.0080343251","0.0080343251"
"72","0.0074761177","0.0074761177","0.0074761177"
"73","0.0074926358","0.0074926358","0.0074926358"
"74","0.0084552598","0.0084552598","0.0084552598"
"75","0.0077913067","0.0077913067","0.0077913067"
"76","0.0077847396","0.0077847396","0.0077847396"
"77","0.0079596388","0.0079596388","0.0079596388"
"78","0.0079450834","0.0079450834","0.0079450834"
"79","0.0075926122","0.0075926122","0.0075926122"
"80","0.0079895875","0.0079895875","0.0079895875"
"81","0.0080038702","0.0080038702","0.0080038702"
"82","0.0079295076","0.0079295076","0.0079295076"
"83","0.0079082348","0.0079082348","0.0079082348"
"84","0.0079121069","0.0079121069","0.0079121069"
"85","0.0078952901","0.0078952901","0.0078952901"
"86","0.007681495","0.007681495","0.007681495"
"87","0.0076169082","0.0076169082","0.0076169082"
"88","0.0078925422","0.0078925422","0.0078925422"
"89","0.0080383459","0.0080383459","0.0080383459"
"90","0.0079324474","0.0079324474","0.0079324474"
"91","0.0078289259","0.0078289259","0.0078289259"
"92","0.0073928925","0.0073928925","0.0073928925"
"93","0.008815947","0.008815947","0.008815947"
"94","0.008197234","0.008197234","0.008197234"
"95","0.0076684705","0.0076684705","0.0076684705"
"96","0.0086630832","0.0086630832","0.0086630832"
"97","0.0083382567","0.0083382567","0.0083382567"
"98","0.0082088492","0.0082088492","0.0082088492"
"99","0.0081015136","0.0081015136","0.0081015136"
"100","0.0081831832","0.0081831832","0.0081831832"
"101","0.0076646408","0.0076646408","0.0076646408"
"102","0.0081296507","0.0081296507","0.0081296507"
"103","0.0074963378","0.0074963378","0.0074963378"
"104","0.0080683811","0.0080683811","0.0080683811"
"105","0.0076828647","0.0076828647","0.0076828647"
"106","0.007460258","0.007460258","0.007460258"
"107","0.0079753942","0.0079753942","0.0079753942"
"108","0.0074718029","0.0074718029","0.0074718029"
"109","0.0078489435","0.0078489435","0.0078489435"
"110","0.0077948068","0.0077948068","0.0077948068"
"111","0.0075820042","0.0075820042","0.0075820042"
"112","0.0081443634","0.0081443634","0.0081443634"
"113","0.0078052382","0.0078052382","0.0078052382"
"114","0.0076259782","0.0076259782","0.0076259782"
"115","0.007984446","0.007984446","0.007984446"
"116","0.007860174","0.007860174","0.007860174"
"117","0.0076410691","0.0076410691","0.0076410691"
"118","0.0079825825","0.0079825825","0.0079825825"
"119","0.0078519623","0.0078519623","0.0078519623"
"120","0.007786129","0.007786129","0.007786129"
"121","0.007986524","0.007986524","0.007986524"
"122","0.0076064038","0.0076064038","0.0076064038"
"123","0.0074672714","0.0074672714","0.0074672714"
"124","0.0080270726","0.0080270726","0.0080270726"
"125","0.0080033198","0.0080033198","0.0080033198"
"126","0.0078214573","0.0078214573","0.0078214573"
"127","0.0079660947","0.0079660947","0.0079660947"
"128","0.0075649207","0.0075649207","0.0075649207"
"129","0.0073544335","0.0073544335","0.0073544335"
"130","0.0077963323","0.0077963323","0.0077963323"
"131","0.0073565908","0.0073565908","0.0073565908"
"132","0.0075997427","0.0075997427","0.0075997427"
"133","0.0075478279","0.0075478279","0.0075478279"
"134","0.0075747411","0.0075747411","0.0075747411"
"135","0.0082076201","0.0082076201","0.0082076201"
"136","0.0069815158","0.0069815158","0.0069815158"
"137","0.0074255748","0.0074255748","0.0074255748"
"138","0.0077794677","0.0077794677","0.0077794677"
"139","0.0085584299","0.0085584299","0.0085584299"
"140","0.0073155076","0.0073155076","0.0073155076"
"141","0.0074020054","0.0074020054","0.0074020054"
"142","0.0076960747","0.0076960747","0.0076960747"
"143","0.0077874482","0.0077874482","0.0077874482"
"144","0.007806444","0.007806444","0.007806444"
"145","0.0073145759","0.0073145759","0.0073145759"
"146","0.0081058571","0.0081058571","0.0081058571"
"147","0.0072794876","0.0072794876","0.0072794876"
"148","0.0074401701","0.0074401701","0.0074401701"
"149","0.0074371895","0.0074371895","0.0074371895"
"150","0.0072497771","0.0072497771","0.0072497771"
"151","0.0076102514","0.0076102514","0.0076102514"
"152","0.0069277317","0.0069277317","0.0069277317"
"153","0.0083623373","0.0083623373","0.0083623373"
"154","0.0070214491","0.0070214491","0.0070214491"
"155","0.0073607765","0.0073607765","0.0073607765"
"156","0.0077965153","0.0077965153","0.0077965153"
"157","0.0077731747","0.0077731747","0.0077731747"
"158","0.0073754524","0.0073754524","0.0073754524"
"159","0.0081348673","0.0081348673","0.0081348673"
"160","0.007561544","0.007561544","0.007561544"
"161","0.0071622574","0.0071622574","0.0071622574"
"162","0.0079782335","0.0079782335","0.0079782335"
"163","0.0079303935","0.0079303935","0.0079303935"
"164","0.0072449599","0.0072449599","0.0072449599"
"165","0.0078010823","0.0078010823","0.0078010823"
"166","0.008324937","0.008324937","0.008324937"
"167","0.0071939483","0.0071939483","0.0071939483"
"168","0.0072040348","0.0072040348","0.0072040348"
"169","0.007522374","0.007522374","0.007522374"
"170","0.0083258283","0.0083258283","0.0083258283"
"171","0.0077418643","0.0077418643","0.0077418643"
"172","0.0077090522","0.0077090522","0.0077090522"
"173","0.0080084322","0.0080084322","0.0080084322"
"174","0.0076435413","0.0076435413","0.0076435413"
"175","0.0075411522","0.0075411522","0.0075411522"
"176","0.0082312318","0.0082312318","0.0082312318"
"177","0.0074860004","0.0074860004","0.0074860004"
"178","0.0078649732","0.0078649732","0.0078649732"
"179","0.0077657391","0.0077657391","0.0077657391"
"180","0.0078759413","0.0078759413","0.0078759413"
"181","0.007813244","0.007813244","0.007813244"
"182","0.0074189313","0.0074189313","0.0074189313"
"183","0.0078100279","0.0078100279","0.0078100279"
"184","0.0076288584","0.0076288584","0.0076288584"
"185","0.0075184858","0.0075184858","0.0075184858"
"186","0.0082644765","0.0082644765","0.0082644765"
"187","0.0078418516","0.0078418516","0.0078418516"
"188","0.0083488777","0.0083488777","0.0083488777"
"189","0.0080488198","0.0080488198","0.0080488198"
"190","0.0080174719","0.0080174719","0.0080174719"
"191","0.0079445689","0.0079445689","0.0079445689"
"192","0.0073761769","0.0073761769","0.0073761769"
"193","0.0077257208","0.0077257208","0.0077257208"
"194","0.0081326133","0.0081326133","0.0081326133"
"195","0.0079340247","0.0079340247","0.0079340247"
"196","0.0080065345","0.0080065345","0.0080065345"
"197","0.0073150171","0.0073150171","0.0073150171"
"198","0.0080446049","0.0080446049","0.0080446049"
"199","0.0079644634","0.0079644634","0.0079644634"
"200","0.0078632121","0.0078632121","0.0078632121"
"201","0.0078882673","0.0078882673","0.0078882673"
"202","0.007119634","0.007119634","0.007119634"
"203","0.007761325","0.007761325","0.007761325"
"204","0.0081455494","0.0081455494","0.0081455494"
"205","0.0078744835","0.0078744835","0.0078744835"
"206","0.0084069398","0.0084069398","0.0084069398"
"207","0.0078173839","0.0078173839","0.0078173839"
"208","0.0077463424","0.0077463424","0.0077463424"
"209","0.0073801969","0.0073801969","0.0073801969"
"210","0.007962263","0.007962263","0.007962263"
"211","0.007614842","0.007614842","0.007614842"
"212","0.0077120604","0.0077120604","0.0077120604"
"213","0.0074612701","0.0074612701","0.0074612701"
"214","0.008098265","0.008098265","0.008098265"
"215","0.0075235771","0.0075235771","0.0075235771"
"216","0.0079854369","0.0079854369","0.0079854369"
"217","0.0082641801","0.0082641801","0.0082641801"
"218","0.0077452622","0.0077452622","0.0077452622"
"219","0.0077512245","0.0077512245","0.0077512245"
"220","0.0074896036","0.0074896036","0.0074896036"
"221","0.0075521094","0.0075521094","0.0075521094"
"222","0.0078366061","0.0078366061","0.0078366061"
"223","0.0076899974","0.0076899974","0.0076899974"
"224","0.0073766104","0.0073766104","0.0073766104"
"225","0.0075998734","0.0075998734","0.0075998734"
"226","0.008257732","0.008257732","0.008257732"
"227","0.008001633","0.008001633","0.008001633"
"228","0.0078758553","0.0078758553","0.0078758553"
"229","0.0077721802","0.0077721802","0.0077721802"
"230","0.0077631099","0.0077631099","0.0077631099"
"231","0.007532012","0.007532012","0.007532012"
"232","0.0076177224","0.0076177224","0.0076177224"
"233","0.0072975278","0.0072975278","0.0072975278"
"234","0.0078060574","0.0078060574","0.0078060574"
"235","0.0075061139","0.0075061139","0.0075061139"
"236","0.0077915902","0.0077915902","0.0077915902"
"237","0.0074368748","0.0074368748","0.0074368748"
"238","0.0078011692","0.0078011692","0.0078011692"
"239","0.0075236162","0.0075236162","0.0075236162"
"240","0.0070696914","0.0070696914","0.0070696914"
"241","0.007769361","0.007769361","0.007769361"
"242","0.0076009924","0.0076009924","0.0076009924"
"243","0.0082440335","0.0082440335","0.0082440335"
"244","0.007447742","0.007447742","0.007447742"
"245","0.0075606658","0.0075606658","0.0075606658"
"246","0.0076671422","0.0076671422","0.0076671422"
"247","0.0074748292","0.0074748292","0.0074748292"
"248","0.0073825248","0.0073825248","0.0073825248"
"249","0.0076871368","0.0076871368","0.0076871368"
"250","0.0074336074","0.0074336074","0.0074336074"
"251","0.0075068381","0.0075068381","0.0075068381"
"252","0.0074155894","0.0074155894","0.0074155894"
"253","0.0076677335","0.0076677335","0.0076677335"
"254","0.0080584229","0.0080584229","0.0080584229"
"255","0.0078620627","0.0078620627","0.0078620627"
"256","0.0072882218","0.0072882218","0.0072882218"
"257","0.0078435458","0.0078435458","0.0078435458"
"258","0.007586226","0.007586226","0.007586226"
"259","0.0076356962","0.0076356962","0.0076356962"
"260","0.0075898703","0.0075898703","0.0075898703"
"261","0.0076000696","0.0076000696","0.0076000696"
"262","0.0080576034","0.0080576034","0.0080576034"
"263","0.0078466296","0.0078466296","0.0078466296"
"264","0.0080850263","0.0080850263","0.0080850263"
"265","0.0072753499","0.0072753499","0.0072753499"
"266","0.0080046493","0.0080046493","0.0080046493"
"267","0.0083558242","0.0083558242","0.0083558242"
"268","0.0072990657","0.0072990657","0.0072990657"
"269","0.0083114819","0.0083114819","0.0083114819"
"270","0.0078047219","0.0078047219","0.0078047219"
"271","0.0079075155","0.0079075155","0.0079075155"
"272","0.0073529404","0.0073529404","0.0073529404"
"273","0.0081619844","0.0081619844","0.0081619844"
"274","0.007272898","0.007272898","0.007272898"
"275","0.0080537216","0.0080537216","0.0080537216"
"276","0.0075644605","0.0075644605","0.0075644605"
"277","0.007612472","0.007612472","0.007612472"
"278","0.0074790909","0.0074790909","0.0074790909"
"279","0.0080159511","0.0080159511","0.0080159511"
"280","0.0078353911","0.0078353911","0.0078353911"
"281","0.0075418826","0.0075418826","0.0075418826"
"282","0.0074109078","0.0074109078","0.0074109078"
"283","0.0077065164","0.0077065164","0.0077065164"
"284","0.0076401226","0.0076401226","0.0076401226"
"285","0.0074850394","0.0074850394","0.0074850394"
"286","0.0073708422","0.0073708422","0.0073708422"
"287","0.007308749","0.007308749","0.007308749"
"288","0.0073791832","0.0073791832","0.0073791832"
"289","0.007686284","0.007686284","0.007686284"
"290","0.0074302339","0.0074302339","0.0074302339"
"291","0.0083759293","0.0083759293","0.0083759293"
"292","0.0076835556","0.0076835556","0.0076835556"
"293","0.0078185961","0.0078185961","0.0078185961"
"294","0.0072637429","0.0072637429","0.0072637429"
"295","0.0073060805","0.0073060805","0.0073060805"
"296","0.0076686994","0.0076686994","0.0076686994"
"297","0.0076472463","0.0076472463","0.0076472463"
"298","0.0079427824","0.0079427824","0.0079427824"
"299","0.0078705951","0.0078705951","0.0078705951"
"300","0.0074194551","0.0074194551","0.0074194551"
"301","0.0074728897","0.0074728897","0.0074728897"
"302","0.0079825745","0.0079825745","0.0079825745"
"303","0.0077541009","0.0077541009","0.0077541009"
"304","0.0076447742","0.0076447742","0.0076447742"
"305","0.007288743","0.007288743","0.007288743"
"306","0.0075469016","0.0075469016","0.0075469016"
"307","0.0076473347","0.0076473347","0.0076473347"
"308","0.0075929368","0.0075929368","0.0075929368"
"309","0.0078751058","0.0078751058","0.0078751058"
"310","0.0078077009","0.0078077009","0.0078077009"
"311","0.0076527713","0.0076527713","0.0076527713"
"312","0.0078378936","0.0078378936","0.0078378936"
"313","0.0079153909","0.0079153909","0.0079153909"
"314","0.0075423368","0.0075423368","0.0075423368"
"315","0.008071168","0.008071168","0.008071168"
"316","0.0074526598","0.0074526598","0.0074526598"
"317","0.0070701239","0.0070701239","0.0070701239"
"318","0.0076606471","0.0076606471","0.0076606471"
"319","0.0074370392","0.0074370392","0.0074370392"
"320","0.0077716678","0.0077716678","0.0077716678"
"321","0.0075617624","0.0075617624","0.0075617624"
"322","0.0073283238","0.0073283238","0.0073283238"
"323","0.0081729957","0.0081729957","0.0081729957"
"324","0.0079394875","0.0079394875","0.0079394875"
"325","0.0078471354","0.0078471354","0.0078471354"
"326","0.0078987695","0.0078987695","0.0078987695"
"327","0.0073415016","0.0073415016","0.0073415016"
"328","0.0077766857","0.0077766857","0.0077766857"
"329","0.0074856591","0.0074856591","0.0074856591"
"330","0.008243643","0.008243643","0.008243643"
"331","0.0079501805","0.0079501805","0.0079501805"
"332","0.0076050139","0.0076050139","0.0076050139"
"333","0.0083768032","0.0083768032","0.0083768032"
"334","0.0076579922","0.0076579922","0.0076579922"
"335","0.0089782851","0.0089782851","0.0089782851"
"336","0.0077989205","0.0077989205","0.0077989205"
"337","0.0080527371","0.0080527371","0.0080527371"
"338","0.007273117","0.007273117","0.007273117"
"339","0.0080320486","0.0080320486","0.0080320486"
"340","0.0072443073","0.0072443073","0.0072443073"
"341","0.0074414906","0.0074414906","0.0074414906"
"342","0.0074240139","0.0074240139","0.0074240139"
"343","0.00766976","0.00766976","0.00766976"
"344","0.0078202128","0.0078202128","0.0078202128"
"345","0.0075774336","0.0075774336","0.0075774336"
"346","0.0077376679","0.0077376679","0.0077376679"
"347","0.0078395918","0.0078395918","0.0078395918"
"348","0.00709459","0.00709459","0.00709459"
"349","0.0073893804","0.0073893804","0.0073893804"
"350","0.0080199901","0.0080199901","0.0080199901"
"351","0.0077495438","0.0077495438","0.0077495438"
"352","0.0078126826","0.0078126826","0.0078126826"
"353","0.0076405924","0.0076405924","0.0076405924"
"354","0.0070799637","0.0070799637","0.0070799637"
"355","0.008115889","0.008115889","0.008115889"
"356","0.007552011","0.007552011","0.007552011"
"357","0.007402136","0.007402136","0.007402136"
"358","0.007812164","0.007812164","0.007812164"
"359","0.0075167212","0.0075167212","0.0075167212"
"360","0.0075251518","0.0075251518","0.0075251518"
"361","0.0078962749","0.0078962749","0.0078962749"
"362","0.0072116323","0.0072116323","0.0072116323"
"363","0.0075032537","0.0075032537","0.0075032537"
"364","0.0076149739","0.0076149739","0.0076149739"
"365","0.0080582481","0.0080582481","0.0080582481"
"366","0.0075746192","0.0075746192","0.0075746192"
"367","0.0080154333","0.0080154333","0.0080154333"
"368","0.0077164661","0.0077164661","0.0077164661"
"369","0.0082458019","0.0082458019","0.0082458019"
"370","0.0078848582","0.0078848582","0.0078848582"
"371","0.0078375729","0.0078375729","0.0078375729"
"372","0.0080912636","0.0080912636","0.0080912636"
"373","0.0078759482","0.0078759482","0.0078759482"
"374","0.0084338992","0.0084338992","0.0084338992"
"375","0.0076474438","0.0076474438","0.0076474438"
"376","0.0075421824","0.0075421824","0.0075421824"
"377","0.0078410911","0.0078410911","0.0078410911"
"378","0.008385113","0.008385113","0.008385113"
"379","0.0070092862","0.0070092862","0.0070092862"
"380","0.0077088605","0.0077088605","0.0077088605"
"381","0.0069148988","0.0069148988","0.0069148988"
"382","0.0074316228","0.0074316228","0.0074316228"
"383","0.0081418591","0.0081418591","0.0081418591"
"384","0.0073479598","0.0073479598","0.0073479598"
"385","0.0082941266","0.0082941266","0.0082941266"
"386","0.008420867","0.008420867","0.008420867"
"387","0.0075841479","0.0075841479","0.0075841479"
"388","0.0078964197","0.0078964197","0.0078964197"
"389","0.0077700868","0.0077700868","0.0077700868"
"390","0.0079312759","0.0079312759","0.0079312759"
"391","0.0075237636","0.0075237636","0.0075237636"
"392","0.0077624849","0.0077624849","0.0077624849"
"393","0.0079044851","0.0079044851","0.0079044851"
"394","0.0076081061","0.0076081061","0.0076081061"
"395","0.0070508246","0.0070508246","0.0070508246"
"396","0.0080748532","0.0080748532","0.0080748532"
"397","0.0072918769","0.0072918769","0.0072918769"
"398","0.0078128661","0.0078128661","0.0078128661"
"399","0.0073959917","0.0073959917","0.0073959917"
"400","0.0073620688","0.0073620688","0.0073620688"
"401","0.0077200106","0.0077200106","0.0077200106"
"402","0.0080636052","0.0080636052","0.0080636052"
"403","0.0077095428","0.0077095428","0.0077095428"
"404","0.0074520612","0.0074520612","0.0074520612"
"405","0.0078239331","0.0078239331","0.0078239331"
"406","0.0076569168","0.0076569168","0.0076569168"
"407","0.0078016547","0.0078016547","0.0078016547"
"408","0.0072665763","0.0072665763","0.0072665763"
"409","0.0079561034","0.0079561034","0.0079561034"
"410","0.0082067462","0.0082067462","0.0082067462"
"411","0.007517612","0.007517612","0.007517612"
"412","0.0073687156","0.0073687156","0.0073687156"
"413","0.0087567353","0.0087567353","0.0087567353"
"414","0.0072974816","0.0072974816","0.0072974816"
"415","0.007278298","0.007278298","0.007278298"
"416","0.0078515607","0.0078515607","0.0078515607"
"417","0.0071567831","0.0071567831","0.0071567831"
"418","0.0075796009","0.0075796009","0.0075796009"
"419","0.0076014009","0.0076014009","0.0076014009"
"420","0.0076450672","0.0076450672","0.0076450672"
"421","0.0078705834","0.0078705834","0.0078705834"
"422","0.007258039","0.007258039","0.007258039"
"423","0.0079826549","0.0079826549","0.0079826549"
"424","0.0075380166","0.0075380166","0.0075380166"
"425","0.00787721","0.00787721","0.00787721"
"426","0.0077726735","0.0077726735","0.0077726735"
"427","0.0075448556","0.0075448556","0.0075448556"
"428","0.0076672173","0.0076672173","0.0076672173"
"429","0.007457539","0.007457539","0.007457539"
"430","0.007736589","0.007736589","0.007736589"
"431","0.0075346903","0.0075346903","0.0075346903"
"432","0.0082025466","0.0082025466","0.0082025466"
"433","0.0075842964","0.0075842964","0.0075842964"
"434","0.0082347574","0.0082347574","0.0082347574"
"435","0.0082060971","0.0082060971","0.0082060971"
"436","0.0077405231","0.0077405231","0.0077405231"
"437","0.0076371893","0.0076371893","0.0076371893"
"438","0.0078840944","0.0078840944","0.0078840944"
"439","0.0073858023","0.0073858023","0.0073858023"
"440","0.0077886998","0.0077886998","0.0077886998"
"441","0.0079699394","0.0079699394","0.0079699394"
"442","0.0074221303","0.0074221303","0.0074221303"
"443","0.0082962837","0.0082962837","0.0082962837"
"444","0.008147406","0.008147406","0.008147406"
"445","0.0079471837","0.0079471837","0.0079471837"
"446","0.0077392897","0.0077392897","0.0077392897"
"447","0.0076714086","0.0076714086","0.0076714086"
"448","0.0072254237","0.0072254237","0.0072254237"
"449","0.0084344788","0.0084344788","0.0084344788"
"450","0.0079426573","0.0079426573","0.0079426573"
"451","0.0074093635","0.0074093635","0.0074093635"
"452","0.00778485","0.00778485","0.00778485"
"453","0.0075640574","0.0075640574","0.0075640574"
"454","0.0081047639","0.0081047639","0.0081047639"
"455","0.0081006562","0.0081006562","0.0081006562"
"456","0.0077203936","0.0077203936","0.0077203936"
"457","0.0075889715","0.0075889715","0.0075889715"
"458","0.0077575103","0.0077575103","0.0077575103"
"459","0.0072536652","0.0072536652","0.0072536652"
"460","0.0079133759","0.0079133759","0.0079133759"
"461","0.0079282612","0.0079282612","0.0079282612"
"462","0.0075829918","0.0075829918","0.0075829918"
"463","0.0074387398","0.0074387398","0.0074387398"
"464","0.0077662338","0.0077662338","0.0077662338"
"465","0.0076663818","0.0076663818","0.0076663818"
"466","0.0077747162","0.0077747162","0.0077747162"
"467","0.0069538701","0.0069538701","0.0069538701"
"468","0.0076212411","0.0076212411","0.0076212411"
"469","0.0073870244","0.0073870244","0.0073870244"
"470","0.0076525524","0.0076525524","0.0076525524"
"471","0.007497388","0.007497388","0.007497388"
"472","0.0076152962","0.0076152962","0.0076152962"
"473","0.0075759353","0.0075759353","0.0075759353"
"474","0.0080155386","0.0080155386","0.0080155386"
"475","0.0080442867","0.0080442867","0.0080442867"
"476","0.0078272001","0.0078272001","0.0078272001"
"477","0.0073998094","0.0073998094","0.0073998094"
"478","0.0083381442","0.0083381442","0.0083381442"
"479","0.0078889653","0.0078889653","0.0078889653"
"480","0.0076148842","0.0076148842","0.0076148842"
"481","0.0078148556","0.0078148556","0.0078148556"
"482","0.0078065202","0.0078065202","0.0078065202"
"483","0.0080904794","0.0080904794","0.0080904794"
"484","0.0074391096","0.0074391096","0.0074391096"
"485","0.0081367234","0.0081367234","0.0081367234"
"486","0.0074888858","0.0074888858","0.0074888858"
"487","0.0075264306","0.0075264306","0.0075264306"
"488","0.0076344706","0.0076344706","0.0076344706"
"489","0.0072616168","0.0072616168","0.0072616168"
"490","0.007899274","0.007899274","0.007899274"
"491","0.0074121009","0.0074121009","0.0074121009"
"492","0.0076587964","0.0076587964","0.0076587964"
"493","0.0079193221","0.0079193221","0.0079193221"
"494","0.0079253504","0.0079253504","0.0079253504"
"495","0.0081309919","0.0081309919","0.0081309919"
"496","0.0080097716","0.0080097716","0.0080097716"
"497","0.0076844364","0.0076844364","0.0076844364"
"498","0.0080612588","0.0080612588","0.0080612588"
"499","0.0080232398","0.0080232398","0.0080232398"
"500","0.007718051","0.007718051","0.007718051"
"501","0.0079252757","0.0079252757","0.0079252757"
"502","0.008125471","0.008125471","0.008125471"
"503","0.0076633352","0.0076633352","0.0076633352"
"504","0.0082332428","0.0082332428","0.0082332428"
"505","0.0080494098","0.0080494098","0.0080494098"
"506","0.0079070186","0.0079070186","0.0079070186"
"507","0.0076996057","0.0076996057","0.0076996057"
"508","0.0076591193","0.0076591193","0.0076591193"
"509","0.008043317","0.008043317","0.008043317"
"510","0.0084491814","0.0084491814","0.0084491814"
"511","0.0079601975","0.0079601975","0.0079601975"
"512","0.0078554867","0.0078554867","0.0078554867"
"513","0.0076237267","0.0076237267","0.0076237267"
"514","0.0076292031","0.0076292031","0.0076292031"
"515","0.0077267546","0.0077267546","0.0077267546"
"516","0.0081273337","0.0081273337","0.0081273337"
"517","0.007452758","0.007452758","0.007452758"
"518","0.0083779956","0.0083779956","0.0083779956"
"519","0.0074996517","0.0074996517","0.0074996517"
"520","0.0079346939","0.0079346939","0.0079346939"
"521","0.0081246532","0.0081246532","0.0081246532"
"522","0.00776916","0.00776916","0.00776916"
"523","0.0083210399","0.0083210399","0.0083210399"
"524","0.0075629001","0.0075629001","0.0075629001"
"525","0.0079682656","0.0079682656","0.0079682656"
"526","0.0083029294","0.0083029294","0.0083029294"
"527","0.0075723999","0.0075723999","0.0075723999"
"528","0.0078727435","0.0078727435","0.0078727435"
"529","0.0076431767","0.0076431767","0.0076431767"
"530","0.0075772272","0.0075772272","0.0075772272"
"531","0.0071485866","0.0071485866","0.0071485866"
"532","0.0076370938","0.0076370938","0.0076370938"
"533","0.0077346005","0.0077346005","0.0077346005"
"534","0.0074362894","0.0074362894","0.0074362894"
"535","0.0081092106","0.0081092106","0.0081092106"
"536","0.0081733628","0.0081733628","0.0081733628"
"537","0.0079443003","0.0079443003","0.0079443003"
"538","0.0078598019","0.0078598019","0.0078598019"
"539","0.0077453218","0.0077453218","0.0077453218"
"540","0.0078502847","0.0078502847","0.0078502847"
"541","0.007961013","0.007961013","0.007961013"
"542","0.0077130447","0.0077130447","0.0077130447"
"543","0.0083790502","0.0083790502","0.0083790502"
"544","0.0079146712","0.0079146712","0.0079146712"
"545","0.0075478166","0.0075478166","0.0075478166"
"546","0.0072361542","0.0072361542","0.0072361542"
"547","0.0081169479","0.0081169479","0.0081169479"
"548","0.0082322752","0.0082322752","0.0082322752"
"549","0.0080647869","0.0080647869","0.0080647869"
"550","0.0077196969","0.0077196969","0.0077196969"
"551","0.0074951626","0.0074951626","0.0074951626"
"552","0.0075955026","0.0075955026","0.0075955026"
"553","0.0080958257","0.0080958257","0.0080958257"
"554","0.0083438355","0.0083438355","0.0083438355"
"555","0.007668823","0.007668823","0.007668823"
"556","0.0087712923","0.0087712923","0.0087712923"
"557","0.0080076813","0.0080076813","0.0080076813"
"558","0.0077001244","0.0077001244","0.0077001244"
"559","0.0082221603","0.0082221603","0.0082221603"
"560","0.0081880196","0.0081880196","0.0081880196"
"561","0.007831466","0.007831466","0.007831466"
"562","0.0077784978","0.0077784978","0.0077784978"
"563","0.008018949","0.008018949","0.008018949"
"564","0.0076757056","0.0076757056","0.0076757056"
"565","0.0082347527","0.0082347527","0.0082347527"
"566","0.0080365809","0.0080365809","0.0080365809"
"567","0.0075890817","0.0075890817","0.0075890817"
"568","0.0079140042","0.0079140042","0.0079140042"
"569","0.0078003339","0.0078003339","0.0078003339"
"570","0.008235836","0.008235836","0.008235836"
"571","0.0078679667","0.0078679667","0.0078679667"
"572","0.0078592154","0.0078592154","0.0078592154"
"573","0.0078213291","0.0078213291","0.0078213291"
"574","0.0083926256","0.0083926256","0.0083926256"
"575","0.0076547163","0.0076547163","0.0076547163"
"576","0.0081299715","0.0081299715","0.0081299715"
"577","0.0075531525","0.0075531525","0.0075531525"
"578","0.008394771","0.008394771","0.008394771"
"579","0.0080767973","0.0080767973","0.0080767973"
"580","0.0080696865","0.0080696865","0.0080696865"
"581","0.0078945869","0.0078945869","0.0078945869"
"582","0.0076141133","0.0076141133","0.0076141133"
"583","0.0079561595","0.0079561595","0.0079561595"
"584","0.0070717983","0.0070717983","0.0070717983"
"585","0.0080724326","0.0080724326","0.0080724326"
"586","0.00819574","0.00819574","0.00819574"
"587","0.0079840734","0.0079840734","0.0079840734"
"588","0.0083518798","0.0083518798","0.0083518798"
"589","0.0079923633","0.0079923633","0.0079923633"
"590","0.0078355203","0.0078355203","0.0078355203"
"591","0.008428296","0.008428296","0.008428296"
"592","0.0076903128","0.0076903128","0.0076903128"
"593","0.0079729556","0.0079729556","0.0079729556"
"594","0.0079488024","0.0079488024","0.0079488024"
"595","0.007734677","0.007734677","0.007734677"
"596","0.0081971134","0.0081971134","0.0081971134"
"597","0.0083303077","0.0083303077","0.0083303077"
"598","0.0079027175","0.0079027175","0.0079027175"
"599","0.0080859697","0.0080859697","0.0080859697"
"600","0.0077528243","0.0077528243","0.0077528243"
"601","0.0075931501","0.0075931501","0.0075931501"
"602","0.0074657196","0.0074657196","0.0074657196"
"603","0.0081781446","0.0081781446","0.0081781446"
"604","0.0082792764","0.0082792764","0.0082792764"
"605","0.0085535101","0.0085535101","0.0085535101"
"606","0.0076798468","0.0076798468","0.0076798468"
"607","0.0081214106","0.0081214106","0.0081214106"
"608","0.0081836149","0.0081836149","0.0081836149"
"609","0.0081011914","0.0081011914","0.0081011914"
"610","0.0079018264","0.0079018264","0.0079018264"
"611","0.0080837291","0.0080837291","0.0080837291"
"612","0.0073246559","0.0073246559","0.0073246559"
"613","0.0082354008","0.0082354008","0.0082354008"
"614","0.0080440209","0.0080440209","0.0080440209"
"615","0.0084310134","0.0084310134","0.0084310134"
"616","0.008106402","0.008106402","0.008106402"
"617","0.0081962441","0.0081962441","0.0081962441"
"618","0.0081156593","0.0081156593","0.0081156593"
"619","0.0078569286","0.0078569286","0.0078569286"
"620","0.0080073053","0.0080073053","0.0080073053"
"621","0.0084884702","0.0084884702","0.0084884702"
"622","0.0079140889","0.0079140889","0.0079140889"
"623","0.0077090538","0.0077090538","0.0077090538"
"624","0.0079396396","0.0079396396","0.0079396396"
"625","0.0080785896","0.0080785896","0.0080785896"
"626","0.0086903406","0.0086903406","0.0086903406"
"627","0.0079055185","0.0079055185","0.0079055185"
"628","0.0074766959","0.0074766959","0.0074766959"
"629","0.00766892","0.00766892","0.00766892"
"630","0.0081410044","0.0081410044","0.0081410044"
"631","0.0077840107","0.0077840107","0.0077840107"
"632","0.0082746837","0.0082746837","0.0082746837"
"633","0.0077284977","0.0077284977","0.0077284977"
"634","0.007707255","0.007707255","0.007707255"
"635","0.0078791934","0.0078791934","0.0078791934"
"636","0.007630351","0.007630351","0.007630351"
"637","0.0082201693","0.0082201693","0.0082201693"
"638","0.0083960898","0.0083960898","0.0083960898"
"639","0.0077054371","0.0077054371","0.0077054371"
"640","0.0079920079","0.0079920079","0.0079920079"
"641","0.0081490917","0.0081490917","0.0081490917"
"642","0.007893707","0.007893707","0.007893707"
"643","0.0079937366","0.0079937366","0.0079937366"
"644","0.0077559918","0.0077559918","0.0077559918"
"645","0.0083013651","0.0083013651","0.0083013651"
"646","0.0080153531","0.0080153531","0.0080153531"
"647","0.0076027177","0.0076027177","0.0076027177"
"648","0.0076428113","0.0076428113","0.0076428113"
"649","0.0080392303","0.0080392303","0.0080392303"
"650","0.0078634603","0.0078634603","0.0078634603"
"651","0.0078559271","0.0078559271","0.0078559271"
"652","0.0076593356","0.0076593356","0.0076593356"
"653","0.0076878278","0.0076878278","0.0076878278"
"654","0.008070966","0.008070966","0.008070966"
"655","0.0078020919","0.0078020919","0.0078020919"
"656","0.0080584764","0.0080584764","0.0080584764"
"657","0.0077362553","0.0077362553","0.0077362553"
"658","0.0076778026","0.0076778026","0.0076778026"
"659","0.0079864241","0.0079864241","0.0079864241"
"660","0.0078231955","0.0078231955","0.0078231955"
"661","0.0080648862","0.0080648862","0.0080648862"
"662","0.0081070664","0.0081070664","0.0081070664"
"663","0.0083190475","0.0083190475","0.0083190475"
"664","0.0077198388","0.0077198388","0.0077198388"
"665","0.0084000731","0.0084000731","0.0084000731"
"666","0.0075299057","0.0075299057","0.0075299057"
"667","0.0079513921","0.0079513921","0.0079513921"
"668","0.0078220877","0.0078220877","0.0078220877"
"669","0.0080599691","0.0080599691","0.0080599691"
"670","0.0081303431","0.0081303431","0.0081303431"
"671","0.008281527","0.008281527","0.008281527"
"672","0.0077845609","0.0077845609","0.0077845609"
"673","0.0076022019","0.0076022019","0.0076022019"
"674","0.0078592287","0.0078592287","0.0078592287"
"675","0.0077896254","0.0077896254","0.0077896254"
"676","0.008080263","0.008080263","0.008080263"
"677","0.0077560144","0.0077560144","0.0077560144"
"678","0.0077504278","0.0077504278","0.0077504278"
"679","0.0083434718","0.0083434718","0.0083434718"
"680","0.0080650341","0.0080650341","0.0080650341"
"681","0.0076551858","0.0076551858","0.0076551858"
"682","0.0082110135","0.0082110135","0.0082110135"
"683","0.0081280344","0.0081280344","0.0081280344"
"684","0.0085360284","0.0085360284","0.0085360284"
"685","0.0077466926","0.0077466926","0.0077466926"
"686","0.0078033616","0.0078033616","0.0078033616"
"687","0.008853128","0.008853128","0.008853128"
"688","0.0074036418","0.0074036418","0.0074036418"
"689","0.0078947363","0.0078947363","0.0078947363"
"690","0.0076312297","0.0076312297","0.0076312297"
"691","0.0076914436","0.0076914436","0.0076914436"
"692","0.0084207643","0.0084207643","0.0084207643"
"693","0.00748456","0.00748456","0.00748456"
"694","0.007837587","0.007837587","0.007837587"
"695","0.0077070676","0.0077070676","0.0077070676"
"696","0.0078377163","0.0078377163","0.0078377163"
"697","0.0083737689","0.0083737689","0.0083737689"
"698","0.0080383849","0.0080383849","0.0080383849"
"699","0.0076745726","0.0076745726","0.0076745726"
"700","0.0080539352","0.0080539352","0.0080539352"
"701","0.0077662304","0.0077662304","0.0077662304"
"702","0.0086558897","0.0086558897","0.0086558897"
"703","0.0081223668","0.0081223668","0.0081223668"
"704","0.008064127","0.008064127","0.008064127"
"705","0.0078420855","0.0078420855","0.0078420855"
"706","0.0076485106","0.0076485106","0.0076485106"
"707","0.0082093323","0.0082093323","0.0082093323"
"708","0.0075194979","0.0075194979","0.0075194979"
"709","0.0077727339","0.0077727339","0.0077727339"
"710","0.0078515542","0.0078515542","0.0078515542"
"711","0.0073024935","0.0073024935","0.0073024935"
"712","0.0082496393","0.0082496393","0.0082496393"
"713","0.0077011867","0.0077011867","0.0077011867"
"714","0.0088117041","0.0088117041","0.0088117041"
"715","0.0079908755","0.0079908755","0.0079908755"
"716","0.007802983","0.007802983","0.007802983"
"717","0.0079956451","0.0079956451","0.0079956451"
"718","0.0078109037","0.0078109037","0.0078109037"
"719","0.0079413258","0.0079413258","0.0079413258"
"720","0.0079533578","0.0079533578","0.0079533578"
"721","0.0082813157","0.0082813157","0.0082813157"
"722","0.0076594224","0.0076594224","0.0076594224"
"723","0.0084934708","0.0084934708","0.0084934708"
"724","1.1033571749","1.1033571749","1.1033571749"
"725","30.0667860904","30.0667860904","30.0667860904"
"726","1.1154924081","1.1154924081","1.1154924081"
"727","0.0122310676","0.0122310676","0.0122310676"
"728","0.007281133","0.007281133","0.007281133"
"729","0.007961118","0.007961118","0.007961118"
"730","0.0084866691","0.0084866691","0.0084866691"
"731","0.0074632882","0.0074632882","0.0074632882"
"732","0.0075673793","0.0075673793","0.0075673793"
"733","0.0084405681","0.0084405681","0.0084405681"
"734","0.0074555442","0.0074555442","0.0074555442"
"735","0.0080555226","0.0080555226","0.0080555226"
"736","0.0080350889","0.0080350889","0.0080350889"
"737","0.0076279948","0.0076279948","0.0076279948"
"738","0.0082961571","0.0082961571","0.0082961571"
"739","0.0075930485","0.0075930485","0.0075930485"
"740","0.0078249744","0.0078249744","0.0078249744"
"741","0.0075910747","0.0075910747","0.0075910747"
"742","0.0076047697","0.0076047697","0.0076047697"
"743","0.0078879619","0.0078879619","0.0078879619"
"744","0.0080909708","0.0080909708","0.0080909708"
"745","0.0079429766","0.0079429766","0.0079429766"
"746","0.0076182676","0.0076182676","0.0076182676"
"747","0.0075528701","0.0075528701","0.0075528701"
"748","0.0079362812","0.0079362812","0.0079362812"
"749","0.008114952","0.008114952","0.008114952"
"750","0.0078456152","0.0078456152","0.0078456152"
"751","0.0077669492","0.0077669492","0.0077669492"
"752","0.0080523609","0.0080523609","0.0080523609"
"753","0.0071702466","0.0071702466","0.0071702466"
"754","0.0079658101","0.0079658101","0.0079658101"
"755","0.0084703174","0.0084703174","0.0084703174"
"756","0.0077053173","0.0077053173","0.0077053173"
"757","0.0072515684","0.0072515684","0.0072515684"
"758","0.0078428361","0.0078428361","0.0078428361"
"759","0.0079487197","0.0079487197","0.0079487197"
"760","0.0080381843","0.0080381843","0.0080381843"
"761","0.0078618429","0.0078618429","0.0078618429"
"762","0.0082221692","0.0082221692","0.0082221692"
"763","0.0078481703","0.0078481703","0.0078481703"
"764","0.008004685","0.008004685","0.008004685"
"765","0.0083443266","0.0083443266","0.0083443266"
"766","0.0082663177","0.0082663177","0.0082663177"
"767","0.0075087366","0.0075087366","0.0075087366"
"768","0.0072651176","0.0072651176","0.0072651176"
"769","0.0083258107","0.0083258107","0.0083258107"
"770","0.0076820831","0.0076820831","0.0076820831"
"771","0.0078875987","0.0078875987","0.0078875987"
"772","0.0082837314","0.0082837314","0.0082837314"
"773","0.0079998585","0.0079998585","0.0079998585"
"774","0.0080369272","0.0080369272","0.0080369272"
"775","0.0076540692","0.0076540692","0.0076540692"
"776","0.0083274802","0.0083274802","0.0083274802"
"777","0.0077793589","0.0077793589","0.0077793589"
"778","0.0074046853","0.0074046853","0.0074046853"
"779","0.0077277428","0.0077277428","0.0077277428"
"780","0.0079789486","0.0079789486","0.0079789486"
"781","0.0073700944","0.0073700944","0.0073700944"
"782","0.0082987013","0.0082987013","0.0082987013"
"783","0.0078244473","0.0078244473","0.0078244473"
"784","0.0078598065","0.0078598065","0.0078598065"
"785","0.0078235932","0.0078235932","0.0078235932"
"786","0.0080522417","0.0080522417","0.0080522417"
"787","0.0074749408","0.0074749408","0.0074749408"
"788","0.0080242149","0.0080242149","0.0080242149"
"789","0.0075229481","0.0075229481","0.0075229481"
"790","0.0078875957","0.0078875957","0.0078875957"
"791","0.0076083623","0.0076083623","0.0076083623"
"792","0.0078675978","0.0078675978","0.0078675978"
"793","0.0078877548","0.0078877548","0.0078877548"
"794","0.0075777189","0.0075777189","0.0075777189"
"795","0.0078949012","0.0078949012","0.0078949012"
"796","0.0085291163","0.0085291163","0.0085291163"
"797","0.0080278104","0.0080278104","0.0080278104"
"798","0.0083029138","0.0083029138","0.0083029138"
"799","0.0078891892","0.0078891892","0.0078891892"
"800","0.007523255","0.007523255","0.007523255"
"801","0.0077713543","0.0077713543","0.0077713543"
"802","0.008196407","0.008196407","0.008196407"
"803","0.0081013948","0.0081013948","0.0081013948"
"804","0.0075739829","0.0075739829","0.0075739829"
"805","0.0082677667","0.0082677667","0.0082677667"
"806","0.0076232564","0.0076232564","0.0076232564"
"807","0.0082752873","0.0082752873","0.0082752873"
"808","0.0082414297","0.0082414297","0.0082414297"
"809","0.0074203786","0.0074203786","0.0074203786"
"810","0.007983138","0.007983138","0.007983138"
"811","0.0076516631","0.0076516631","0.0076516631"
"812","0.0077784055","0.0077784055","0.0077784055"
"813","0.0075918611","0.0075918611","0.0075918611"
"814","0.0080184487","0.0080184487","0.0080184487"
"815","0.0076583481","0.0076583481","0.0076583481"
"816","0.0080653741","0.0080653741","0.0080653741"
"817","0.0076326274","0.0076326274","0.0076326274"
"818","0.0081909076","0.0081909076","0.0081909076"
"819","0.0077539507","0.0077539507","0.0077539507"
"820","0.0084513239","0.0084513239","0.0084513239"
"821","0.0076173221","0.0076173221","0.0076173221"
"822","0.008172052","0.008172052","0.008172052"
"823","0.0078078672","0.0078078672","0.0078078672"
"824","0.0071609101","0.0071609101","0.0071609101"
"825","0.0079613817","0.0079613817","0.0079613817"
"826","0.0081452717","0.0081452717","0.0081452717"
"827","0.0079999644","0.0079999644","0.0079999644"
"828","0.0082288452","0.0082288452","0.0082288452"
"829","0.0082493559","0.0082493559","0.0082493559"
"830","0.0078721192","0.0078721192","0.0078721192"
"831","0.0076853039","0.0076853039","0.0076853039"
"832","0.0076946745","0.0076946745","0.0076946745"
"833","0.0073442211","0.0073442211","0.0073442211"
"834","0.0079267185","0.0079267185","0.0079267185"
"835","0.0076347976","0.0076347976","0.0076347976"
"836","0.0078530066","0.0078530066","0.0078530066"
"837","0.0077505946","0.0077505946","0.0077505946"
"838","0.0081238506","0.0081238506","0.0081238506"
"839","0.0084727421","0.0084727421","0.0084727421"
"840","0.0080408777","0.0080408777","0.0080408777"
"841","0.0078333446","0.0078333446","0.0078333446"
"842","0.0079059515","0.0079059515","0.0079059515"
"843","0.0077664641","0.0077664641","0.0077664641"
"844","0.0079070863","0.0079070863","0.0079070863"
"845","0.0087012879","0.0087012879","0.0087012879"
"846","0.0076942415","0.0076942415","0.0076942415"
"847","0.0081175976","0.0081175976","0.0081175976"
"848","0.0073567849","0.0073567849","0.0073567849"
"849","0.0082583608","0.0082583608","0.0082583608"
"850","0.0076804418","0.0076804418","0.0076804418"
"851","0.0086132105","0.0086132105","0.0086132105"
"852","0.0077326419","0.0077326419","0.0077326419"
"853","0.0078580472","0.0078580472","0.0078580472"
"854","0.0078985971","0.0078985971","0.0078985971"
"855","0.0080651343","0.0080651343","0.0080651343"
"856","0.0079363548","0.0079363548","0.0079363548"
"857","0.0075599162","0.0075599162","0.0075599162"
"858","0.0078964206","0.0078964206","0.0078964206"
"859","0.0080212248","0.0080212248","0.0080212248"
"860","0.0077017148","0.0077017148","0.0077017148"
"861","0.0073272806","0.0073272806","0.0073272806"
"862","0.0087826067","0.0087826067","0.0087826067"
"863","0.0080143538","0.0080143538","0.0080143538"
"864","0.0079223818","0.0079223818","0.0079223818"
"865","0.0074345152","0.0074345152","0.0074345152"
"866","0.008115072","0.008115072","0.008115072"
"867","0.0089209422","0.0089209422","0.0089209422"
"868","0.0075994331","0.0075994331","0.0075994331"
"869","0.0082000817","0.0082000817","0.0082000817"
"870","0.0077917144","0.0077917144","0.0077917144"
"871","0.0077579593","0.0077579593","0.0077579593"
"872","0.0075642551","0.0075642551","0.0075642551"
"873","0.0079373728","0.0079373728","0.0079373728"
"874","0.0078900399","0.0078900399","0.0078900399"
"875","0.0083864959","0.0083864959","0.0083864959"
"876","0.0079116366","0.0079116366","0.0079116366"
"877","0.0077051354","0.0077051354","0.0077051354"
"878","0.0077317635","0.0077317635","0.0077317635"
"879","0.0080174112","0.0080174112","0.0080174112"
"880","0.0082453513","0.0082453513","0.0082453513"
"881","0.0076724343","0.0076724343","0.0076724343"
"882","0.0082493061","0.0082493061","0.0082493061"
"883","0.0087896476","0.0087896476","0.0087896476"
"884","0.0075370989","0.0075370989","0.0075370989"
"885","0.0074047489","0.0074047489","0.0074047489"
"886","0.0083692775","0.0083692775","0.0083692775"
"887","0.0083209704","0.0083209704","0.0083209704"
"888","0.0078419821","0.0078419821","0.0078419821"
"889","0.0078220838","0.0078220838","0.0078220838"
"890","0.0081251647","0.0081251647","0.0081251647"
"891","0.0091749514","0.0091749514","0.0091749514"
"892","0.0074843316","0.0074843316","0.0074843316"
"893","0.0078274714","0.0078274714","0.0078274714"
"894","0.0072119733","0.0072119733","0.0072119733"
"895","0.0076404783","0.0076404783","0.0076404783"
"896","0.0081864524","0.0081864524","0.0081864524"
"897","0.0080550776","0.0080550776","0.0080550776"
"898","0.0081030328","0.0081030328","0.0081030328"
"899","0.0079798509","0.0079798509","0.0079798509"
"900","0.0075607494","0.0075607494","0.0075607494"
"901","0.0080621891","0.0080621891","0.0080621891"
"902","0.0075477125","0.0075477125","0.0075477125"
"903","0.0079301544","0.0079301544","0.0079301544"
"904","0.0075121047","0.0075121047","0.0075121047"
"905","0.0075750322","0.0075750322","0.0075750322"
"906","0.0079736867","0.0079736867","0.0079736867"
"907","0.0081897329","0.0081897329","0.0081897329"
"908","0.0080534029","0.0080534029","0.0080534029"
"909","0.007685257","0.007685257","0.007685257"
"910","0.0080381876","0.0080381876","0.0080381876"
"911","0.0077916816","0.0077916816","0.0077916816"
"912","0.0080537777","0.0080537777","0.0080537777"
"913","0.0076672475","0.0076672475","0.0076672475"
"914","0.0082625571","0.0082625571","0.0082625571"
"915","0.0076308924","0.0076308924","0.0076308924"
"916","0.008117548","0.008117548","0.008117548"
"917","0.0079969366","0.0079969366","0.0079969366"
"918","0.0080741667","0.0080741667","0.0080741667"
"919","0.0072228799","0.0072228799","0.0072228799"
"920","0.0079523255","0.0079523255","0.0079523255"
"921","0.0075890916","0.0075890916","0.0075890916"
"922","0.0083100941","0.0083100941","0.0083100941"
"923","0.0078573336","0.0078573336","0.0078573336"
"924","0.0075244676","0.0075244676","0.0075244676"
"925","0.0080686355","0.0080686355","0.0080686355"
"926","0.00798665","0.00798665","0.00798665"
"927","0.0077379563","0.0077379563","0.0077379563"
"928","0.0079245931","0.0079245931","0.0079245931"
"929","0.0077612108","0.0077612108","0.0077612108"
"930","0.0080648425","0.0080648425","0.0080648425"
"931","0.0076338892","0.0076338892","0.0076338892"
"932","0.0081864863","0.0081864863","0.0081864863"
"933","0.008023005","0.008023005","0.008023005"
"934","0.0079868211","0.0079868211","0.0079868211"
"935","0.0076666023","0.0076666023","0.0076666023"
"936","0.0084647554","0.0084647554","0.0084647554"
"937","0.0077098132","0.0077098132","0.0077098132"
"938","0.0080928349","0.0080928349","0.0080928349"
"939","0.007804033","0.007804033","0.007804033"
"940","0.0078502426","0.0078502426","0.0078502426"
"941","0.0076134077","0.0076134077","0.0076134077"
"942","0.0080490188","0.0080490188","0.0080490188"
"943","0.0079568815","0.0079568815","0.0079568815"
"944","0.0077289819","0.0077289819","0.0077289819"
"945","0.0078195893","0.0078195893","0.0078195893"
"946","0.0077987325","0.0077987325","0.0077987325"
"947","0.0071762263","0.0071762263","0.0071762263"
"948","0.0077430545","0.0077430545","0.0077430545"
"949","0.0079493351","0.0079493351","0.0079493351"
"950","0.0078367786","0.0078367786","0.0078367786"
"951","0.0081875541","0.0081875541","0.0081875541"
"952","0.0080082023","0.0080082023","0.0080082023"
"953","0.008164759","0.008164759","0.008164759"
"954","0.0077074836","0.0077074836","0.0077074836"
"955","0.0086762194","0.0086762194","0.0086762194"
"956","0.0076361993","0.0076361993","0.0076361993"
"957","0.0083273245","0.0083273245","0.0083273245"
"958","0.0073902184","0.0073902184","0.0073902184"
"959","0.0079859634","0.0079859634","0.0079859634"
"960","0.0079245405","0.0079245405","0.0079245405"
"961","0.0073302092","0.0073302092","0.0073302092"
"962","0.0076922672","0.0076922672","0.0076922672"
"963","0.0079499134","0.0079499134","0.0079499134"
"964","0.0077704152","0.0077704152","0.0077704152"
"965","0.0079593797","0.0079593797","0.0079593797"
"966","0.0075121343","0.0075121343","0.0075121343"
"967","0.0079346654","0.0079346654","0.0079346654"
"968","0.0080569978","0.0080569978","0.0080569978"
"969","0.0081797371","0.0081797371","0.0081797371"
"970","0.0079248282","0.0079248282","0.0079248282"
"971","0.0080921867","0.0080921867","0.0080921867"
"972","0.0077426129","0.0077426129","0.0077426129"
"973","0.0078831816","0.0078831816","0.0078831816"
"974","0.0085910518","0.0085910518","0.0085910518"
"975","0.0082807602","0.0082807602","0.0082807602"
"976","0.0079837977","0.0079837977","0.0079837977"
"977","0.0081231341","0.0081231341","0.0081231341"
"978","0.0080189257","0.0080189257","0.0080189257"
"979","0.0082120245","0.0082120245","0.0082120245"
"980","0.0079595969","0.0079595969","0.0079595969"
"981","0.0077472169","0.0077472169","0.0077472169"
"982","0.0076929817","0.0076929817","0.0076929817"
"983","0.0078584474","0.0078584474","0.0078584474"
"984","0.0077705272","0.0077705272","0.0077705272"
"985","0.0078999628","0.0078999628","0.0078999628"
"986","0.0080321247","0.0080321247","0.0080321247"
"987","0.0075871013","0.0075871013","0.0075871013"
"988","0.0080070912","0.0080070912","0.0080070912"
"989","0.0083025628","0.0083025628","0.0083025628"
"990","0.007703018","0.007703018","0.007703018"
"991","0.0079618411","0.0079618411","0.0079618411"
"992","0.0081324307","0.0081324307","0.0081324307"
"993","0.0078661982","0.0078661982","0.0078661982"
"994","0.0082632816","0.0082632816","0.0082632816"
"995","0.0076679761","0.0076679761","0.0076679761"
"996","0.0084018967","0.0084018967","0.0084018967"
"997","0.0082774887","0.0082774887","0.0082774887"
"998","0.0077605302","0.0077605302","0.0077605302"
"999","0.0077910364","0.0077910364","0.0077910364"