,idle_time,round_time,return_train,episode_length_train,_runtime,return_test,training_step_duration,loss_critic,memory_len,loss_actor,sampling_duration,_timestamp,episode_length_test,_step
0,94.9289023876,103.055631876,0.0,81,982.4387519359589,0,0.0246752179,5.3084557873,1063,7.2137853718,0.0158105814,1716591876.649806,0,0
1,0.0,7.1440598965,0.0,81,982.4402606487274,0,0.0205532789,1.473031626,1145,6.9990800142,0.0150768566,1716591876.6513147,0,2
2,0.0,7.6920077801,1.2499999721,94,982.4412689208984,0,0.0219494057,1.2298658532,1322,7.4159057307,0.0164283693,1716591876.652323,0,4
3,0.0,7.6336028576,1.0199999772,119,982.4422750473022,0,0.0216957808,1.0573034674,1442,7.6695881748,0.0163795781,1716591876.6533291,0,5
4,0.0,7.8829801083,1.3099999726,83,982.4422750473022,0,0.0219893444,0.9253707163,1526,7.8671008492,0.0173453832,1716591876.6533291,0,6
5,0.0,8.5126228333,6.4499998819,326,982.4442751407623,0,0.0241987872,1.0599531342,2243,8.960382247,0.0182587063,1716591876.6553292,0,11
6,0.0,9.4764313698,6.4499998819,326,982.4442751407623,0,0.0271770823,0.8024154459,2243,8.9718404913,0.0200895345,1716591876.6553292,0,12
7,0.0,9.2097620964,2.6999999397,173,982.4452748298645,0,0.0262217498,0.8461802997,2417,9.2091236687,0.0197335339,1716591876.656329,0,13
8,0.0,8.759305954,2.6999999397,173,982.4462752342224,0,0.0250871003,0.6555692613,2417,9.3178027582,0.0186031783,1716591876.6573293,0,16
9,0.0,10.0013964176,12.3499998897,333,982.4482748508453,0,0.028382504,0.6708778454,3651,9.3102336025,0.021501801,1716591876.659329,0,20
10,0.0,9.7549829483,9.1099998951,268,982.4497814178467,0,0.0274507415,0.766538921,4414,9.7838134813,0.0212389755,1716591876.6608355,0,24
11,0.0,9.487937212,9.1099998951,268,982.4497814178467,0,0.0271646607,0.6501841819,4414,9.8415941715,0.0201729083,1716591876.6608355,0,25
12,0.0,9.9620056152,18.0299999248,333,982.450790643692,0,0.0283241296,0.634231227,4748,10.1460163784,0.0213015521,1716591876.6618447,0,27
13,0.0,9.8547067642,0.1199999973,93,982.4537990093231,0,0.0280960381,0.6694592485,6342,10.7039964533,0.0210965168,1716591876.664853,0,36
14,0.0,9.390942812,0.0,81,982.454797744751,0,0.0269670022,0.6528636762,6424,10.6125761747,0.0198853731,1716591876.6658518,0,37
15,0.0,8.938863039,0.0,81,982.4558029174805,0,0.0264096856,0.6537746434,6670,10.4943659925,0.0181843793,1716591876.666857,0,39
16,0.0,7.3425219059,2.9799999781,149,982.457798242569,0,0.021053865,0.8825764151,7148,10.1738699627,0.0155756569,1716591876.6688523,0,43
17,0.0,7.3903961182,0.0,81,982.457798242569,0,0.0214181983,0.6355302241,7230,10.0475049353,0.0154661,1716591876.6688523,0,44
18,0.0,10.3601539135,0.0,81,982.4587969779968,0,0.0253439319,0.8454015929,7476,9.811235652,0.026363982,1716591876.669851,0,46
19,0.0,8.7125592232,0.0,81,982.4613099098206,0,0.0246190417,0.8830691801,8050,9.5345157862,0.0188464177,1716591876.672364,0,51
20,0.0,8.0583300591,0.0,81,982.4613099098206,0,0.0234713173,0.8445127273,8132,9.4601861143,0.016735183,1716591876.672364,0,52
21,0.0,8.2483885288,0.0,81,982.4623095989227,0,0.0235668135,0.8529512262,8214,9.4159939814,0.0175398707,1716591876.6733637,0,53
22,0.0,8.3801386356,0.0,81,982.4633159637451,0,0.024241066,0.8890488443,8542,9.2597606182,0.0175669122,1716591876.67437,0,56
23,0.0,8.1835956573,0.0,81,982.4643177986145,0,0.0234377146,0.7923304047,8788,9.0837828827,0.0173806763,1716591876.675372,0,58
24,0.0,9.2909767628,0.0,81,982.4653182029724,0,0.0261893594,0.6910789706,9034,8.986078124,0.0201223147,1716591876.6763723,0,60
25,0.0,8.0373032093,0.0,81,982.466317653656,0,0.0233208227,0.7070939058,9116,8.9134728193,0.0167729914,1716591876.6773717,0,61
26,0.0,8.4951653481,0.0,81,982.466317653656,0,0.0244212413,0.7059340636,9362,8.8012712812,0.0179544461,1716591876.6773717,0,63
27,0.0,8.6369483471,0.0,81,982.4673173427582,0,0.0248170757,0.690787624,9526,8.7085182858,0.0182799435,1716591876.6783714,0,65
28,0.0,8.3413660526,0.0,81,982.4683153629303,0,0.0238774621,0.6490105776,9772,8.5824789667,0.0177618027,1716591876.6793694,0,67
29,0.0,8.4993786812,0.0,81,982.4683153629303,0,0.0244666028,0.6599856739,9854,8.5231780076,0.0179376638,1716591876.6793694,0,68
30,0.0,8.889605999,0.0,81,982.469822883606,0,0.0254432428,0.7166493426,10118,8.463325994,0.0189117897,1716591876.680877,0,70
31,0.0,8.5564706326,0.0,81,982.4708325862885,0,0.0244624257,0.6244604948,10200,8.4147185278,0.0181971681,1716591876.6818867,0,71
32,0.0,8.4537501335,0.0,81,982.4728319644928,0,0.0241378856,0.6224682872,10692,8.1658319092,0.0180116475,1716591876.683886,0,75
33,0.0,8.674321413,0.0,81,982.4728319644928,0,0.0246551561,0.6345994791,10856,8.1485999393,0.0185987175,1716591876.683886,0,76
34,0.0,8.3829772472,0.0199999996,81,982.473840713501,0,0.0235304034,0.6006779355,11020,8.0370796967,0.018281225,1716591876.6848948,0,78
35,0.0,8.1615152359,0.0199999996,81,982.4748387336731,0,0.0234934497,0.5850238279,11266,7.927836194,0.0172340274,1716591876.6858928,0,80
36,0.0,8.2753415108,0.0,81,982.4748387336731,0,0.0238554084,0.6160313517,11348,7.8711053085,0.0174105346,1716591876.6858928,0,81
37,0.0,8.6658537388,0.0,81,982.4748387336731,0,0.0244993091,0.6199449824,11512,7.802229836,0.018709687,1716591876.6858928,0,82
38,0.0,8.6807217598,0.0,81,982.4768404960632,0,0.0249687457,0.570957056,11922,7.547718401,0.0183346152,1716591876.6878946,0,86
39,0.0,8.3171694279,0.0,81,982.4778399467468,0,0.0237237155,0.5522019692,12004,7.5285757685,0.0177598774,1716591876.688894,0,87
40,0.0,8.2489783764,0.0,81,982.4788398742676,0,0.0235907853,0.622648337,12250,7.4219686437,0.0175840735,1716591876.689894,0,89
41,0.0,8.4154698849,0.0,81,982.4803466796875,0,0.024334408,0.56796715,12578,7.2197693205,0.0176628399,1716591876.6914008,0,92
42,0.0,8.444719553,0.0,81,982.4803466796875,0,0.0241858411,0.5547378851,12660,7.1797441959,0.017934866,1716591876.6914008,0,93
43,0.0,8.7196578979,0.0,81,982.4803466796875,0,0.0250156021,0.5302405153,12824,7.0808867502,0.0184899628,1716591876.6914008,0,94
44,0.0,8.463408947,0.0,81,982.4813549518585,0,0.0243908346,0.5272950235,12906,6.9966706586,0.0178460824,1716591876.692409,0,95
45,0.0,8.2805738449,0.0099999998,81,982.4813549518585,0,0.0235652411,0.4965524331,12988,6.9780438805,0.0177374148,1716591876.692409,0,96
46,0.0,10.3460178375,0.0,81,982.482353925705,0,0.025352757,0.5013268201,13316,6.808465457,0.0262745833,1716591876.693408,0,99
47,0.0,8.4407911301,0.0,81,1848.2392315864563,0,0.0240257835,0.4904244975,13562,6.6726042771,0.0180680203,1716592742.4502857,0,101
48,0.0,8.2213056087,0.0,81,1848.2392315864563,0,0.0236857677,0.4640495892,13808,6.5624642372,0.0173232245,1716592742.4502857,0,103
49,0.0010027885,9.2058777809,0.0,81,1848.2402312755585,0,0.0257800019,0.4296140393,14054,6.4137416983,0.0201362753,1716592742.4512854,0,105
50,0.0,10.2979416847,0.0,81,1848.2418224811554,0,0.0252446663,0.429318144,14218,6.3192797041,0.0261680555,1716592742.4528766,0,107
51,0.0,8.3559098244,0.0,81,1848.2427487373352,0,0.0241889668,0.4327019431,14382,6.2731390977,0.0174852836,1716592742.4538028,0,108
52,0.0,8.5554106236,0.0,81,1848.2427487373352,0,0.0243039155,0.4286115822,14546,6.1953953576,0.0183829558,1716592742.4538028,0,109
53,0.0,8.667090416,0.0,81,1848.2437498569489,0,0.024666208,0.3874480642,14874,5.9947011638,0.0185791194,1716592742.454804,0,112
54,0.0,8.3986802101,0.0,81,1848.2457597255707,0,0.0240143776,0.3733582836,15284,5.7448374462,0.0178905153,1716592742.4568138,0,116
55,0.0,8.3094782829,0.0,81,1848.24675822258,0,0.0237492168,0.371955976,15366,5.6894579816,0.0176880074,1716592742.4578123,0,117
56,0.0,8.5580585003,0.0,81,1848.24675822258,0,0.0244659507,0.3572875563,15530,5.5980404687,0.0182241428,1716592742.4578123,0,118
57,0.0,8.4184045792,0.0,81,1848.2477569580078,0,0.0238911819,0.3592818473,15612,5.5674637508,0.0181229079,1716592742.458811,0,119
58,0.0,8.7166728973,0.0,81,1848.2487580776215,0,0.0249435735,0.3355203476,15940,5.3573998594,0.0185572195,1716592742.4598122,0,122
59,0.0,8.3335227966,0.0,81,1848.249760389328,0,0.0238312829,0.2979708269,16268,5.1572427654,0.0177561271,1716592742.4608145,0,125
60,0.0,8.1932287216,0.0,81,1848.2507572174072,0,0.0234243381,0.2977891755,16350,5.1052236819,0.0174491704,1716592742.4618113,0,126
61,0.0,8.4912042618,0.0,81,1848.2517590522766,0,0.02410267,0.2913742624,16596,4.9832631159,0.0182732332,1716592742.4628131,0,128
62,0.0,8.8034827709,0.0,81,1848.2517590522766,0,0.0250768137,0.2781095389,16842,4.8622796607,0.0188359845,1716592742.4628131,0,130
63,0.0,8.5463318825,0.0,81,1848.2537860870361,0,0.0243481922,0.2762785186,17252,4.6491885614,0.0183082461,1716592742.4648402,0,134
64,0.0,8.4026350975,0.0,81,1848.2537860870361,0,0.024259578,0.2641049849,17334,4.5953918219,0.0176559889,1716592742.4648402,0,135
65,0.0,8.4099891186,0.0,81,1848.2547914981842,0,0.0238961554,0.246678396,17580,4.4687030315,0.0180721986,1716592742.4658456,0,137
66,0.0,8.4987335205,0.0,81,1848.255786895752,0,0.0239363718,0.2383743615,17662,4.4327330112,0.0184047043,1716592742.466841,0,138
67,0.0,8.2028579712,0.0,81,1848.255786895752,0,0.0235559297,0.242741782,17908,4.3175941539,0.0173556924,1716592742.466841,0,140
68,0.0,8.7029154301,0.0,81,1848.2567899227142,0,0.0247283292,0.2328028963,17990,4.277689811,0.0186817861,1716592742.467844,0,141
69,0.0,8.7440807819,0.0,81,1848.2577879428864,0,0.0249848533,0.226592172,18236,4.1760020864,0.0186378479,1716592742.468842,0,143
70,0.0,8.6905016899,0.0,81,1848.2587871551514,0,0.024633981,0.2259149084,18400,4.1143975925,0.0186867893,1716592742.4698412,0,144
71,0.0,8.7305169106,0.0399999991,81,1848.260788679123,0,0.0250528657,0.2020584434,18892,3.8985505247,0.0184921336,1716592742.4718428,0,149
72,0.0,8.6507658958,0.0,81,1848.260788679123,0,0.0248022568,0.1995744552,19056,3.8445053971,0.018368969,1716592742.4718428,0,150
73,0.0,8.4537923336,0.0,81,1848.261786699295,0,0.0239982462,0.190363475,19138,3.7984324813,0.018198092,1716592742.4728408,0,151
74,0.0,8.6120154858,0.0,81,1848.263320684433,0,0.0242193401,0.1828771875,19712,3.5781625283,0.0187681222,1716592742.4743748,0,156
75,0.0,8.1875946522,0.0,81,1848.2643196582794,0,0.0235507023,0.1709087244,19794,3.5435098875,0.0172745287,1716592742.4753737,0,157
76,0.0,8.5253248215,0.0,81,1848.2653205394745,0,0.0242099941,0.1681767095,20040,3.4707088923,0.0183253562,1716592742.4763746,0,159
77,0.0,8.709048748,0.0,81,1848.2653205394745,0,0.0246974981,0.1666245366,20286,3.379554956,0.0187383711,1716592742.4763746,0,161
78,0.0,8.8007438183,0.0,81,1848.2673246860504,0,0.0251459527,0.1594986561,20614,3.2788897908,0.0187725115,1716592742.4783788,0,164
79,0.0,9.6168015003,0.0,81,1848.2673246860504,0,0.0248114073,0.1477592859,20696,3.2364581728,0.0231974399,1716592742.4783788,0,165
80,0.0,8.1909942627,0.0,81,1848.2683203220367,0,0.0233870828,0.1506943638,20942,3.1568766594,0.0175002778,1716592742.4793744,0,167
81,0.0,8.7248573303,0.0,81,1848.2683203220367,0,0.0245182896,0.1474652292,21024,3.1289522016,0.0189778447,1716592742.4793744,0,168
82,0.0,8.170125246,0.0,81,1848.269324541092,0,0.0232240462,0.1487493005,21270,3.0555296147,0.0175281203,1716592742.4803786,0,170
83,0.0,9.5890474319,0.0,81,1848.2703244686127,0,0.0265506172,0.1312705472,21762,2.924415499,0.0212750578,1716592742.4813786,0,174
84,0.0,8.5367405415,0.0,81,1848.2718336582184,0,0.0241222513,0.1330799428,21926,2.8597577202,0.0184455931,1716592742.4828877,0,176
85,0.0,8.9295108318,0.0,81,1848.2728435993195,0,0.0251667595,0.1277393293,22090,2.809749186,0.0193526769,1716592742.4838977,0,177
86,0.0,8.319829464,0.0,81,1848.273844242096,0,0.0237119889,0.1279064367,22172,2.800173068,0.0178045976,1716592742.4848983,0,178
87,0.0,8.9442567825,0.0,81,1848.273844242096,0,0.0254655194,0.122467043,22254,2.7667925572,0.0191656137,1716592742.4848983,0,179
88,0.0,8.860806942,0.0,81,1848.2748534679413,0,0.0250000679,0.1246541617,22418,2.7216731763,0.0192361784,1716592742.4859076,0,180
89,0.0,8.2224473953,0.0,81,1848.2748534679413,0,0.0232681942,0.1185373192,22500,2.7015811193,0.0177538288,1716592742.4859076,0,181
90,0.0,8.7696127892,0.0,81,1848.2758526802063,0,0.0243945372,0.1125734192,22746,2.6427427936,0.0193909335,1716592742.4869068,0,183
91,0.0,8.7908895016,0.0199999996,81,1848.2768549919128,0,0.0248343265,0.1121270533,22992,2.5887154341,0.0190124249,1716592742.487909,0,185
92,0.0,8.5902080536,0.0,81,1848.2768549919128,0,0.0245507979,0.1083848322,23074,2.5574679375,0.0183197021,1716592742.487909,0,186
93,0.0,8.5741057396,0.0,81,1848.2778537273407,0,0.0242412889,0.1083803895,23156,2.5366504169,0.0185105884,1716592742.4889078,0,187
94,0.0,8.2223396301,0.0,81,1848.2778537273407,0,0.0233354294,0.1021326587,23402,2.4690460145,0.017688669,1716592742.4889078,0,189
95,0.0,9.1031672955,0.0,81,1848.2798545360565,0,0.0256748235,0.0963830805,23812,2.3531522095,0.0197508657,1716592742.4909086,0,193
96,0.0,8.5401799679,0.0,81,1848.2808530330658,0,0.0240760815,0.0974331508,23976,2.329647007,0.0185446751,1716592742.4919071,0,194
97,0.0,8.7816371918,0.0,81,1848.2818522453308,0,0.0248517764,0.09969126,24222,2.2853890276,0.018953656,1716592742.4929063,0,196
98,0.0,8.4704325199,0.0,81,1848.28235912323,0,0.024098171,0.091418704,24386,2.2324565411,0.0181613946,1716592742.4934132,0,198
99,0.0,8.9483578205,0.0,81,1848.28235912323,0,0.0253016686,0.0886878041,24550,2.2115755582,0.0193189442,1716592742.4934132,0,199
100,0.0,8.4639313221,0.0499999989,81,2759.657614469528,0,0.0237287772,0.0854814879,24632,2.186954307,0.0184806323,1716593653.8686686,0,200
101,0.0,8.9015138149,0.0,81,2759.657614469528,0,0.0252191865,0.0853528706,24714,2.1588405091,0.0191830814,1716593653.8686686,0,201
102,0.0,8.5628955364,0.0,81,2759.657614469528,0,0.0242844963,0.0905724824,24878,2.1461641628,0.0184522617,1716593653.8686686,0,202
103,0.0,10.3043663502,0.0,81,2759.6606121063232,0,0.0287065518,0.0806992728,25534,2.0179561526,0.0227149177,1716593653.8716662,0,208
104,0.0,13.1326341629,0.0,81,2759.6616117954254,0,0.0311062348,0.0765030301,26190,1.9127996457,0.0344405365,1716593653.872666,0,213
105,0.0,10.190980196,0.0,81,2759.664126396179,0,0.0286425805,0.0720496161,26600,1.85359173,0.0222046578,1716593653.8751805,0,216
106,0.0,9.872344017,0.0,81,2759.664126396179,0,0.0273225617,0.0700285156,26928,1.8078623825,0.0219313145,1716593653.8751805,0,218
107,0.0,10.3111021519,0.0299999993,81,2759.664126396179,0,0.0286619782,0.0707226171,27010,1.7881524849,0.0227782595,1716593653.8751805,0,219
108,0.0,9.0535204411,0.0,81,2759.665450811386,0,0.0255912566,0.0643167733,27174,1.7740379965,0.0195711768,1716593653.876505,0,220
109,0.0,9.7149062157,0.0,81,2759.665450811386,0,0.0274926364,0.0665816375,27256,1.752228753,0.0209903872,1716593653.876505,0,221
110,0.0,9.2790999413,0.0,81,2759.665450811386,0,0.0257986808,0.0652293147,27420,1.7414054054,0.0205166554,1716593653.876505,0,222
111,0.0,9.6913537979,0.0,81,2759.666450023651,0,0.0267840409,0.0693416566,27502,1.7298996001,0.0215651083,1716593653.877504,0,223
112,0.0,9.1677122116,0.0,81,2759.666450023651,0,0.0259652019,0.0642332176,27666,1.7103297859,0.019798224,1716593653.877504,0,224
113,0.0,9.6145274639,0.0,81,2759.666450023651,0,0.0266780162,0.0619159215,27748,1.6882557684,0.0212893641,1716593653.877504,0,225
114,0.0,8.7549417019,0.0,81,2759.667450428009,0,0.0243947875,0.0593474259,27994,1.6477154797,0.0192922461,1716593653.8785045,0,227
115,0.0,8.7676110268,0.0,81,2759.6684567928314,0,0.0248287153,0.0579287455,28322,1.5892770123,0.0189066458,1716593653.8795109,0,230
116,0.0,8.8199975491,0.0,81,2759.6684567928314,0,0.0248549151,0.0576980329,28486,1.5808805329,0.0191592717,1716593653.8795109,0,231
117,0.0,9.1543776989,0.0,81,2759.669455766678,0,0.0259226024,0.0525287665,28650,1.5443540311,0.0197415054,1716593653.8805099,0,233
118,0.0,8.5308938026,0.0,81,2759.669455766678,0,0.0242188954,0.052980752,28814,1.5281107938,0.0183464789,1716593653.8805099,0,234
119,0.0,8.9512705803,0.0,81,2759.6704602241516,0,0.0254287016,0.0536282181,28896,1.5191459531,0.019212538,1716593653.8815143,0,235
120,0.0,8.7765436172,0.0,81,2759.6714577674866,0,0.0247780466,0.0501350893,29224,1.4657616848,0.0190244591,1716593653.8825119,0,238
121,0.0,10.4859268665,0.0,81,2759.6714577674866,0,0.025334096,0.0504308428,29388,1.4489984661,0.0269853497,1716593653.8825119,0,239
122,0.0,8.5422971249,0.0,81,2759.6724588871,0,0.024309572,0.0490540043,29880,1.3873228186,0.0183416057,1716593653.883513,0,243
123,0.0,8.3208084106,0.0,81,2759.6724588871,0,0.0236107612,0.0472094558,29962,1.3856668991,0.0179005659,1716593653.883513,0,244
124,0.0,9.0541892052,0.0,81,2759.673964738846,0,0.0255056477,0.0480813968,30044,1.360794484,0.0196651411,1716593653.8850188,0,245
125,0.0,8.9855332375,0.0,81,2759.6749715805054,0,0.025399332,0.0483400139,30454,1.3203410047,0.0194331574,1716593653.8860257,0,248
126,0.0,10.1886227131,0.0,81,2759.675972700119,0,0.0283677781,0.0478214639,30864,1.2639198554,0.0224574745,1716593653.8870268,0,252
127,0.0,9.3136806488,0.0,81,2759.6769800186157,0,0.0258357394,0.0413463636,31110,1.2326627195,0.0206200576,1716593653.888034,0,254
128,0.0,8.5955326557,0.0,81,2759.6799812316895,0,0.0241278791,0.0422434864,31684,1.1673685187,0.0187520635,1716593653.8910353,0,259
129,0.0,8.8466625214,0.0,81,2759.680980205536,0,0.0249738383,0.0382407729,31848,1.1485082811,0.0191593754,1716593653.8920343,0,260
130,0.0,8.934927702,0.0,81,2759.681980371475,0,0.0248407412,0.0382810766,32176,1.1136957738,0.0197283304,1716593653.8930345,0,263
131,0.0,8.4462492466,0.0799999982,81,2759.681980371475,0,0.0242581451,0.0391591492,32258,1.1027723005,0.0178904307,1716593653.8930345,0,264
132,0.0,10.1254837513,0.0,81,2759.682982444763,0,0.024618547,0.03784299,32504,1.0789369416,0.0259152091,1716593653.8940365,0,266
133,0.0,10.6231398582,0.0,81,2759.682982444763,0,0.0257088995,0.0353497399,32586,1.0675565669,0.0273116708,1716593653.8940365,0,267
134,0.0,8.5639438629,0.0,81,2759.6839814186096,0,0.023892417,0.0349202532,32750,1.050972949,0.0188271475,1716593653.8950355,0,268
135,0.0,8.6445753574,0.0,81,2759.6851255893707,0,0.0244350874,0.0323653004,33078,1.014572235,0.0186697745,1716593653.8961797,0,271
136,0.0,9.0606575012,0.0,81,2759.6851255893707,0,0.0251413119,0.0338064194,33242,1.0084597135,0.0200439513,1716593653.8961797,0,272
137,0.0,8.8997466564,0.0,81,2759.68612575531,0,0.0251407897,0.0334641394,33324,0.9983641997,0.0192089403,1716593653.8971798,0,273
138,0.0,8.9996054173,0.0,81,2759.68612575531,0,0.0252584195,0.0329807216,33406,0.9810489157,0.0196377361,1716593653.8971798,0,274
139,0.0,9.0514678955,0.0,81,2759.687122821808,0,0.0251906729,0.0323009311,33816,0.9481710896,0.0199439323,1716593653.898177,0,277
140,0.0,8.3550140858,0.0599999987,81,2759.687122821808,0,0.0237637496,0.0319427546,33898,0.9434977186,0.0179337645,1716593653.898177,0,278
141,0.0,8.7632892132,0.0199999996,81,2759.687122821808,0,0.0248994589,0.0329893847,33980,0.9374405673,0.0188142836,1716593653.898177,0,279
142,0.0,8.7323186398,0.0,81,2759.6881301403046,0,0.0247062361,0.0310915395,34144,0.9255935726,0.0188525152,1716593653.8991842,0,280
143,0.0,8.8065223694,0.0,81,2759.6901321411133,0,0.0247118068,0.0291187979,34800,0.8714315519,0.01923316,1716593653.9011862,0,286
144,0.0,8.8584890366,0.0,81,2759.6901321411133,0,0.0249813223,0.0321527211,35046,0.8496192145,0.0192024744,1716593653.9011862,0,288
145,0.0,10.6174337864,0.0,81,2759.692130088806,0,0.0254104209,0.0290849245,35538,0.8084691826,0.0275863552,1716593653.9031842,0,293
146,0.0,8.4514765739,0.0,81,2759.6941301822662,0,0.0237556148,0.0267621333,36030,0.7808030736,0.0184191668,1716593653.9051843,0,297
147,0.0,8.8399796486,0.0099999998,81,2759.6946411132812,0,0.0249728835,0.0273362013,36194,0.7727131537,0.0191217172,1716593653.9056952,0,298
148,0.0,8.4606933594,0.0,81,2759.6946411132812,0,0.0239983344,0.0271934613,36276,0.759836998,0.0182018876,1716593653.9056952,0,299
149,0.0,8.9720804691,0.0,81,3650.4066166877747,0,0.0250740659,0.0284459497,36358,0.7584706551,0.0196468413,1716594544.6176708,0,300
150,0.0,8.599319458,0.0,81,3650.4076256752014,0,0.0243285787,0.0268354582,36522,0.7427336216,0.0185903418,1716594544.6186798,0,301
151,0.0,9.136869669,0.0,81,3650.4086258411407,0,0.0257133603,0.0288375389,36768,0.7313028234,0.0198854196,1716594544.61968,0,303
152,0.0,8.4370172024,0.0,81,3650.409632921219,0,0.0239956856,0.0281852468,36850,0.7298863828,0.0181117296,1716594544.620687,0,304
153,0.0,8.8149385452,0.0399999991,81,3650.409632921219,0,0.0244961953,0.0261928457,36932,0.7191382575,0.0194530761,1716594544.620687,0,305
154,0.0,8.9358854294,0.0,81,3650.410635948181,0,0.0252000868,0.0257422836,37178,0.7096527201,0.0193942547,1716594544.62169,0,307
155,0.0,8.8810250759,0.0399999991,81,3650.410635948181,0,0.0247004104,0.0289724487,37506,0.6855790353,0.0195870817,1716594544.62169,0,310
156,0.0,8.9351551533,0.0,81,3650.411635160446,0,0.0251925492,0.0244236747,37670,0.6752476507,0.0193599045,1716594544.6226892,0,311
157,0.0,8.3464691639,0.0199999996,81,3650.411635160446,0,0.023849045,0.0245248124,37752,0.6673744652,0.0178229105,1716594544.6226892,0,312
158,0.0,8.9405972958,0.0,81,3650.4146344661713,0,0.0249935377,0.0227320958,38572,0.627314502,0.0195887733,1716594544.6256886,0,319
159,0.0,10.4467561245,0.0,81,3650.4146344661713,0,0.025468539,0.0224564616,38736,0.6073616548,0.0266922653,1716594544.6256886,0,321
160,0.0,8.5238685608,0.0,81,3650.4161422252655,0,0.0243315256,0.0234080957,38900,0.6070060062,0.0182051587,1716594544.6271963,0,322
161,0.0,8.5398221016,0.0,81,3650.416323661804,0,0.024392643,0.0223915673,39146,0.5920011823,0.0182289064,1716594544.6273777,0,324
162,0.0,8.9265503883,0.0,81,3650.418150663376,0,0.0251010704,0.022482998,39556,0.5677424093,0.0193964565,1716594544.6292048,0,328
163,0.0,8.3714692593,0.0,81,3650.419150352478,0,0.0237961936,0.0206093531,39802,0.5594969675,0.0179709601,1716594544.6302044,0,330
164,0.0,9.1669151783,0.1499999966,82,3650.420151233673,0,0.0255928302,0.0207194764,39967,0.5570632584,0.0201549852,1716594544.6312053,0,331
165,0.0,8.5822126865,0.0,81,3650.420151233673,0,0.0244661558,0.0203224327,40049,0.5537002854,0.0183620012,1716594544.6312053,0,332
166,0.0,8.9186477661,0.0,81,3650.4211602211,0,0.0252525973,0.0180074036,40295,0.5370083153,0.0191804111,1716594544.6322143,0,334
167,0.0,8.3950841427,0.0,81,3650.4211602211,0,0.0237914681,0.0205915066,40377,0.5312036107,0.0180957687,1716594544.6322143,0,335
168,0.0,8.6609830856,0.0099999998,81,3650.4221601486206,0,0.0247169769,0.0214473219,40459,0.5263567339,0.0184754789,1716594544.6332142,0,336
169,0.0,9.0658419132,0.0199999996,81,3650.4221601486206,0,0.0252314353,0.0203237933,40633,0.5208603813,0.0199921346,1716594544.6332142,0,337
170,0.0,8.4273736477,0.0,81,3650.423159122467,0,0.0239587533,0.0210664176,40715,0.5271637231,0.0181107271,1716594544.6342132,0,338
171,0.0,8.7487418652,0.0,81,3650.423159122467,0,0.0247440422,0.0199234455,40961,0.5024209318,0.0188893688,1716594544.6342132,0,340
172,0.0,8.9267804623,0.0,81,3650.4241585731506,0,0.0250333476,0.0197864293,41043,0.5011441608,0.0194933498,1716594544.6352127,0,341
173,0.0,9.1144347191,0.0,81,3650.426159143448,0,0.0255924189,0.019837129,41565,0.4801153152,0.0198845148,1716594544.6372132,0,345
174,0.0,9.0419166088,0.0099999998,81,3650.4266662597656,0,0.0252307594,0.0200228329,41647,0.4815298624,0.0198887026,1716594544.6377203,0,346
175,0.0,8.9988973141,0.0199999996,81,3650.4276733398438,0,0.0253398108,0.0200237265,42041,0.4585154125,0.0195583737,1716594544.6387274,0,349
176,0.0,8.8622226715,0.0,81,3650.4276733398438,0,0.0250356078,0.0179609444,42123,0.4500339904,0.0191878736,1716594544.6387274,0,350
177,0.0,8.6813373566,0.0199999996,81,3650.428673028946,0,0.0244981217,0.0178788331,42287,0.4422152105,0.0188384485,1716594544.639727,0,352
178,0.0,8.7335994244,0.0099999998,81,3650.430681705475,0,0.0244851875,0.0210066019,42872,0.4365376627,0.0191070235,1716594544.6417358,0,356
179,0.0,8.2849268913,1.2699999716,160,3650.4316816329956,0,0.0236489677,0.0289912748,43033,0.446583824,0.0176705039,1716594544.6427357,0,357
180,0.0,10.7585124969,0.0,81,3650.4316816329956,0,0.0292454112,0.0223916096,43115,0.4354963878,0.024376874,1716594544.6427357,0,358
181,0.0,8.5001428127,0.2099999953,81,3650.432681798935,0,0.0240244234,0.0209207999,43279,0.4291330786,0.0183833182,1716594544.643736,0,360
182,0.0,9.1787624359,0.0,81,3650.432681798935,0,0.0257377064,0.0284678246,43746,0.4326148365,0.0200957453,1716594544.643736,0,362
183,0.0,8.2871696949,0.1599999964,81,3650.4336791038513,0,0.0237262428,0.0215969479,43828,0.4289388324,0.0176169991,1716594544.6447332,0,363
184,0.0,8.655674696,0.0,81,3650.4346792697906,0,0.024318614,0.0205449516,44156,0.4228851277,0.0188520956,1716594544.6457334,0,366
185,0.0,9.6794803143,0.0,81,3650.4346792697906,0,0.0271345878,0.0202280737,44320,0.4203480873,0.0211595821,1716594544.6457334,0,367
186,0.0,8.9950454235,0.0999999978,81,3650.4361867904663,0,0.02526757,0.0210898415,44402,0.4123173951,0.0195848215,1716594544.6472409,0,369
187,0.0,8.3064000607,1.4599999674,126,3650.4371972084045,0,0.0236710763,0.0273609505,44842,0.4203783242,0.0177244866,1716594544.6482513,0,371
188,0.0,10.2867138386,0.0,81,3650.4381980895996,0,0.0281123698,0.0259635998,45093,0.413387765,0.023236078,1716594544.6492522,0,374
189,0.0,8.6146438122,0.3799999915,81,3650.439197540283,0,0.0244611883,0.0226231158,45355,0.4130251831,0.0184892678,1716594544.6502516,0,376
190,0.0,8.9222416878,0.0699999984,81,3650.440206050873,0,0.0248439515,0.0235453417,45797,0.4052511708,0.0196821427,1716594544.6512601,0,378
191,0.0,9.2135827541,0.7199999839,115,3650.442205429077,0,0.0257719874,0.0235366879,46417,0.4161594476,0.0202082157,1716594544.6532595,0,383
192,0.0,8.9410154819,2.8299999367,154,3650.442205429077,0,0.0252783394,0.0270600444,46572,0.4090609023,0.0193115807,1716594544.6532595,0,384
193,0.0,8.9043822289,0.0799999982,81,3650.444204568863,0,0.0247220266,0.027917347,46998,0.4184668641,0.0196830642,1716594544.6552587,0,387
194,0.0,8.9271790981,0.0099999998,81,3650.445204257965,0,0.025399189,0.0223504996,47326,0.4127831426,0.0191540575,1716594544.6562583,0,390
195,0.0,8.9313311577,1.78999996,120,3650.4487221240997,0,0.0252333403,0.0231081573,48415,0.4168764658,0.0192987239,1716594544.6597762,0,399
196,0.0,9.3059794903,1.4999999665,161,4561.486967563629,0,0.0260963488,0.0272899353,48577,0.4269185564,0.0203283668,1716595455.6980217,0,400
197,0.0,8.9791095257,1.4899999667,88,4561.488473415375,0,0.0248984671,0.0271589178,49068,0.4251853117,0.0199117708,1716595455.6995275,0,403
198,0.0,9.5024840832,1.5899999645,154,4561.489480018616,0,0.0264195299,0.0259749293,49305,0.4255430338,0.0209850657,1716595455.700534,0,405
199,0.0,8.8915052414,0.0099999998,81,4561.491485357285,0,0.0251259959,0.0280098515,50018,0.4325306785,0.0192573857,1716595455.7025394,0,410
200,0.0,8.7877027988,0.3899999913,81,4561.492484331131,0,0.024120388,0.0260416339,50268,0.4311620657,0.0197554374,1716595455.7035384,0,412
201,0.0,8.5775842667,0.0,81,4561.493484020233,0,0.0240714598,0.0256746929,50535,0.4308688883,0.0187138355,1716595455.704538,0,415
202,0.0,10.3330669403,10.2299998458,313,4561.493484020233,0,0.0248014426,0.0258047364,50849,0.4282199502,0.0267862284,1716595455.704538,0,416
203,0.0,9.1536707878,0.2599999942,81,4561.494484424591,0,0.0256404853,0.0256565981,51095,0.4270503305,0.0200276375,1716595455.7055385,0,418
204,0.0,9.3978698254,0.0,81,4561.495482683182,0,0.0261378312,0.0237467056,51177,0.4276779027,0.0207387233,1716595455.7065368,0,419
205,0.0,9.0136198997,3.0499999318,209,4561.495482683182,0,0.0251628828,0.0219164453,51387,0.4276316464,0.0198050094,1716595455.7065368,0,420
206,0.0,8.7878015041,0.0199999996,81,4561.497481107712,0,0.0247302938,0.0239320329,51975,0.4292937182,0.019110955,1716595455.7085352,0,424
207,0.0,9.148696661,2.9199999347,292,4561.498574018478,0,0.0254502285,0.0222191702,52268,0.4265799479,0.0201956117,1716595455.709628,0,426
208,0.0,9.3134317398,0.0,81,4561.499586820602,0,0.0256988657,0.0218086295,52458,0.4236035754,0.0207777643,1716595455.710641,0,428
209,0.0,8.9094128609,0.0,81,4561.499586820602,0,0.0250146472,0.0205207124,52458,0.4192924036,0.0194034445,1716595455.710641,0,429
210,0.0,8.8879497051,0.0,81,4561.499586820602,0,0.024855386,0.0221840666,52458,0.4176462872,0.0195016038,1716595455.710641,0,430
211,0.0,8.7720155716,0.2499999944,97,4561.501596450806,0,0.0247175848,0.0238428817,53283,0.4149900229,0.0190119231,1716595455.7126505,0,433
212,0.0,8.9450352192,0.0499999989,81,4561.503028154373,0,0.0250608838,0.0222108175,53791,0.4163803187,0.0195640886,1716595455.7140822,0,437
213,0.0,9.0610291958,1.0399999768,81,4561.504034757614,0,0.025174005,0.0234130513,54019,0.4164568976,0.0200208032,1716595455.7150888,0,439
214,0.0,8.9361760616,1.4199999683,137,4561.505071640015,0,0.0252822447,0.0265628002,54157,0.4227739175,0.0193027139,1716595455.7161257,0,440
215,0.0,9.7663812637,0.8699999806,97,4561.505071640015,0,0.0271422291,0.0262691897,54255,0.425551551,0.021589309,1716595455.7161257,0,441
216,0.0,9.0490455627,0.0699999984,81,4561.505071640015,0,0.0257859409,0.021912442,54552,0.4150319695,0.0193789351,1716595455.7161257,0,443
217,0.0,9.4304807186,0.0,81,4561.507145166397,0,0.0263717198,0.0210638941,54978,0.4187813421,0.020673033,1716595455.7181993,0,446
218,0.0,9.275452137,1.6199999638,187,4561.507145166397,0,0.0255871856,0.020145329,55166,0.4059693359,0.0207024467,1716595455.7181993,0,448
219,0.0,9.244341135,1.6799999624,135,4561.509098291397,0,0.0259025609,0.0213323307,55618,0.4037273681,0.02022156,1716595455.7201524,0,450
220,0.0,8.7736680508,0.3199999928,81,4561.5101583004,0,0.0244263518,0.0216902848,55988,0.4001266306,0.0193716455,1716595455.7212124,0,453
221,0.0,9.7753682137,0.7899999823,112,4561.511165142059,0,0.0273448586,0.0215484144,56265,0.3992697957,0.0214017832,1716595455.7222192,0,455
222,0.0,8.7632703781,0.7299999837,81,4561.511165142059,0,0.0247532392,0.0210851467,56347,0.4019281684,0.0189708579,1716595455.7222192,0,456
223,0.0,8.5065207481,3.0999999307,282,4561.512207508087,0,0.0240101743,0.023252996,56630,0.4017736973,0.0184372294,1716595455.7232616,0,458
224,0.0,8.9331178665,0.0699999984,81,4561.513218641281,0,0.0249594986,0.0210902031,56876,0.3992124368,0.0196204054,1716595455.7242727,0,460
225,0.0,9.4464020729,0.2199999951,81,4561.514217376709,0,0.0264344847,0.0193311886,57064,0.3834910533,0.0207098722,1716595455.7252715,0,463
226,0.0,8.8273077011,5.8599998932,307,4561.514217376709,0,0.0246964955,0.0205215249,57372,0.3918816653,0.0193295979,1716595455.7252715,0,464
227,0.0,8.8330094814,6.6099999174,293,4561.515216588974,0,0.024980247,0.0201609445,57666,0.38450581,0.0190769923,1716595455.7262707,0,466
228,0.0,8.9712314606,2.1199999526,141,4561.51621556282,0,0.0253033662,0.0214998928,57983,0.3908318467,0.0194275618,1716595455.7272696,0,468
229,0.0,8.766422987,0.0,81,4561.51621556282,0,0.0248130512,0.020431425,58147,0.3866324601,0.0189194477,1716595455.7272696,0,469
230,0.0,8.9960932732,0.0099999998,81,4561.51721572876,0,0.024807694,0.0198708196,58393,0.3784005886,0.0200825953,1716595455.7282698,0,471
231,0.0,8.9455974102,4.2199999057,265,4561.519735097885,0,0.0246825862,0.0197175768,59170,0.3662812901,0.0199355662,1716595455.7307892,0,476
232,0.0,9.639975071,4.2199999057,265,4561.519735097885,0,0.026684233,0.0201215166,59170,0.3644759754,0.0214121497,1716595455.7307892,0,477
233,0.0,8.8445465565,5.0799999442,257,4561.519735097885,0,0.0247842097,0.0191447213,59428,0.3598644586,0.0193333566,1716595455.7307892,0,478
234,0.0,9.6135241985,3.4599999245,256,4561.522736549377,0,0.0267663813,0.0216414384,60162,0.3519540071,0.0212084973,1716595455.7337906,0,483
235,0.0,10.4554708004,0.0,81,4561.525737285614,0,0.0249775255,0.0192498816,61261,0.3396251877,0.0271992195,1716595455.7367914,0,491
236,0.0,10.0827064514,0.0,81,4561.526736736298,0,0.0244518089,0.0191392868,61261,0.328262385,0.0258483815,1716595455.7377908,0,492
237,0.0,8.8022358418,1.1299999747,144,4561.526736736298,0,0.024677242,0.0213123496,61703,0.3393752369,0.0192412889,1716595455.7377908,0,493
238,0.0,9.0131421089,0.089999998,88,4561.527738332748,0,0.0251793063,0.0189655913,61792,0.3311359242,0.0197613156,1716595455.7387924,0,494
239,0.0,8.8025186062,0.0199999996,81,4561.528738021851,0,0.0249176598,0.0186351468,61956,0.3271597514,0.0189904511,1716595455.739792,0,496
240,0.0,8.7500855923,6.0599998962,258,4561.529246807098,0,0.0249118865,0.0188861738,62215,0.3268725687,0.0187387705,1716595455.740301,0,497
241,0.0,8.9677994251,0.1899999958,90,4561.529246807098,0,0.0247669065,0.0189406997,62306,0.3222938489,0.0199793875,1716595455.740301,0,498
242,0.0,8.8079557419,0.0099999998,81,5492.419929742813,0,0.0249028039,0.0190835395,62552,0.3199982396,0.0190518343,1716596386.6309838,0,500
243,0.0,8.9373681545,0.2799999937,81,5492.421432495117,0,0.0249832261,0.0183456554,62817,0.3108497998,0.019543736,1716596386.6324866,0,503
244,0.0,8.8986861706,0.1699999962,81,5492.421432495117,0,0.025222429,0.0174245187,63190,0.3013356739,0.0191674566,1716596386.6324866,0,504
245,0.0,9.5479540825,1.78999996,120,5492.421432495117,0,0.0266351771,0.0188824507,63311,0.2994462521,0.0210144472,1716596386.6324866,0,505
246,0.0,8.8818378448,6.4999998845,350,5492.422441244125,0,0.0247354198,0.0182468886,63757,0.2919415688,0.0195226812,1716596386.6334953,0,508
247,0.0,9.1575708389,6.4999998845,350,5492.422441244125,0,0.0256495357,0.0166464469,63757,0.2924190827,0.0200231886,1716596386.6334953,0,509
248,0.0,9.1506018639,3.1499999315,194,5492.423441648483,0,0.02544963,0.0197098255,64226,0.283575048,0.0201577663,1716596386.6344957,0,511
249,0.0,8.8476788998,0.0,81,5492.423441648483,0,0.0247831655,0.0195592613,64308,0.284510343,0.0193575835,1716596386.6344957,0,512
250,0.0,8.9192707539,3.9199999683,152,5492.423441648483,0,0.025077796,0.0198547456,64461,0.2788290345,0.0194229782,1716596386.6344957,0,513
251,0.0,9.4846000671,2.409999948,164,5492.423441648483,0,0.0265477884,0.0186405339,64626,0.2788672787,0.020777297,1716596386.6344957,0,514
252,0.0,9.0469806194,1.1599999778,96,5492.424440383911,0,0.0249168563,0.0187646493,64723,0.2754340563,0.0201893973,1716596386.6354945,0,516
253,0.0,9.5437889099,1.1599999778,96,5492.424440383911,0,0.0264912796,0.0170301264,64723,0.2700065999,0.0211216629,1716596386.6354945,0,517
254,0.0,8.7718546391,13.6999998391,447,5492.424440383911,0,0.0246507335,0.0176316741,65171,0.2645275508,0.0190857327,1716596386.6354945,0,518
255,0.0,8.9377379417,5.5199999027,323,5492.425945997238,0,0.0250882089,0.0170388032,65495,0.2542668416,0.0195026207,1716596386.637,0,521
256,0.0,9.0279517174,0.0799999982,81,5492.425945997238,0,0.0252407825,0.0161352292,65877,0.2543094506,0.0198086381,1716596386.637,0,522
257,0.0,9.2338991165,2.6099999696,142,5492.425945997238,0,0.0257602692,0.0166894567,66020,0.2505994868,0.0203135157,1716596386.637,0,523
258,0.0,8.6008174419,0.7199999839,126,5492.426953315735,0,0.0241604817,0.0172531264,66147,0.2460660363,0.0187518632,1716596386.6380074,0,524
259,0.0,9.6222183704,0.5099999886,81,5492.427730321884,0,0.0266211486,0.0166682408,66387,0.2429082244,0.0213979125,1716596386.6387844,0,526
260,0.0,8.6247115135,0.2199999951,109,5492.427730321884,0,0.0238545346,0.0159927874,66497,0.2417224642,0.019136374,1716596386.6387844,0,527
261,0.0,8.9181425571,0.2199999951,109,5492.428736448288,0,0.0252552843,0.0163317647,66497,0.2362470684,0.01922647,1716596386.6397905,0,528
262,0.0,8.8864827156,0.0599999987,81,5492.429736852646,0,0.0250876498,0.0167509219,67072,0.2265514267,0.019246732,1716596386.640791,0,532
263,0.0010092258,9.4001224041,1.5399999656,165,5492.430738210678,0,0.0259115016,0.0162409353,67715,0.2145978772,0.0210113394,1716596386.6417923,0,535
264,0.0,9.6602487564,0.0,81,5492.432257175446,0,0.0266411686,0.0170518445,68171,0.2075647112,0.0215497625,1716596386.6433113,0,538
265,0.0010004044,9.3907675743,0.0499999989,81,5492.432257175446,0,0.0261125851,0.0172678381,68253,0.210248537,0.020727911,1716596386.6433113,0,539
266,0.0,9.053178072,0.0499999989,81,5492.433255910873,0,0.0255035222,0.0154497388,68253,0.1999873758,0.0196596825,1716596386.64431,0,540
267,0.0,9.570797205,2.3899999522,115,5492.4342567920685,0,0.0266478372,0.0164253597,69050,0.1795731162,0.0211305547,1716596386.6453109,0,545
268,0.0,9.3253931999,5.5999998972,251,5492.4342567920685,0,0.0260053444,0.0163923261,69302,0.1762797153,0.0205235255,1716596386.6453109,0,546
269,0.0,9.784403801,2.7199999392,216,5492.435258388519,0,0.0271941626,0.0166349379,69726,0.1731450171,0.0216302276,1716596386.6463125,0,549
270,0.0,9.2366058826,0.3099999931,84,5492.436257600784,0,0.0258179045,0.015198782,69811,0.1658416126,0.0202554584,1716596386.6473117,0,551
271,0.0,9.5554418564,14.5799998399,480,5492.436257600784,0,0.0261245573,0.0174803145,70292,0.1587382159,0.0215338755,1716596386.6473117,0,552
272,0.0,8.7470932007,14.5799998399,480,5492.437259197235,0,0.0244791901,0.0165318558,70292,0.1551703267,0.0191736424,1716596386.6483133,0,554
273,0.0,9.0340764523,23.0799998082,651,5492.4382584095,0,0.0253090715,0.0158848245,70944,0.1404404806,0.0197753477,1716596386.6493125,0,556
274,0.0,9.6766042709,23.0799998082,651,5492.4382584095,0,0.02648489,0.015930575,70944,0.1341181996,0.0217905545,1716596386.6493125,0,557
275,0.0,8.8974988461,16.1099998802,348,5492.439257860184,0,0.0250860226,0.016055451,71293,0.1306818556,0.0192803502,1716596386.650312,0,559
276,0.0,8.8322679996,4.429999901,290,5492.439257860184,0,0.0249466145,0.0151194646,71584,0.1275984072,0.0191190326,1716596386.650312,0,560
277,0.0,9.5642564297,0.2499999944,96,5492.439257860184,0,0.0262334466,0.0151864389,71681,0.1188184073,0.0215102482,1716596386.650312,0,561
278,0.0,9.5142366886,1.3499999698,164,5492.439257860184,0,0.0262900794,0.0145006547,71846,0.1180434095,0.0211719668,1716596386.650312,0,562
279,0.0,9.3358535767,1.3499999698,164,5492.4407658576965,0,0.0258536088,0.0158619098,71846,0.1153704187,0.0207380283,1716596386.65182,0,563
280,0.0,9.1197280884,1.3499999698,164,5492.4407658576965,0,0.0256787229,0.0150468158,71846,0.1061717154,0.0198196685,1716596386.65182,0,564
281,0.0,9.1194298267,11.5399997737,567,5492.4407658576965,0,0.0254498875,0.0153833356,72414,0.1090210304,0.0200090301,1716596386.65182,0,565
282,0.0,9.5854198933,2.8599999398,149,5492.4417769908905,0,0.0261430681,0.0158849852,72564,0.1045262422,0.0216710138,1716596386.652831,0,566
283,0.0,8.7526140213,2.8599999398,149,5492.4417769908905,0,0.024396472,0.0147166194,72564,0.1036572742,0.0192512405,1716596386.652831,0,567
284,0.0,9.9633791447,2.8599999398,149,5492.4417769908905,0,0.0276613748,0.0155405907,72564,0.0957956846,0.0220385993,1716596386.652831,0,568
285,0.0,9.0023589134,16.0599998739,365,5492.442775249481,0,0.0251685619,0.0152553903,72930,0.09217268,0.0197529852,1716596386.6538293,0,569
286,0.0,8.8324389458,14.6799998619,318,5492.444789648056,0,0.0248058927,0.0139287714,73249,0.0712951699,0.0192736363,1716596386.6558437,0,573
287,0.0,9.7553107738,21.3799997289,741,5492.444789648056,0,0.0268320286,0.0154432021,73991,0.0640471231,0.0218289208,1716596386.6558437,0,575
288,0.0,9.6070775986,14.2199999299,208,5492.445787191391,0,0.0266794324,0.0146433558,74200,0.0554399213,0.0212733316,1716596386.6568413,0,576
289,0.0,8.2837307453,15.969999956,284,5492.44778418541,0,0.023434763,0.014871542,74871,0.0252180194,0.0178969085,1716596386.6588383,0,581
290,0.0,8.9352180958,15.969999956,284,5492.44778418541,0,0.0254673767,0.0161483509,74871,0.0243042348,0.0191384161,1716596386.6588383,0,582
291,0.0,9.3998658657,1.879999958,130,5492.448783636093,0,0.0258051884,0.0151598119,75465,0.0100791639,0.021102711,1716596386.6598377,0,584
292,0.0,8.8734762669,10.9399998672,364,5492.449789762497,0,0.0249358809,0.0139319925,75830,-0.0024676638,0.0193337965,1716596386.6608438,0,586
293,0.0,9.7899513245,10.9399998672,364,5492.449789762497,0,0.0273342955,0.0144687196,75830,-0.0016946688,0.0215077484,1716596386.6608438,0,587
294,0.0,9.5528974533,15.4899999611,269,5492.450784921646,0,0.0270241535,0.015118826,76100,-0.0181179473,0.0206526721,1716596386.661839,0,590
295,0.0,10.512761116,11.2099997941,585,5492.452301502228,0,0.0250225055,0.0143484359,77085,-0.0357119836,0.0274386704,1716596386.6633556,0,594
296,0.0,9.1226489544,14.5199998729,336,5492.453300714493,0,0.0250135922,0.0150573206,77851,-0.0645057172,0.0204894006,1716596386.6643548,0,598
297,0.0,9.5193912983,14.5199998729,336,5492.453300714493,0,0.0266803849,0.0148730104,77851,-0.0677404014,0.0208089721,1716596386.6643548,0,599
298,0.0,9.6465742588,6.8399999347,246,6452.799209833145,0,0.027125057,0.0141409931,78098,-0.0728869302,0.0209875762,1716597347.010264,0,600
299,0.0,11.2757284641,15.7199999653,302,6452.803209781647,0,0.0268133736,0.0152107584,79710,-0.1320867378,0.0294271219,1716597347.0142639,0,609
300,0.0,11.1853067875,15.7199999653,302,6452.803209781647,0,0.0261999178,0.01472099,79710,-0.1419540336,0.0296213651,1716597347.0142639,0,610
301,0.0,10.4473659992,15.7199999653,302,6452.804511547089,0,0.0248661351,0.0152291652,79710,-0.1424210006,0.0272755766,1716597347.0155656,0,611
302,0.0,9.5964348316,15.7199999653,302,6452.804511547089,0,0.0268158174,0.0151514203,79710,-0.1495486295,0.0210736406,1716597347.0155656,0,612
303,0.0,9.5448858738,27.4399996623,893,6452.804511547089,0,0.0266752982,0.0142595294,80604,-0.1522624862,0.0209036863,1716597347.0155656,0,613
304,0.0,9.8190641403,27.4399996623,893,6452.805511474609,0,0.0270423365,0.014971383,80604,-0.1575907811,0.0219472277,1716597347.0165656,0,614
305,0.0,9.7203404903,27.4399996623,893,6452.805511474609,0,0.0271931803,0.0140170717,80604,-0.1682626199,0.0212707019,1716597347.0165656,0,616
306,0.0,9.5905992985,148.2899997998,665,6452.806512594223,0,0.0264376545,0.0160235657,81270,-0.1951075944,0.0214301848,1716597347.0175667,0,618
307,0.0,9.5234553814,14.2699999344,279,6452.806512594223,0,0.0263087082,0.2431643033,81550,-0.1900689935,0.0211884665,1716597347.0175667,0,619
308,0.0,8.7817120552,14.2699999344,279,6452.806512594223,0,0.0247924292,0.2221969841,81550,-0.1995787242,0.0190121961,1716597347.0175667,0,620
309,0.0,9.584053278,24.919999795,576,6452.808020114899,0,0.0262746239,0.6030105333,82127,-0.2265287566,0.0215278411,1716597347.0190742,0,623
310,0.0,8.8972945213,24.919999795,576,6452.809032440186,0,0.0252121639,0.2115696994,82127,-0.2529155039,0.0191889787,1716597347.0200865,0,625
311,0.0,9.4997491837,15.6899999715,243,6452.811029911041,0,0.0265369296,0.0202958449,83010,-0.2927892386,0.0208641303,1716597347.022084,0,629
312,0.0,9.5629811287,27.469999915,519,6452.812029123306,0,0.0265979075,0.5869854801,83530,-0.310153362,0.0211240065,1716597347.0230832,0,632
313,0.0,8.9904317856,14.5599998198,468,6452.812029123306,0,0.0253748012,0.2145231898,83999,-0.3118318474,0.0194821179,1716597347.0230832,0,633
314,0.0,9.8660736084,14.3799999747,214,6452.81303024292,0,0.0273552024,0.0241215792,84214,-0.3381327056,0.021866734,1716597347.0240843,0,634
315,0.0,9.4892098904,16.409999961,210,6452.813535928726,0,0.0266827083,0.2220049698,84425,-0.3293702901,0.0206556535,1716597347.02459,0,636
316,0.0,9.238193512,7.8699999265,224,6452.814544200897,0,0.025277611,0.0239612117,84650,-0.3453022553,0.0208357644,1716597347.0255983,0,637
317,0.0,9.2637472153,7.8699999265,224,6452.814544200897,0,0.0258232582,0.3978348367,84650,-0.3417004087,0.0204006064,1716597347.0255983,0,638
318,0.0,8.7776622772,13.9799999166,341,6452.815544366837,0,0.024559449,0.2082844968,84992,-0.3502769121,0.0192103589,1716597347.0265985,0,639
319,0.0,9.8613276482,17.5499999765,183,6452.816546201706,0,0.0269226873,0.0335391225,85176,-0.3667742469,0.0222587717,1716597347.0276003,0,641
320,0.0,9.1168253422,17.5499999765,183,6452.816546201706,0,0.0253298771,0.0259581568,85176,-0.3893426129,0.0201766348,1716597347.0276003,0,642
321,0.0,9.1847243309,17.5499999765,183,6452.816546201706,0,0.0259522307,0.0240333392,85176,-0.3922591206,0.0198686624,1716597347.0276003,0,643
322,0.0,9.3904879093,148.2899997961,660,6452.81755566597,0,0.0261535275,0.1996104309,85837,-0.4160155828,0.020693785,1716597347.0286098,0,644
323,0.0,9.2328884602,148.2899997961,660,6452.818555116653,0,0.0259124017,0.2121561213,85837,-0.4159963071,0.0201444268,1716597347.0296092,0,647
324,0.0,10.4486329556,148.2899997383,875,6452.820556879044,0,0.028490665,0.4100101708,86713,-0.4569506342,0.0236246598,1716597347.031611,0,650
325,0.0,9.8920676708,14.7200000286,180,6452.821555376053,0,0.027283746,0.2095861103,87486,-0.5239176641,0.0220738995,1716597347.0326095,0,654
326,0.0,8.9635512829,16.6799999289,162,6452.821555376053,0,0.0250870097,0.4123447631,87649,-0.522904786,0.0196250296,1716597347.0326095,0,655
327,0.0,8.891657114,16.6799999289,162,6452.823063850403,0,0.0251076019,1.1026530968,87649,-0.5407101104,0.0192554545,1716597347.034118,0,656
328,0.0,8.8310339451,16.4999999292,224,6452.823615312576,0,0.0247694397,0.3849695241,88186,-0.5633067185,0.0192827439,1716597347.0346694,0,658
329,0.0,9.1834425926,16.4999999292,224,6452.823615312576,0,0.0253703618,1.1123058602,88186,-0.5667627259,0.0204209423,1716597347.0346694,0,659
330,0.0,8.9803991318,7.8000000268,149,6452.825658559799,0,0.0250386393,0.7241300582,88578,-0.6050217441,0.0197781658,1716597347.0367126,0,662
331,0.0,8.8878734112,7.8000000268,149,6452.825658559799,0,0.0251283526,0.8865362618,88578,-0.6036996321,0.0191531515,1716597347.0367126,0,663
332,0.0,9.7329552174,45.0699999444,601,6452.826694965363,0,0.0268454432,0.3928040521,89180,-0.6289660703,0.0217139423,1716597347.037749,0,664
333,0.0,10.1500775814,2.5399999842,87,6452.826694965363,0,0.0279864419,0.0499760926,89268,-0.6303964105,0.0226437497,1716597347.037749,0,666
334,0.0,9.3054201603,2.5399999842,87,6452.827724456787,0,0.0259952104,0.3835831839,89268,-0.6374491906,0.020454278,1716597347.0387785,0,667
335,0.0,8.8500394821,148.2999998797,701,6452.828758478165,0,0.0249280548,0.5205606575,89970,-0.7034626028,0.0192319918,1716597347.0398126,0,670
336,0.0,8.8265893459,148.2999998797,701,6452.828758478165,0,0.0250665092,0.883621713,89970,-0.7002897699,0.0189484644,1716597347.0398126,0,671
337,0.0,11.1598627567,26.1199999489,503,6452.830014705658,0,0.0264136589,0.5474388818,90474,-0.6993728276,0.0292728627,1716597347.0410688,0,672
338,0.0,11.0552523136,148.2899998911,703,6452.831022500992,0,0.0263687098,1.3531543521,91268,-0.7785666895,0.0288198411,1716597347.0420766,0,676
339,0.0,10.6189730167,148.2899998911,703,6452.832051277161,0,0.0251215875,0.3703926463,91268,-0.7731450908,0.0278730357,1716597347.0431054,0,678
340,0.0,9.7966902256,148.2899998911,703,6452.832051277161,0,0.0273809302,0.8131683906,91268,-0.7770362599,0.0214898276,1716597347.0431054,0,679
341,0.0,9.1399633884,148.2899986934,581,6452.835583686829,0,0.0258842063,0.3820024159,92598,-0.8817812151,0.019707495,1716597347.0466378,0,686
342,0.0,9.6553976536,148.2899999041,614,6452.835583686829,0,0.0266651404,1.1117101075,93213,-0.9405368876,0.0215054631,1716597347.0466378,0,687
343,0.0,9.6195812225,15.2299999539,203,6452.83759021759,0,0.0266457522,1.1515259223,93417,-0.9570683968,0.0213619769,1716597347.0486443,0,691
344,0.0,9.6956272125,148.2899999339,736,6452.838591337204,0,0.0267620754,0.5301727788,94154,-1.0123967052,0.0215932691,1716597347.0496454,0,692
345,0.0,9.5434653759,148.2899999339,736,6452.838591337204,0,0.026454612,1.2182295494,94154,-1.0268124208,0.0211775804,1716597347.0496454,0,693
346,0.0,8.9123356342,148.2899999339,736,6452.839590787888,0,0.0250637662,0.6468667984,94154,-1.0068140212,0.0193692303,1716597347.0506449,0,694
347,0.0,9.8392426968,44.8699999303,622,6452.839590787888,0,0.0271709728,0.4401205459,94777,-1.0317061993,0.0219045305,1716597347.0506449,0,696
348,0.0,9.1101102829,13.3800000176,169,6452.841592550278,0,0.0255502903,1.5069087129,94947,-1.0933239767,0.0198924601,1716597347.0526466,0,699
349,0.0,9.5788166523,13.3800000176,169,7395.983889579773,0,0.0269587302,1.2015430962,94947,-1.1005052337,0.0208326757,1716598290.1949437,0,700
350,0.0,8.4828667641,148.289999878,698,7395.985397577286,0,0.0239444935,1.5772633889,96307,-1.305762502,0.0183622348,1716598290.1964517,0,704
351,0.0,9.1822729111,14.5599999651,157,7395.986405134201,0,0.0257262051,1.9268957788,96465,-1.2791270232,0.0200100756,1716598290.1974592,0,705
352,0.0,9.5711176395,2.9000000041,81,7395.986405134201,0,0.0270073271,1.5774404858,96547,-1.2976421425,0.0207330644,1716598290.1974592,0,706
353,0.0,9.3973896503,4.2299999986,104,7395.986405134201,0,0.0259369266,1.3693814828,96652,-1.3086121559,0.0209764409,1716598290.1974592,0,708
354,0.0,8.822633028,4.2299999986,104,7395.987404823303,0,0.0247814596,1.1860802285,96652,-1.3010423878,0.0191623807,1716598290.198459,0,709
355,0.0,9.4990415573,148.28999996,620,7395.988158464432,0,0.0261068141,1.2780025221,97273,-1.3579626381,0.0212829638,1716598290.1992126,0,711
356,0.0,9.7012143135,148.28999996,620,7395.988158464432,0,0.0269459891,1.2613306571,97273,-1.3780971712,0.0214325476,1716598290.1992126,0,712
357,0.0,8.8824994564,148.28999996,620,7395.988158464432,0,0.0251432514,1.1197183975,97273,-1.3846451795,0.0191816163,1716598290.1992126,0,713
358,0.0,9.4402446747,148.2899999451,707,7395.98916554451,0,0.0264294779,1.6062965066,97981,-1.4597463283,0.0206664932,1716598290.2002196,0,715
359,0.0,8.8643484116,148.2899999451,707,7395.98916554451,0,0.024442029,1.1192764756,97981,-1.4754823425,0.0197619283,1716598290.2002196,0,716
360,0.0,9.0638210773,148.2899999879,635,7395.991168022156,0,0.024906292,1.8658658866,98617,-1.5828630504,0.0203202033,1716598290.202222,0,720
361,0.0,9.5107262135,148.2899998575,633,7395.992165327072,0,0.0267348826,1.5100042047,99251,-1.6509594762,0.0206933403,1716598290.2032194,0,722
362,0.0,9.4815094471,3.7200000156,87,7395.993166446686,0,0.0264659262,1.310052066,99339,-1.6104057369,0.0208465052,1716598290.2042205,0,724
363,0.0,9.7470524311,2.5599999987,81,7395.994166612625,0,0.0267733181,2.2696279303,100199,-1.6467720625,0.0218882775,1716598290.2052207,0,729
364,0.0,9.2714767456,2.5599999987,81,7395.994166612625,0,0.0260068393,1.9153473063,100199,-1.6182277554,0.0202451456,1716598290.2052207,0,730
365,0.0,9.4556999207,148.2900030371,593,7395.995675802231,0,0.0263057554,2.0094335066,100793,-1.7576318061,0.0208625734,1716598290.20673,0,731
366,0.0,9.7704041004,148.2900030371,593,7395.995675802231,0,0.0273476326,2.688687209,100793,-1.7003669795,0.0214061069,1716598290.20673,0,732
367,0.0,9.2237296104,148.2900030371,593,7395.996684551239,0,0.0256775224,2.0217790441,100793,-1.6995930454,0.0203334653,1716598290.2077386,0,734
368,0.0,9.4215278625,15.679999968,156,7395.997685909271,0,0.0263394439,1.3742497306,101601,-1.8498635733,0.0206702721,1716598290.20874,0,736
369,0.0,8.8532721996,4.4799999595,86,7395.998694419861,0,0.0248182786,1.3022654005,101688,-1.7929852179,0.0193254554,1716598290.2097485,0,739
370,0.0,8.9691574574,4.4799999595,86,7395.999694824219,0,0.0253078163,2.0173833018,101688,-1.7801185739,0.0194428098,1716598290.210749,0,740
371,0.0,9.4435377121,15.4799999911,175,7395.999694824219,0,0.026326257,1.5688657372,102508,-1.7928974259,0.0207781494,1716598290.210749,0,742
372,0.0,9.8503670692,15.4799999911,175,7396.001694202423,0,0.0277058268,1.9448506144,102508,-1.8108040565,0.0214357853,1716598290.2127483,0,745
373,0.0,9.0540859699,148.2900000066,626,7396.003693342209,0,0.0255090809,1.7106719002,103784,-1.9505088198,0.0196294141,1716598290.2147474,0,749
374,0.0,9.5633461475,16.7999999914,144,7396.003693342209,0,0.0269340444,1.9529204048,104011,-1.9330446357,0.0207672775,1716598290.2147474,0,751
375,0.0,9.542247057,148.289999906,643,7396.006204843521,0,0.026768018,2.0066942134,104744,-2.0112728578,0.0208203149,1716598290.217259,0,756
376,0.0,9.6937875748,13.2899998929,156,7396.007215023041,0,0.0271832037,2.2193890494,104901,-1.9397582343,0.0212131536,1716598290.218269,0,759
377,0.0,9.4589951038,148.2899999153,609,7396.0082149505615,0,0.0261442077,1.8728514622,105511,-2.0469756413,0.0210379815,1716598290.219269,0,760
378,0.0,10.1740643978,148.2899999153,609,7396.0082149505615,0,0.0279079723,2.1287842826,105511,-2.0685138917,0.022853173,1716598290.219269,0,761
379,0.0,10.1307780743,148.2899986319,640,7396.009213685989,0,0.0247464025,2.069447555,106152,-2.0574877954,0.0257972383,1716598290.2202678,0,764
380,0.0,11.3803582191,13.910000002,143,7396.009213685989,0,0.0272974563,2.684089927,106296,-2.1081646502,0.0295086443,1716598290.2202678,0,765
381,0.0,11.1990425587,2.1799999699,81,7396.010214328766,0,0.0262338793,2.0610857539,106460,-2.0885804325,0.0296786308,1716598290.2212684,0,766
382,0.0,9.0446515083,2.1799999699,81,7396.011214256287,0,0.0254326344,2.0858653374,106460,-2.0891142142,0.0196737397,1716598290.2222683,0,768
383,0.0,9.7444736958,14.6999999974,155,7396.012214183807,0,0.0269427919,2.380863103,107220,-2.1213283175,0.0216968679,1716598290.2232683,0,771
384,0.0,8.8445987701,14.6999999974,155,7396.012214183807,0,0.0248209631,2.4035346575,107220,-2.1279532164,0.0193139052,1716598290.2232683,0,772
385,0.0,9.5601625443,14.6999999974,155,7396.012214183807,0,0.0267063773,2.0398473533,107220,-2.0991120476,0.0209632897,1716598290.2232683,0,773
386,0.0,8.7419748306,148.2900000159,644,7396.014216184616,0,0.0247151911,1.623471453,107865,-2.1338919115,0.0188790715,1716598290.2252703,0,776
387,0.0,10.0495934486,4.189999966,91,7396.014216184616,0,0.0278636932,1.9192640832,108503,-2.2068156582,0.0222940719,1716598290.2252703,0,778
388,0.0,9.6524629593,4.189999966,91,7396.014216184616,0,0.0264906478,2.198317235,108503,-2.1586837465,0.0216642857,1716598290.2252703,0,779
389,0.0,9.3214743137,4.189999966,91,7396.015722751617,0,0.0261508441,2.4505632103,108503,-2.19117356,0.0203362167,1716598290.2267768,0,781
390,0.0,9.3238236904,3.1000000052,81,7396.017733097076,0,0.0257083702,1.781844202,109263,-2.2936117941,0.0208231711,1716598290.2287872,0,784
391,0.0,9.4538099766,3.7199999839,81,7396.0187311172485,0,0.0265679741,3.0428266055,110047,-2.3407536542,0.0205934966,1716598290.2297852,0,787
392,0.0,9.6371700764,3.7199999839,81,7396.019732952118,0,0.0265324748,2.450118297,110047,-2.2915460426,0.0215456402,1716598290.230787,0,788
393,0.0,9.8911721706,148.2899999898,716,7396.021733045578,0,0.0276916754,2.2707553557,110764,-2.37489981,0.0216664159,1716598290.2327871,0,794
394,0.0,9.4844460487,148.2899999917,730,7396.022733211517,0,0.0263465452,2.1216706133,111495,-2.4598786747,0.0209679425,1716598290.2337873,0,796
395,0.0,9.9185266495,148.2899999917,730,7396.023731231689,0,0.0272949362,2.494706509,111495,-2.4670027727,0.0221824682,1716598290.2347853,0,798
396,0.0,9.46124506,7.1799999941,108,8336.752678871155,0,0.0263249063,1.9072298838,112916,-2.539684186,0.0208786583,1716599230.963733,0,803
397,0.0,9.4408752918,7.1799999941,108,8336.75367808342,0,0.0262862206,2.2211375199,112916,-2.5196922964,0.0208425009,1716599230.9647322,0,804
398,0.0,8.8339886665,148.2900000438,576,8336.757677555084,0,0.0247443354,1.8027741666,114458,-2.5145021814,0.0193504882,1716599230.9687316,0,814
399,0.0,9.6579172611,148.2900000438,576,8336.758183002472,0,0.0265423274,2.2020533755,114458,-2.5993568861,0.0216545916,1716599230.969237,0,815
400,0.0,9.7481377125,148.2899999302,660,8336.759190559387,0,0.0272209918,1.9610645308,115119,-2.5987556243,0.0214245081,1716599230.9702446,0,817
401,0.0,8.7898168564,148.2899999935,654,8336.762203216553,0,0.0246381426,2.3115293375,115774,-2.659975608,0.0192111707,1716599230.9732573,0,822
402,0.0,10.4255678654,148.290000001,693,8336.762203216553,0,0.0283364713,2.1367900528,116468,-2.7160176164,0.0236539817,1716599230.9732573,0,824
403,0.0,9.4857501984,148.290000001,693,8336.763201475143,0,0.0262910378,2.2650950488,116468,-2.7076915401,0.0210344017,1716599230.9742556,0,825
404,0.0,8.6746115685,148.290000001,693,8336.763201475143,0,0.0243440247,2.0786114322,116468,-2.6997029483,0.0189249802,1716599230.9742556,0,826
405,0.0,8.9478321075,148.290000001,693,8336.764201641083,0,0.025418607,2.0441519351,116468,-2.67178011,0.0192323625,1716599230.9752557,0,827
406,0.0,8.938423872,2.999999987,81,8336.765200138092,0,0.0251571727,2.0651095407,117246,-2.7158543515,0.0194468975,1716599230.9762542,0,829
407,0.0,9.8950726986,2.999999987,81,8336.765200138092,0,0.0274923289,1.9941637549,117246,-2.736169824,0.0218551219,1716599230.9762542,0,830
408,0.0,8.6252446175,16.6099999361,374,8336.766200780869,0,0.024430263,1.8971490778,117621,-2.7624999553,0.0186283839,1716599230.9772549,0,832
409,0.0,9.0947284698,16.6099999361,374,8336.766200780869,0,0.0253264737,1.9901605788,117621,-2.6995864069,0.0200420439,1716599230.9772549,0,833
410,0.0,8.8510770798,148.2899999935,590,8336.768713712692,0,0.0249375367,2.3979342467,118785,-2.7723910284,0.019230026,1716599230.9797678,0,839
411,0.0,9.7565646172,148.2900000457,474,8336.769713401794,0,0.0272382438,2.3910650294,119260,-2.7722822088,0.0214342761,1716599230.9807675,0,843
412,0.0,9.6889486313,148.289999947,596,8336.769713401794,0,0.0267540646,2.3857716176,119857,-2.9273250186,0.0215231669,1716599230.9807675,0,844
413,0.0,9.5379710197,148.2899998911,636,8336.771723031998,0,0.0268340075,2.2291254565,120494,-2.8973264915,0.0207581544,1716599230.982777,0,848
414,0.0,9.598443985,6.2099999841,152,8336.771723031998,0,0.0265258336,2.9088759318,120647,-2.8411483973,0.021356082,1716599230.982777,0,849
415,0.0,9.081464529,6.2099999841,152,8336.771723031998,0,0.0257906246,2.3636543737,120647,-2.9220676219,0.0195109224,1716599230.982777,0,850
416,0.0,9.7207906246,6.2099999841,152,8336.772722959518,0,0.0270214593,2.5458207263,120647,-3.0119765359,0.0214547491,1716599230.983777,0,851
417,0.0,9.5787210464,148.2899975013,542,8336.772722959518,0,0.0266519797,2.2570101732,121190,-2.8799195611,0.0211014283,1716599230.983777,0,852
418,0.0,8.896589756,148.2899975013,542,8336.772722959518,0,0.0249646032,2.7559586872,121190,-2.8738962483,0.0194181418,1716599230.983777,0,853
419,0.0,9.0931656361,148.2899975013,542,8336.773671865463,0,0.0255399394,2.1288543504,121190,-2.9693281639,0.0198258555,1716599230.984726,0,854
420,0.0,10.0316824913,2.5699999761,89,8336.773671865463,0,0.0271949017,2.2254803205,121804,-2.9912928909,0.0228532577,1716599230.984726,0,856
421,0.0,11.0901961327,148.3100029789,560,8336.775722503662,0,0.026289537,2.2868037099,122365,-3.1389929283,0.0290721333,1716599230.9867766,0,859
422,0.0,10.1955943108,148.3100029789,560,8336.775722503662,0,0.0242529249,2.6460633275,122365,-2.9916971666,0.026639806,1716599230.9867766,0,860
423,0.0,10.0765814781,0.1499999966,81,8336.777775287628,0,0.0281106889,2.6147348076,123278,-2.9894495276,0.0221870458,1716599230.9888294,0,864
424,0.0,10.5043110847,0.4299999904,81,8336.778282165527,0,0.0290979993,2.7762760001,123723,-2.9989132303,0.0233134162,1716599230.9893363,0,867
425,0.0,10.0979464054,0.3499999922,82,8336.779319763184,0,0.028059783,2.2684403171,123888,-2.910795278,0.0223347497,1716599230.9903738,0,868
426,0.0,9.3940219879,0.3499999922,82,8336.779319763184,0,0.0262023365,3.1395773655,123888,-2.9852222461,0.0206449699,1716599230.9903738,0,869
427,0.0,8.4339234829,0.3999999911,84,8336.781569004059,0,0.0240614772,2.5255888873,124278,-2.8916346765,0.0180154324,1716599230.992623,0,873
428,0.0,8.9517991543,0.0699999984,81,8336.78257894516,0,0.0252428019,2.4870787975,124929,-3.006799193,0.0194310129,1716599230.993633,0,875
429,0.0,8.5573711395,0.2299999949,95,8336.78257894516,0,0.0241887641,2.5983729658,125025,-2.8548043066,0.0185004449,1716599230.993633,0,876
430,0.0,9.5497288704,0.4299999904,94,8336.78257894516,0,0.026617583,2.4682009849,125120,-2.889227218,0.0210282898,1716599230.993633,0,877
431,0.0,9.4406735897,0.2299999949,81,8336.783589839935,0,0.0262719905,2.4972505161,125297,-2.9797644979,0.0208263004,1716599230.994644,0,878
432,0.0,9.5961756706,0.2299999949,81,8336.783589839935,0,0.0263859761,2.6475463264,125297,-2.8600187373,0.0215216291,1716599230.994644,0,879
433,0.0,8.9842767715,0.0,81,8336.785588979721,0,0.0252320397,2.475877977,125943,-3.0026389056,0.0195967388,1716599230.996643,0,882
434,0.0,8.6849279404,0.3299999926,87,8336.785588979721,0,0.0244123662,2.2106368238,126031,-2.9551520735,0.0188559556,1716599230.996643,0,883
435,0.0,9.5275309086,0.0,81,8336.786587715149,0,0.026762569,2.5389158466,126532,-2.7542924434,0.0207554591,1716599230.9976418,0,887
436,0.0,8.6988902092,0.359999992,81,8336.788096189499,0,0.0243821657,2.5699396841,126614,-2.7474865395,0.0190196025,1716599230.9991503,0,888
437,0.0,9.0813062191,0.0099999998,81,8336.788096189499,0,0.0255062532,2.4062994748,126696,-2.8356674957,0.019797591,1716599230.9991503,0,889
438,0.0,8.8895730972,0.0,81,8336.788096189499,0,0.0250214016,2.0428323194,126860,-2.8097228235,0.0193263662,1716599230.9991503,0,890
439,0.0,9.0581803322,0.0199999996,81,8336.7891061306,0,0.0251675212,2.1712703516,127116,-2.7130425674,0.0200257504,1716599231.0001602,0,892
440,0.0,9.9904634953,0.1299999971,85,8336.790105581284,0,0.0243642592,2.6331541856,127202,-2.6427438858,0.0255051374,1716599231.0011597,0,893
441,0.0,10.4481291771,0.0,81,8336.790105581284,0,0.0253253686,2.1500034018,127284,-2.7356745023,0.0268275166,1716599231.0011597,0,894
442,0.0,8.9670491219,0.0,81,8336.792127847672,0,0.0250492775,2.0682549331,127694,-2.6546594191,0.0196759319,1716599231.003182,0,897
443,0.0,8.8717439175,0.2499999944,103,8336.793115139008,0,0.0251320469,2.6868460524,127880,-2.6168168059,0.0191339505,1716599231.0041692,0,899
444,0.0,8.8250834942,0.0599999987,81,9227.25898528099,0,0.0244759822,2.640318788,128044,-2.5599294007,0.0194962704,1716600121.4700394,0,900
445,0.0,8.9562520981,0.0499999989,81,9227.25898528099,0,0.0253390205,2.3332990995,128208,-2.636201897,0.0193653715,1716600121.4700394,0,901
446,0.0,8.335290432,0.2199999951,81,9227.259984493256,0,0.0237772596,3.1781385246,128290,-2.608145273,0.0178014803,1716600121.4710386,0,902
447,0.0,9.1506023407,0.0199999996,81,9227.259984493256,0,0.0257020056,2.1494505167,128372,-2.5341079324,0.019963336,1716600121.4710386,0,903
448,0.0,8.8007616997,0.0,81,9227.261225700378,0,0.0246925461,2.5717897904,128536,-2.5981641322,0.0192360842,1716600121.4722798,0,904
449,0.0,8.6148579121,0.2999999933,100,9227.263227462769,0,0.0241535401,1.9086246568,129211,-2.4369155058,0.0188382018,1716600121.4742815,0,910
450,0.0,8.6998829842,0.0,81,9227.263227462769,0,0.0247734869,2.1806067103,129293,-2.4841588333,0.0186383343,1716600121.4742815,0,911
451,0.0,8.9446735382,0.1399999969,81,9227.264225006104,0,0.0253300977,2.2385617912,129457,-2.3966780338,0.0193157375,1716600121.475279,0,912
452,0.0,8.4439957142,0.1199999973,81,9227.264225006104,0,0.0239380825,2.4831568912,129539,-2.3822717148,0.0181933367,1716600121.475279,0,913
453,0.0,8.8350563049,0.0,81,9227.264225006104,0,0.0247371662,2.6934582005,129621,-2.3687029462,0.0193303585,1716600121.475279,0,914
454,0.0,8.5113093853,0.0399999991,81,9227.26522397995,0,0.0240496302,2.1005729929,129867,-2.2968194987,0.0183843541,1716600121.476278,0,916
455,0.0,8.7682776451,0.0,81,9227.266227006912,0,0.0246771276,2.4618972152,130113,-2.3005513066,0.0190764797,1716600121.477281,0,918
456,0.0,8.6367871761,0.0,81,9227.267225503922,0,0.0242033398,2.2137446226,130195,-2.3697030212,0.0188752949,1716600121.4782796,0,919
457,0.0,10.5280511379,0.0999999978,88,9227.267225503922,0,0.0254182994,3.0594333503,130366,-2.4189921486,0.0271268284,1716600121.4782796,0,920
458,0.0,8.6906900406,0.0,81,9227.269228219986,0,0.0244459343,2.6209727204,130694,-2.2999773888,0.0189098692,1716600121.4802823,0,923
459,0.0,9.2487425804,0.0,81,9227.269228219986,0,0.025989157,2.3921305627,130776,-2.2283831294,0.020151335,1716600121.4802823,0,924
460,0.0,8.7893466949,0.0,81,9227.271749734879,0,0.0247919607,2.508456935,131514,-2.2019415066,0.0190871656,1716600121.4828038,0,930
461,0.0,8.5981667042,0.0599999987,81,9227.271749734879,0,0.024201287,2.6503850588,131596,-2.2291154595,0.0186818767,1716600121.4828038,0,931
462,0.0,8.4398450851,0.0099999998,81,9227.273757457733,0,0.0237556672,2.4040780029,132170,-2.1202431089,0.0183833051,1716600121.4848115,0,936
463,0.0,8.8333070278,0.0,81,9227.274757862091,0,0.0250178063,2.6050069043,132252,-2.1137641701,0.0190735376,1716600121.485812,0,937
464,0.0,10.434566021,0.0,81,9227.274757862091,0,0.0290653598,2.2268302128,132416,-2.207146261,0.023029834,1716600121.485812,0,938
465,0.0,9.6933414936,0.0,81,9227.275757551193,0,0.0270439351,2.2790660089,132498,-2.1014265744,0.0213149643,1716600121.4868116,0,939
466,0.0,8.6365118027,0.0,81,9227.275757551193,0,0.0245013392,2.5882118757,132662,-2.0506945583,0.0186060715,1716600121.4868116,0,940
467,0.0,9.159052372,0.0,81,9227.276757240295,0,0.0256982601,2.8723419756,132912,-2.1130074868,0.0200009286,1716600121.4878113,0,942
468,0.0,8.3864636421,0.089999998,81,9227.276757240295,0,0.0239990962,1.9325910607,132994,-2.0324687076,0.0178601742,1716600121.4878113,0,943
469,0.0,10.2830266953,0.0,81,9227.278757095337,0,0.024751786,2.626638065,133568,-2.0833492213,0.0265305984,1716600121.4898112,0,948
470,0.0,8.6948981285,0.0599999987,81,9227.278757095337,0,0.0245324898,2.1941410902,133732,-1.9529708928,0.0188617814,1716600121.4898112,0,949
471,0.0,8.949488163,0.0,81,9227.28127503395,0,0.0250656176,2.5090940678,134142,-2.0153761953,0.0195767701,1716600121.4923291,0,953
472,0.0,9.0423884392,0.0,81,9227.282274484634,0,0.0255845273,2.7232688904,134486,-2.0010085078,0.0195372117,1716600121.4933286,0,956
473,0.0,9.1672224998,0.0,81,9227.283275604248,0,0.0255059123,2.3848041157,134896,-1.9347404713,0.0202426052,1716600121.4943297,0,959
474,0.0,9.5309860706,0.0,81,9227.284274578094,0,0.0267344701,2.4686882943,135060,-1.8594149122,0.0207561326,1716600121.4953287,0,961
475,0.0,8.4968743324,0.0,81,9227.285274505615,0,0.023948046,2.1289426687,135306,-1.8602890458,0.0184400308,1716600121.4963286,0,963
476,0.0,9.1511821747,0.0,81,9227.285274505615,0,0.0252148402,2.2011093906,135470,-2.0048819079,0.0204457688,1716600121.4963286,0,964
477,0.0,8.538592577,0.0,81,9227.286275863647,0,0.0243697131,2.024375056,135552,-1.8984148562,0.0182205987,1716600121.49733,0,965
478,0.0,8.952593565,0.0,81,9227.286275863647,0,0.0252393198,2.4354959449,135634,-1.8650969556,0.0193919253,1716600121.49733,0,966
479,0.0,8.8045773506,0.0,81,9227.287279367447,0,0.0249077451,2.3076437008,135798,-1.831792863,0.0190270507,1716600121.4983335,0,967
480,0.0,8.6910345554,0.0,81,9227.288275718689,0,0.024845556,2.0780746636,136126,-1.8137230163,0.0185115373,1716600121.4993298,0,970
481,0.0,8.7729194164,0.0,81,9227.289276361465,0,0.024695487,2.3438749865,136208,-1.8765132912,0.0190731275,1716600121.5003304,0,971
482,0.0,8.989481926,0.0,81,9227.289276361465,0,0.0253690457,1.993791258,136372,-1.7257112069,0.0194705904,1716600121.5003304,0,972
483,0.0010011196,9.0080113411,0.0,81,9227.291381597519,0,0.0250721622,2.6512490782,136946,-1.7044873318,0.0198266268,1716600121.5024357,0,977
484,0.0,9.1256463528,0.0,81,9227.294383525848,0,0.0254720426,2.2685807458,137438,-1.6907189811,0.0200432754,1716600121.5054376,0,982
485,0.0,8.6303257942,0.0,81,9227.294383525848,0,0.0244111586,2.4235960615,137602,-1.7976373266,0.0186573887,1716600121.5054376,0,983
486,0.0,8.5139431953,0.0,81,9227.295382738113,0,0.0240977013,2.505597769,137684,-1.7538427784,0.0183765399,1716600121.5064368,0,984
487,0.0,8.4834325314,0.0,81,9227.295382738113,0,0.0239365745,2.5050878334,137930,-1.7008117122,0.0183847439,1716600121.5064368,0,986
488,0.0,9.3358287811,0.0,81,9227.296384096146,0,0.0261338151,1.9823608565,138012,-1.5813548054,0.0204601073,1716600121.5074382,0,987
489,0.0,9.2569570541,0.0,81,9227.296384096146,0,0.0260574448,2.0345105678,138176,-1.5834753632,0.0201544702,1716600121.5074382,0,988
490,0.0,8.8566293716,0.0,81,9227.297385454178,0,0.0248117208,2.2227129447,138258,-1.518324999,0.0193732619,1716600121.5084395,0,989
491,0.0,9.0539286137,0.0,81,9227.297385454178,0,0.0254266679,2.2291620567,138422,-1.5449766624,0.0197602594,1716600121.5084395,0,990
492,0.0,8.5972480774,0.0,81,9227.298385858536,0,0.0240975809,2.3817311801,138504,-1.599854205,0.0187935138,1716600121.50944,0,991
493,0.0,9.21007967,0.0,81,9227.298385858536,0,0.0257342005,2.326221697,138586,-1.6077722032,0.0202159524,1716600121.50944,0,992
494,0.0,8.59283638,0.0,81,9227.298385858536,0,0.0244335711,2.0492302525,138750,-1.5144775922,0.0184474015,1716600121.50944,0,993
495,0.0,9.0209574699,0.0,81,9227.299893140793,0,0.0255868852,2.4987897226,138832,-1.4842605342,0.0194058943,1716600121.5109472,0,994
496,0.0,8.9151110649,0.0,81,9227.299893140793,0,0.0246631086,2.1014801222,138996,-1.5062956399,0.019817096,1716600121.5109472,0,995
497,0.0,8.4077432156,0.0,81,9227.299893140793,0,0.0237819433,2.4404737973,139078,-1.5498883057,0.018111428,1716600121.5109472,0,996
498,0.0,8.9724957943,0.0,81,9227.300901412964,0,0.0252195263,2.3432190248,139160,-1.5378016163,0.0195318651,1716600121.5119555,0,997
499,0.0,8.6449432373,0.0299999993,81,9227.301902294159,0,0.0243234646,2.0719355598,139324,-1.4708609777,0.0188180721,1716600121.5129564,0,998
