"Step","SAC_single_critic_short_test_track_LIDAR - loss_actor","SAC_single_critic_short_test_track_LIDAR - loss_actor__MIN","SAC_single_critic_short_test_track_LIDAR - loss_actor__MAX"
"0","-14.2888969803","-14.2888969803","-14.2888969803"
"1","-14.1541816378","-14.1541816378","-14.1541816378"
"2","-13.7555056238","-13.7555056238","-13.7555056238"
"3","-13.6055869102","-13.6055869102","-13.6055869102"
"4","-13.3614757013","-13.3614757013","-13.3614757013"
"5","-13.1932257652","-13.1932257652","-13.1932257652"
"6","-13.0660361338","-13.0660361338","-13.0660361338"
"7","-12.866712079","-12.866712079","-12.866712079"
"8","-12.4044598055","-12.4044598055","-12.4044598055"
"9","-12.1842640495","-12.1842640495","-12.1842640495"
"10","-12.0035320902","-12.0035320902","-12.0035320902"
"11","-11.8162728357","-11.8162728357","-11.8162728357"
"12","-11.6681903362","-11.6681903362","-11.6681903362"
"13","-11.2411822271","-11.2411822271","-11.2411822271"
"14","-11.1140922213","-11.1140922213","-11.1140922213"
"15","-10.7737379026","-10.7737379026","-10.7737379026"
"16","-10.6787411976","-10.6787411976","-10.6787411976"
"17","-10.4757878399","-10.4757878399","-10.4757878399"
"18","-10.234418869","-10.234418869","-10.234418869"
"19","-10.1462711191","-10.1462711191","-10.1462711191"
"20","-10.0752791405","-10.0752791405","-10.0752791405"
"21","-10.0731593275","-10.0731593275","-10.0731593275"
"22","-10.0536266518","-10.0536266518","-10.0536266518"
"23","-9.8493991661","-9.8493991661","-9.8493991661"
"24","-9.8227253771","-9.8227253771","-9.8227253771"
"25","-9.7745302105","-9.7745302105","-9.7745302105"
"26","-9.7090465689","-9.7090465689","-9.7090465689"
"27","-9.4668624067","-9.4668624067","-9.4668624067"
"28","-9.4295520496","-9.4295520496","-9.4295520496"
"29","-9.404175806","-9.404175806","-9.404175806"
"30","-9.3622288418","-9.3622288418","-9.3622288418"
"31","-9.2741818047","-9.2741818047","-9.2741818047"
"32","-9.2432074165","-9.2432074165","-9.2432074165"
"33","-9.2149762702","-9.2149762702","-9.2149762702"
"34","-9.1280826187","-9.1280826187","-9.1280826187"
"35","-9.1306610537","-9.1306610537","-9.1306610537"
"36","-9.0727962732","-9.0727962732","-9.0727962732"
"37","-9.0350265861","-9.0350265861","-9.0350265861"
"38","-9.0614302635","-9.0614302635","-9.0614302635"
"39","-9.0167665648","-9.0167665648","-9.0167665648"
"40","-9.0883133793","-9.0883133793","-9.0883133793"
"41","-8.9643073988","-8.9643073988","-8.9643073988"
"42","-8.8937562203","-8.8937562203","-8.8937562203"
"43","-8.8828601003","-8.8828601003","-8.8828601003"
"44","-8.8002446318","-8.8002446318","-8.8002446318"
"45","-8.7883078241","-8.7883078241","-8.7883078241"
"46","-8.6640588331","-8.6640588331","-8.6640588331"
"47","-8.7172630477","-8.7172630477","-8.7172630477"
"48","-8.6181445932","-8.6181445932","-8.6181445932"
"49","-8.5308474255","-8.5308474255","-8.5308474255"
"50","-8.5354943013","-8.5354943013","-8.5354943013"
"51","-8.5108160496","-8.5108160496","-8.5108160496"
"52","-8.4915400434","-8.4915400434","-8.4915400434"
"53","-8.4536887574","-8.4536887574","-8.4536887574"
"54","-8.3796241331","-8.3796241331","-8.3796241331"
"55","-8.4038960123","-8.4038960123","-8.4038960123"
"56","-8.3629961586","-8.3629961586","-8.3629961586"
"57","-8.3517958021","-8.3517958021","-8.3517958021"
"58","-8.3628926277","-8.3628926277","-8.3628926277"
"59","-8.3263941145","-8.3263941145","-8.3263941145"
"60","-8.2868791175","-8.2868791175","-8.2868791175"
"61","-8.3727433705","-8.3727433705","-8.3727433705"
"62","-8.5828167367","-8.5828167367","-8.5828167367"
"63","-8.522303803","-8.522303803","-8.522303803"
"64","-8.4235910773","-8.4235910773","-8.4235910773"
"65","-8.4494515705","-8.4494515705","-8.4494515705"
"66","-8.4601659989","-8.4601659989","-8.4601659989"
"67","-8.4334039831","-8.4334039831","-8.4334039831"
"68","-8.484773252","-8.484773252","-8.484773252"
"69","-8.5346487784","-8.5346487784","-8.5346487784"
"70","-8.5866008735","-8.5866008735","-8.5866008735"
"71","-8.4518860459","-8.4518860459","-8.4518860459"
"72","-8.4795226979","-8.4795226979","-8.4795226979"
"73","-8.482311728","-8.482311728","-8.482311728"
"74","-8.4119331384","-8.4119331384","-8.4119331384"
"75","-8.4486257172","-8.4486257172","-8.4486257172"
"76","-8.5007434249","-8.5007434249","-8.5007434249"
"77","-8.5140147948","-8.5140147948","-8.5140147948"
"78","-8.5579799175","-8.5579799175","-8.5579799175"
"79","-8.4226975417","-8.4226975417","-8.4226975417"
"80","-8.4247587156","-8.4247587156","-8.4247587156"
"81","-8.5449332285","-8.5449332285","-8.5449332285"
"82","-8.5775538898","-8.5775538898","-8.5775538898"
"83","-8.5900451398","-8.5900451398","-8.5900451398"
"84","-8.6837293768","-8.6837293768","-8.6837293768"
"85","-10.9545105791","-10.9545105791","-10.9545105791"
"86","-10.9294562769","-10.9294562769","-10.9294562769"
"87","-10.9387366867","-10.9387366867","-10.9387366867"
"88","-10.8791395092","-10.8791395092","-10.8791395092"
"89","-10.8915536022","-10.8915536022","-10.8915536022"
"90","-10.913247714","-10.913247714","-10.913247714"
"91","-10.8599005175","-10.8599005175","-10.8599005175"
"92","-10.8505332136","-10.8505332136","-10.8505332136"
"93","-10.850954237","-10.850954237","-10.850954237"
"94","-10.7015384245","-10.7015384245","-10.7015384245"
"95","-10.6592270851","-10.6592270851","-10.6592270851"
"96","-10.6868966913","-10.6868966913","-10.6868966913"
"97","-10.6084484339","-10.6084484339","-10.6084484339"
"98","-10.6455025673","-10.6455025673","-10.6455025673"
"99","-10.6349781609","-10.6349781609","-10.6349781609"
"100","-10.7011596346","-10.7011596346","-10.7011596346"
"101","-10.5353257465","-10.5353257465","-10.5353257465"
"102","-10.6163332129","-10.6163332129","-10.6163332129"
"103","-10.5849477673","-10.5849477673","-10.5849477673"
"104","-10.4186283207","-10.4186283207","-10.4186283207"
"105","-10.5217210054","-10.5217210054","-10.5217210054"
"106","-10.3781525326","-10.3781525326","-10.3781525326"
"107","-10.347318778","-10.347318778","-10.347318778"
"108","-10.3443869591","-10.3443869591","-10.3443869591"
"109","-10.3659179544","-10.3659179544","-10.3659179544"
"110","-10.3284148026","-10.3284148026","-10.3284148026"
"111","-10.3656764174","-10.3656764174","-10.3656764174"
"112","-10.259983077","-10.259983077","-10.259983077"
"113","-10.0715402222","-10.0715402222","-10.0715402222"
"114","-10.0397016549","-10.0397016549","-10.0397016549"
"115","-10.0751050329","-10.0751050329","-10.0751050329"
"116","-10.0879663134","-10.0879663134","-10.0879663134"
"117","-10.0174967766","-10.0174967766","-10.0174967766"
"118","-9.9803972554","-9.9803972554","-9.9803972554"
"119","-10.044989233","-10.044989233","-10.044989233"
"120","-9.9946570444","-9.9946570444","-9.9946570444"
"121","-10.0935140038","-10.0935140038","-10.0935140038"
"122","-9.9903753662","-9.9903753662","-9.9903753662"
"123","-10.0356593609","-10.0356593609","-10.0356593609"
"124","-9.9619605207","-9.9619605207","-9.9619605207"
"125","-9.9652263975","-9.9652263975","-9.9652263975"
"126","-11.7092873859","-11.7092873859","-11.7092873859"
"127","-11.6538860273","-11.6538860273","-11.6538860273"
"128","-11.6085581303","-11.6085581303","-11.6085581303"
"129","-11.5756336784","-11.5756336784","-11.5756336784"
"130","-11.5758527565","-11.5758527565","-11.5758527565"
"131","-11.5030490112","-11.5030490112","-11.5030490112"
"132","-11.5693230772","-11.5693230772","-11.5693230772"
"133","-11.4861252928","-11.4861252928","-11.4861252928"
"134","-11.5535344982","-11.5535344982","-11.5535344982"
"135","-11.5323885822","-11.5323885822","-11.5323885822"
"136","-11.5979621315","-11.5979621315","-11.5979621315"
"137","-11.7004621792","-11.7004621792","-11.7004621792"
"138","-11.5247146749","-11.5247146749","-11.5247146749"
"139","-12.82534585","-12.82534585","-12.82534585"
"140","-12.7735163021","-12.7735163021","-12.7735163021"
"141","-12.6152875137","-12.6152875137","-12.6152875137"
"142","-12.6848264456","-12.6848264456","-12.6848264456"
"143","-12.5385664558","-12.5385664558","-12.5385664558"
"144","-12.6032123518","-12.6032123518","-12.6032123518"
"145","-12.5239476728","-12.5239476728","-12.5239476728"
"146","-12.4817521095","-12.4817521095","-12.4817521095"
"147","-12.5197385788","-12.5197385788","-12.5197385788"
"148","-12.4556439304","-12.4556439304","-12.4556439304"
"149","-12.4943811512","-12.4943811512","-12.4943811512"
"150","-12.4729525423","-12.4729525423","-12.4729525423"
"151","-12.5373008251","-12.5373008251","-12.5373008251"
"152","-12.4656154251","-12.4656154251","-12.4656154251"
"153","-12.5506037664","-12.5506037664","-12.5506037664"
"154","-12.4637580204","-12.4637580204","-12.4637580204"
"155","-13.6677547407","-13.6677547407","-13.6677547407"
"156","-13.8247714186","-13.8247714186","-13.8247714186"
"157","-13.6949935818","-13.6949935818","-13.6949935818"
"158","-13.6582292986","-13.6582292986","-13.6582292986"
"159","-13.6094337511","-13.6094337511","-13.6094337511"
"160","-13.499647994","-13.499647994","-13.499647994"
"161","-13.557927537","-13.557927537","-13.557927537"
"162","-13.395210886","-13.395210886","-13.395210886"
"163","-13.5940056038","-13.5940056038","-13.5940056038"
"164","-13.6300020409","-13.6300020409","-13.6300020409"
"165","-13.4380139017","-13.4380139017","-13.4380139017"
"166","-13.4671361542","-13.4671361542","-13.4671361542"
"167","-13.2789578056","-13.2789578056","-13.2789578056"
"168","-13.3427820253","-13.3427820253","-13.3427820253"
"169","-13.3139109755","-13.3139109755","-13.3139109755"
"170","-13.3090684414","-13.3090684414","-13.3090684414"
"171","-13.3042560673","-13.3042560673","-13.3042560673"
"172","-13.371176734","-13.371176734","-13.371176734"
"173","-13.162866168","-13.162866168","-13.162866168"
"174","-13.1965499592","-13.1965499592","-13.1965499592"
"175","-13.0843391943","-13.0843391943","-13.0843391943"
"176","-13.1901620865","-13.1901620865","-13.1901620865"
"177","-13.191773715","-13.191773715","-13.191773715"
"178","-13.0055918503","-13.0055918503","-13.0055918503"
"179","-13.2070339441","-13.2070339441","-13.2070339441"
"180","-13.2046895313","-13.2046895313","-13.2046895313"
"181","-13.9678610706","-13.9678610706","-13.9678610706"
"182","-13.8833134651","-13.8833134651","-13.8833134651"
"183","-14.0553543949","-14.0553543949","-14.0553543949"
"184","-13.9836784458","-13.9836784458","-13.9836784458"
"185","-14.0153163481","-14.0153163481","-14.0153163481"
"186","-13.957867012","-13.957867012","-13.957867012"
"187","-13.9791649055","-13.9791649055","-13.9791649055"
"188","-14.1143339157","-14.1143339157","-14.1143339157"
"189","-14.0761413479","-14.0761413479","-14.0761413479"
"190","-14.1668183804","-14.1668183804","-14.1668183804"
"191","-14.8742676115","-14.8742676115","-14.8742676115"
"192","-14.889629178","-14.889629178","-14.889629178"
"193","-14.7914762259","-14.7914762259","-14.7914762259"
"194","-14.8474175596","-14.8474175596","-14.8474175596"
"195","-14.859993453","-14.859993453","-14.859993453"
"196","-14.8639322615","-14.8639322615","-14.8639322615"
"197","-14.8640931463","-14.8640931463","-14.8640931463"
"198","-14.9464839602","-14.9464839602","-14.9464839602"
"199","-14.7282871819","-14.7282871819","-14.7282871819"
"200","-14.8642609358","-14.8642609358","-14.8642609358"
"201","-14.7168402386","-14.7168402386","-14.7168402386"
"202","-14.7605890751","-14.7605890751","-14.7605890751"
"203","-14.7238823795","-14.7238823795","-14.7238823795"
"204","-14.604816885","-14.604816885","-14.604816885"
"205","-14.7920404673","-14.7920404673","-14.7920404673"
"206","-14.8060204744","-14.8060204744","-14.8060204744"
"207","-14.6276721478","-14.6276721478","-14.6276721478"
"208","-14.6345453882","-14.6345453882","-14.6345453882"
"209","-14.8045405149","-14.8045405149","-14.8045405149"
"210","-14.8244888115","-14.8244888115","-14.8244888115"
"211","-14.6267994165","-14.6267994165","-14.6267994165"
"212","-14.4417481279","-14.4417481279","-14.4417481279"
"213","-14.5594374752","-14.5594374752","-14.5594374752"
"214","-14.5947332191","-14.5947332191","-14.5947332191"
"215","-14.6888489532","-14.6888489532","-14.6888489532"
"216","-14.7144985771","-14.7144985771","-14.7144985771"
"217","-14.5116767454","-14.5116767454","-14.5116767454"
"218","-14.4661912251","-14.4661912251","-14.4661912251"
"219","-14.4276974249","-14.4276974249","-14.4276974249"
"220","-14.3671907187","-14.3671907187","-14.3671907187"
"221","-14.5003182554","-14.5003182554","-14.5003182554"
"222","-14.4788650703","-14.4788650703","-14.4788650703"
"223","-14.5056533384","-14.5056533384","-14.5056533384"
"224","-14.2319432783","-14.2319432783","-14.2319432783"
"225","-14.6000541878","-14.6000541878","-14.6000541878"
"226","-14.4191411257","-14.4191411257","-14.4191411257"
"227","-14.5394359922","-14.5394359922","-14.5394359922"
"228","-14.554111619","-14.554111619","-14.554111619"
"229","-14.6214035273","-14.6214035273","-14.6214035273"
"230","-14.6450670862","-14.6450670862","-14.6450670862"
"231","-14.3347795296","-14.3347795296","-14.3347795296"
"232","-14.4255077791","-14.4255077791","-14.4255077791"
"233","-14.6789399052","-14.6789399052","-14.6789399052"
"234","-14.5217308283","-14.5217308283","-14.5217308283"
"235","-14.5184227657","-14.5184227657","-14.5184227657"
"236","-14.5466001987","-14.5466001987","-14.5466001987"
"237","-14.4266511679","-14.4266511679","-14.4266511679"
"238","-14.2406400204","-14.2406400204","-14.2406400204"
"239","-14.4158924961","-14.4158924961","-14.4158924961"
"240","-14.4114704418","-14.4114704418","-14.4114704418"
"241","-14.4554266977","-14.4554266977","-14.4554266977"
"242","-14.434166975","-14.434166975","-14.434166975"
"243","-14.313334856","-14.313334856","-14.313334856"
"244","-14.248230648","-14.248230648","-14.248230648"
"245","-14.3024433184","-14.3024433184","-14.3024433184"
"246","-14.1619032478","-14.1619032478","-14.1619032478"
"247","-14.3750435162","-14.3750435162","-14.3750435162"
"248","-14.3698296499","-14.3698296499","-14.3698296499"
"249","-14.4285741472","-14.4285741472","-14.4285741472"
"250","-14.2096043301","-14.2096043301","-14.2096043301"
"251","-14.2099935198","-14.2099935198","-14.2099935198"
"252","-14.2051606607","-14.2051606607","-14.2051606607"
"253","-14.267551198","-14.267551198","-14.267551198"
"254","-14.2318013716","-14.2318013716","-14.2318013716"
"255","-14.2422304726","-14.2422304726","-14.2422304726"
"256","-14.2747654295","-14.2747654295","-14.2747654295"
"257","-14.1813293362","-14.1813293362","-14.1813293362"
"258","-14.1289713144","-14.1289713144","-14.1289713144"
"259","-14.0343175411","-14.0343175411","-14.0343175411"
"260","-14.1324745369","-14.1324745369","-14.1324745369"
"261","-14.0189396477","-14.0189396477","-14.0189396477"
"262","-14.154583559","-14.154583559","-14.154583559"
"263","-14.1474593973","-14.1474593973","-14.1474593973"
"264","-14.0964582872","-14.0964582872","-14.0964582872"
"265","-14.1477993345","-14.1477993345","-14.1477993345"
"266","-13.9360645771","-13.9360645771","-13.9360645771"
"267","-14.0775496387","-14.0775496387","-14.0775496387"
"268","-14.0162602425","-14.0162602425","-14.0162602425"
"269","-14.0823442745","-14.0823442745","-14.0823442745"
"270","-14.0590584469","-14.0590584469","-14.0590584469"
"271","-14.1864310026","-14.1864310026","-14.1864310026"
"272","-14.070052681","-14.070052681","-14.070052681"
"273","-13.9151769733","-13.9151769733","-13.9151769733"
"274","-13.8372854042","-13.8372854042","-13.8372854042"
"275","-13.8593879366","-13.8593879366","-13.8593879366"
"276","-13.8572242355","-13.8572242355","-13.8572242355"
"277","-13.9059664965","-13.9059664965","-13.9059664965"
"278","-13.8466771412","-13.8466771412","-13.8466771412"
"279","-13.9418230152","-13.9418230152","-13.9418230152"
"280","-13.8915058899","-13.8915058899","-13.8915058899"
"281","-13.919945035","-13.919945035","-13.919945035"
"282","-13.9445569086","-13.9445569086","-13.9445569086"
"283","-13.8432308197","-13.8432308197","-13.8432308197"
"284","-14.389467926","-14.389467926","-14.389467926"
"285","-14.2704377508","-14.2704377508","-14.2704377508"
"286","-14.4082801104","-14.4082801104","-14.4082801104"
"287","-14.4157283926","-14.4157283926","-14.4157283926"
"288","-14.3998017979","-14.3998017979","-14.3998017979"
"289","-14.4633675575","-14.4633675575","-14.4633675575"
"290","-14.2294238806","-14.2294238806","-14.2294238806"
"291","-14.2622571325","-14.2622571325","-14.2622571325"
"292","-14.2469868565","-14.2469868565","-14.2469868565"
"293","-14.2309700108","-14.2309700108","-14.2309700108"
"294","-14.1610426998","-14.1610426998","-14.1610426998"
"295","-14.1960950327","-14.1960950327","-14.1960950327"
"296","-14.2934416723","-14.2934416723","-14.2934416723"
"297","-14.2588761759","-14.2588761759","-14.2588761759"
"298","-14.3189144754","-14.3189144754","-14.3189144754"
"299","-14.0782390976","-14.0782390976","-14.0782390976"
"300","-14.1336887407","-14.1336887407","-14.1336887407"
"301","-14.1453998184","-14.1453998184","-14.1453998184"
"302","-14.0657411718","-14.0657411718","-14.0657411718"
"303","-14.1528723621","-14.1528723621","-14.1528723621"
"304","-14.2879728031","-14.2879728031","-14.2879728031"
"305","-14.3396380854","-14.3396380854","-14.3396380854"
"306","-14.0331051254","-14.0331051254","-14.0331051254"
"307","-14.1273586607","-14.1273586607","-14.1273586607"
"308","-14.233149209","-14.233149209","-14.233149209"
"309","-14.1346189165","-14.1346189165","-14.1346189165"
"310","-14.0727009773","-14.0727009773","-14.0727009773"
"311","-14.211558814","-14.211558814","-14.211558814"
"312","-14.3180274105","-14.3180274105","-14.3180274105"
"313","-14.2678047371","-14.2678047371","-14.2678047371"
"314","-14.2569762325","-14.2569762325","-14.2569762325"
"315","-14.1680456114","-14.1680456114","-14.1680456114"
"316","-14.1503517246","-14.1503517246","-14.1503517246"
"317","-14.0875953436","-14.0875953436","-14.0875953436"
"318","-14.0221981049","-14.0221981049","-14.0221981049"
"319","-14.0728043509","-14.0728043509","-14.0728043509"
"320","-14.1763252115","-14.1763252115","-14.1763252115"
"321","-14.0679839516","-14.0679839516","-14.0679839516"
"322","-14.1651430273","-14.1651430273","-14.1651430273"
"323","-14.2149158239","-14.2149158239","-14.2149158239"
"324","-14.1030428171","-14.1030428171","-14.1030428171"
"325","-14.2019256258","-14.2019256258","-14.2019256258"
"326","-14.0423172522","-14.0423172522","-14.0423172522"
"327","-14.1072207165","-14.1072207165","-14.1072207165"
"328","-13.9533332729","-13.9533332729","-13.9533332729"
"329","-14.1189351559","-14.1189351559","-14.1189351559"
"330","-14.085682497","-14.085682497","-14.085682497"
"331","-14.2538993645","-14.2538993645","-14.2538993645"
"332","-14.2235554504","-14.2235554504","-14.2235554504"
"333","-14.1531427336","-14.1531427336","-14.1531427336"
"334","-14.2013790131","-14.2013790131","-14.2013790131"
"335","-14.6455646276","-14.6455646276","-14.6455646276"
"336","-14.714163599","-14.714163599","-14.714163599"
"337","-14.7587963629","-14.7587963629","-14.7587963629"
"338","-14.6483137417","-14.6483137417","-14.6483137417"
"339","-14.6923917437","-14.6923917437","-14.6923917437"
"340","-14.6999558258","-14.6999558258","-14.6999558258"
"341","-14.6523231506","-14.6523231506","-14.6523231506"
"342","-14.6955874491","-14.6955874491","-14.6955874491"
"343","-14.6280443239","-14.6280443239","-14.6280443239"
"344","-14.6730871725","-14.6730871725","-14.6730871725"
"345","-14.5227440119","-14.5227440119","-14.5227440119"
"346","-14.9193067408","-14.9193067408","-14.9193067408"
"347","-14.58866364","-14.58866364","-14.58866364"
"348","-14.6378702927","-14.6378702927","-14.6378702927"
"349","-14.7441740322","-14.7441740322","-14.7441740322"
"350","-14.6394171715","-14.6394171715","-14.6394171715"
"351","-14.8219060802","-14.8219060802","-14.8219060802"
"352","-14.6926270056","-14.6926270056","-14.6926270056"
"353","-14.7508653307","-14.7508653307","-14.7508653307"
"354","-14.8237489891","-14.8237489891","-14.8237489891"
"355","-14.9070625639","-14.9070625639","-14.9070625639"
"356","-14.7954087257","-14.7954087257","-14.7954087257"
"357","-14.7627685928","-14.7627685928","-14.7627685928"
"358","-14.7440785027","-14.7440785027","-14.7440785027"
"359","-14.7351632214","-14.7351632214","-14.7351632214"
"360","-14.8373471546","-14.8373471546","-14.8373471546"
"361","-14.6606038761","-14.6606038761","-14.6606038761"
"362","-14.8360074663","-14.8360074663","-14.8360074663"
"363","-14.9193711758","-14.9193711758","-14.9193711758"
"364","-14.7732660675","-14.7732660675","-14.7732660675"
"365","-14.7354044485","-14.7354044485","-14.7354044485"
"366","-14.9098801041","-14.9098801041","-14.9098801041"
"367","-14.8787382841","-14.8787382841","-14.8787382841"
"368","-14.9051752663","-14.9051752663","-14.9051752663"
"369","-14.7627502298","-14.7627502298","-14.7627502298"
"370","-14.7973352528","-14.7973352528","-14.7973352528"
"371","-14.8244957304","-14.8244957304","-14.8244957304"
"372","-14.8619723368","-14.8619723368","-14.8619723368"
"373","-14.7632812834","-14.7632812834","-14.7632812834"
"374","-14.9118884134","-14.9118884134","-14.9118884134"
"375","-14.9324674225","-14.9324674225","-14.9324674225"
"376","-14.8574550152","-14.8574550152","-14.8574550152"
"377","-14.8962110281","-14.8962110281","-14.8962110281"
"378","-14.7204650068","-14.7204650068","-14.7204650068"
"379","-14.8205525398","-14.8205525398","-14.8205525398"
"380","-14.8220090151","-14.8220090151","-14.8220090151"
"381","-14.9444113398","-14.9444113398","-14.9444113398"
"382","-14.9916063356","-14.9916063356","-14.9916063356"
"383","-14.8669540691","-14.8669540691","-14.8669540691"
"384","-14.9372587824","-14.9372587824","-14.9372587824"
"385","-14.931681385","-14.931681385","-14.931681385"
"386","-14.8540991879","-14.8540991879","-14.8540991879"
"387","-15.0395589781","-15.0395589781","-15.0395589781"
"388","-15.059526844","-15.059526844","-15.059526844"
"389","-15.0508060122","-15.0508060122","-15.0508060122"
"390","-15.0022909975","-15.0022909975","-15.0022909975"
"391","-14.8614695501","-14.8614695501","-14.8614695501"
"392","-14.9800328159","-14.9800328159","-14.9800328159"
"393","-14.8749921083","-14.8749921083","-14.8749921083"
"394","-14.8641725159","-14.8641725159","-14.8641725159"
"395","-14.9642209148","-14.9642209148","-14.9642209148"
"396","-15.0528237247","-15.0528237247","-15.0528237247"
"397","-14.9998624802","-14.9998624802","-14.9998624802"
"398","-15.1396758986","-15.1396758986","-15.1396758986"
"399","-14.9825865936","-14.9825865936","-14.9825865936"
"400","-15.0437337685","-15.0437337685","-15.0437337685"
"401","-15.0104322624","-15.0104322624","-15.0104322624"
"402","-15.0405006599","-15.0405006599","-15.0405006599"
"403","-15.0803811407","-15.0803811407","-15.0803811407"
"404","-15.0684521866","-15.0684521866","-15.0684521866"
"405","-15.1011284828","-15.1011284828","-15.1011284828"
"406","-15.132299614","-15.132299614","-15.132299614"
"407","-15.0465627956","-15.0465627956","-15.0465627956"
"408","-14.9992233324","-14.9992233324","-14.9992233324"
"409","-15.1287813282","-15.1287813282","-15.1287813282"
"410","-15.2638740873","-15.2638740873","-15.2638740873"
"411","-15.0887302113","-15.0887302113","-15.0887302113"
"412","-15.2258701706","-15.2258701706","-15.2258701706"
"413","-15.1787777996","-15.1787777996","-15.1787777996"
"414","-15.1608335686","-15.1608335686","-15.1608335686"
"415","-15.2010263062","-15.2010263062","-15.2010263062"
"416","-15.2240904427","-15.2240904427","-15.2240904427"
"417","-15.3770868063","-15.3770868063","-15.3770868063"
"418","-15.2817538404","-15.2817538404","-15.2817538404"
"419","-15.2965922976","-15.2965922976","-15.2965922976"
"420","-15.3932074785","-15.3932074785","-15.3932074785"
"421","-15.4784199953","-15.4784199953","-15.4784199953"
"422","-15.4545298481","-15.4545298481","-15.4545298481"
"423","-15.5105882168","-15.5105882168","-15.5105882168"
"424","-15.5224238253","-15.5224238253","-15.5224238253"
"425","-15.5761025286","-15.5761025286","-15.5761025286"
"426","-15.4729213715","-15.4729213715","-15.4729213715"
"427","-15.4365503216","-15.4365503216","-15.4365503216"
"428","-15.519364953","-15.519364953","-15.519364953"
"429","-15.6665850973","-15.6665850973","-15.6665850973"
"430","-15.6359765148","-15.6359765148","-15.6359765148"
"431","-15.6575680113","-15.6575680113","-15.6575680113"
"432","-15.7872625637","-15.7872625637","-15.7872625637"
"433","-15.7400494623","-15.7400494623","-15.7400494623"
"434","-15.6964076471","-15.6964076471","-15.6964076471"
"435","-15.748957181","-15.748957181","-15.748957181"
"436","-15.8187862444","-15.8187862444","-15.8187862444"
"437","-15.8528061771","-15.8528061771","-15.8528061771"
"438","-15.8528264427","-15.8528264427","-15.8528264427"
"439","-15.8250512981","-15.8250512981","-15.8250512981"
"440","-15.8507653618","-15.8507653618","-15.8507653618"
"441","-16.071411171","-16.071411171","-16.071411171"
"442","-15.974526968","-15.974526968","-15.974526968"
"443","-16.1433769464","-16.1433769464","-16.1433769464"
"444","-16.1412835503","-16.1412835503","-16.1412835503"
"445","-16.1880003929","-16.1880003929","-16.1880003929"
"446","-16.1332498264","-16.1332498264","-16.1332498264"
"447","-16.2892490244","-16.2892490244","-16.2892490244"
"448","-16.1618880844","-16.1618880844","-16.1618880844"
"449","-16.3656901646","-16.3656901646","-16.3656901646"
"450","-16.2388206005","-16.2388206005","-16.2388206005"
"451","-16.3996357489","-16.3996357489","-16.3996357489"
"452","-16.3690456867","-16.3690456867","-16.3690456867"
"453","-16.4177907419","-16.4177907419","-16.4177907419"
"454","-16.4990832806","-16.4990832806","-16.4990832806"
"455","-16.5312243223","-16.5312243223","-16.5312243223"
"456","-16.4795517302","-16.4795517302","-16.4795517302"
"457","-16.5961382055","-16.5961382055","-16.5961382055"
"458","-16.4676318598","-16.4676318598","-16.4676318598"
"459","-16.5342728186","-16.5342728186","-16.5342728186"
"460","-16.648143754","-16.648143754","-16.648143754"
"461","-16.6884245014","-16.6884245014","-16.6884245014"
"462","-16.5075729799","-16.5075729799","-16.5075729799"
"463","-16.7330837917","-16.7330837917","-16.7330837917"
"464","-16.7617929554","-16.7617929554","-16.7617929554"
"465","-16.7900692797","-16.7900692797","-16.7900692797"
"466","-16.742068758","-16.742068758","-16.742068758"
"467","-16.9428100872","-16.9428100872","-16.9428100872"
"468","-16.9083782434","-16.9083782434","-16.9083782434"
"469","-17.018783288","-17.018783288","-17.018783288"
"470","-16.9998497343","-16.9998497343","-16.9998497343"
"471","-17.0698183584","-17.0698183584","-17.0698183584"
"472","-17.1715792036","-17.1715792036","-17.1715792036"
"473","-17.1179144812","-17.1179144812","-17.1179144812"
"474","-17.1685230446","-17.1685230446","-17.1685230446"
"475","-17.2123806238","-17.2123806238","-17.2123806238"
"476","-17.1692473078","-17.1692473078","-17.1692473078"
"477","-17.1797172451","-17.1797172451","-17.1797172451"
"478","-17.3317246771","-17.3317246771","-17.3317246771"
"479","-17.1544873381","-17.1544873381","-17.1544873381"
"480","-17.2167235184","-17.2167235184","-17.2167235184"
"481","-17.4161311054","-17.4161311054","-17.4161311054"
"482","-17.3475908518","-17.3475908518","-17.3475908518"
"483","-17.4508984756","-17.4508984756","-17.4508984756"
"484","-17.2810283375","-17.2810283375","-17.2810283375"
"485","-17.4781608105","-17.4781608105","-17.4781608105"
"486","-17.4656669569","-17.4656669569","-17.4656669569"
"487","-17.4898545694","-17.4898545694","-17.4898545694"
"488","-17.5713445997","-17.5713445997","-17.5713445997"
"489","-17.5844357872","-17.5844357872","-17.5844357872"
"490","-17.6313089848","-17.6313089848","-17.6313089848"
"491","-17.7409577656","-17.7409577656","-17.7409577656"
"492","-17.7655944872","-17.7655944872","-17.7655944872"
"493","-17.7627683306","-17.7627683306","-17.7627683306"
"494","-17.7476333618","-17.7476333618","-17.7476333618"
"495","-17.8509621239","-17.8509621239","-17.8509621239"
"496","-17.782861414","-17.782861414","-17.782861414"
"497","-17.8488637495","-17.8488637495","-17.8488637495"
"498","-17.8082341766","-17.8082341766","-17.8082341766"
"499","-17.906525116","-17.906525116","-17.906525116"
"500","-17.9505917978","-17.9505917978","-17.9505917978"
"501","-17.9894809771","-17.9894809771","-17.9894809771"
"502","-17.9766951466","-17.9766951466","-17.9766951466"
"503","-17.9767563438","-17.9767563438","-17.9767563438"
"504","-18.0232400608","-18.0232400608","-18.0232400608"
"505","-18.0099911499","-18.0099911499","-18.0099911499"
"506","-18.0196532059","-18.0196532059","-18.0196532059"
"507","-18.1595930195","-18.1595930195","-18.1595930195"
"508","-18.2862824917","-18.2862824917","-18.2862824917"
"509","-18.1352231598","-18.1352231598","-18.1352231598"
"510","-18.288388896","-18.288388896","-18.288388896"
"511","-18.3877088356","-18.3877088356","-18.3877088356"
"512","-18.2249768734","-18.2249768734","-18.2249768734"
"513","-18.4163263321","-18.4163263321","-18.4163263321"
"514","-18.324348278","-18.324348278","-18.324348278"
"515","-18.4199655914","-18.4199655914","-18.4199655914"
"516","-18.3450843382","-18.3450843382","-18.3450843382"
"517","-18.4910489082","-18.4910489082","-18.4910489082"
"518","-18.4356515932","-18.4356515932","-18.4356515932"
"519","-18.5103005981","-18.5103005981","-18.5103005981"
"520","-18.4652591085","-18.4652591085","-18.4652591085"
"521","-18.4389729977","-18.4389729977","-18.4389729977"
"522","-18.4410412788","-18.4410412788","-18.4410412788"
"523","-18.5463750076","-18.5463750076","-18.5463750076"
"524","-18.7421492481","-18.7421492481","-18.7421492481"
"525","-18.5737900257","-18.5737900257","-18.5737900257"
"526","-18.7086293745","-18.7086293745","-18.7086293745"
"527","-18.6742455769","-18.6742455769","-18.6742455769"
"528","-18.66722826","-18.66722826","-18.66722826"
"529","-18.5911930418","-18.5911930418","-18.5911930418"
"530","-18.7784958744","-18.7784958744","-18.7784958744"
"531","-18.6834884834","-18.6834884834","-18.6834884834"
"532","-18.750162487","-18.750162487","-18.750162487"
"533","-18.8161420631","-18.8161420631","-18.8161420631"
"534","-18.7598715019","-18.7598715019","-18.7598715019"
"535","-18.9377219391","-18.9377219391","-18.9377219391"
"536","-18.89244771","-18.89244771","-18.89244771"
"537","-18.8767797947","-18.8767797947","-18.8767797947"
"538","-19.0694664764","-19.0694664764","-19.0694664764"
"539","-18.9751865768","-18.9751865768","-18.9751865768"
"540","-18.9809787464","-18.9809787464","-18.9809787464"
"541","-19.053902235","-19.053902235","-19.053902235"
"542","-18.9843751144","-18.9843751144","-18.9843751144"
"543","-19.0941401958","-19.0941401958","-19.0941401958"
"544","-19.1678127956","-19.1678127956","-19.1678127956"
"545","-19.1976425743","-19.1976425743","-19.1976425743"
"546","-19.3007671642","-19.3007671642","-19.3007671642"
"547","-19.2450297737","-19.2450297737","-19.2450297737"
"548","-19.2906022549","-19.2906022549","-19.2906022549"
"549","-19.3136999512","-19.3136999512","-19.3136999512"
"550","-19.3073727703","-19.3073727703","-19.3073727703"
"551","-19.3525654411","-19.3525654411","-19.3525654411"
"552","-19.2715575409","-19.2715575409","-19.2715575409"
"553","-19.4967594528","-19.4967594528","-19.4967594528"
"554","-19.4050942135","-19.4050942135","-19.4050942135"
"555","-19.7089098358","-19.7089098358","-19.7089098358"
"556","-19.6525229645","-19.6525229645","-19.6525229645"
"557","-19.7296776676","-19.7296776676","-19.7296776676"
"558","-19.7757188034","-19.7757188034","-19.7757188034"
"559","-19.8375117111","-19.8375117111","-19.8375117111"
"560","-19.7124488449","-19.7124488449","-19.7124488449"
"561","-19.7263906479","-19.7263906479","-19.7263906479"
"562","-19.8917835236","-19.8917835236","-19.8917835236"
"563","-19.8079232883","-19.8079232883","-19.8079232883"
"564","-19.8824069214","-19.8824069214","-19.8824069214"
"565","-19.9965083504","-19.9965083504","-19.9965083504"
"566","-20.0053043556","-20.0053043556","-20.0053043556"
"567","-19.9981313229","-19.9981313229","-19.9981313229"
"568","-20.0598858547","-20.0598858547","-20.0598858547"
"569","-19.9991909313","-19.9991909313","-19.9991909313"
"570","-20.034967947","-20.034967947","-20.034967947"
"571","-20.2392582893","-20.2392582893","-20.2392582893"
"572","-20.2837427425","-20.2837427425","-20.2837427425"
"573","-20.2453332043","-20.2453332043","-20.2453332043"
"574","-20.2142633343","-20.2142633343","-20.2142633343"
"575","-20.1718270683","-20.1718270683","-20.1718270683"
"576","-20.3788403416","-20.3788403416","-20.3788403416"
"577","-20.3987638474","-20.3987638474","-20.3987638474"
"578","-20.2872336292","-20.2872336292","-20.2872336292"
"579","-20.3656949997","-20.3656949997","-20.3656949997"
"580","-20.3780684185","-20.3780684185","-20.3780684185"
"581","-20.327789669","-20.327789669","-20.327789669"
"582","-20.4212826729","-20.4212826729","-20.4212826729"
"583","-20.3762710667","-20.3762710667","-20.3762710667"
"584","-20.4987205124","-20.4987205124","-20.4987205124"
"585","-20.501214695","-20.501214695","-20.501214695"
"586","-20.5204282856","-20.5204282856","-20.5204282856"
"587","-20.5507198811","-20.5507198811","-20.5507198811"
"588","-20.7478686047","-20.7478686047","-20.7478686047"
"589","-20.6785585785","-20.6785585785","-20.6785585785"
"590","-20.7184528637","-20.7184528637","-20.7184528637"
"591","-20.8386201","-20.8386201","-20.8386201"
"592","-20.8701018715","-20.8701018715","-20.8701018715"
"593","-20.8363390923","-20.8363390923","-20.8363390923"
"594","-20.8463278866","-20.8463278866","-20.8463278866"
"595","-20.8496890163","-20.8496890163","-20.8496890163"
"596","-21.0155945396","-21.0155945396","-21.0155945396"
"597","-20.9963722515","-20.9963722515","-20.9963722515"
"598","-21.0732034302","-21.0732034302","-21.0732034302"
"599","-21.0870418739","-21.0870418739","-21.0870418739"
"600","-21.1082988262","-21.1082988262","-21.1082988262"
"601","-21.133476572","-21.133476572","-21.133476572"
"602","-21.1125189114","-21.1125189114","-21.1125189114"
"603","-21.23779953","-21.23779953","-21.23779953"
"604","-21.1190725517","-21.1190725517","-21.1190725517"
"605","-21.1770011616","-21.1770011616","-21.1770011616"
"606","-21.3708330727","-21.3708330727","-21.3708330727"
"607","-21.2871274662","-21.2871274662","-21.2871274662"
"608","-21.2929229927","-21.2929229927","-21.2929229927"
"609","-21.3079960823","-21.3079960823","-21.3079960823"
"610","-21.4221908092","-21.4221908092","-21.4221908092"
"611","-21.460973053","-21.460973053","-21.460973053"
"612","-21.4508609676","-21.4508609676","-21.4508609676"
"613","-21.461517601","-21.461517601","-21.461517601"
"614","-21.4233695221","-21.4233695221","-21.4233695221"
"615","-21.5122241783","-21.5122241783","-21.5122241783"
"616","-21.6906542492","-21.6906542492","-21.6906542492"
"617","-21.6011198139","-21.6011198139","-21.6011198139"
"618","-21.5103288651","-21.5103288651","-21.5103288651"
"619","-21.5397167206","-21.5397167206","-21.5397167206"
"620","-21.6400026989","-21.6400026989","-21.6400026989"
"621","-21.7961782646","-21.7961782646","-21.7961782646"
"622","-21.8001723957","-21.8001723957","-21.8001723957"
"623","-21.8508046055","-21.8508046055","-21.8508046055"
"624","-21.8054358006","-21.8054358006","-21.8054358006"
"625","-21.9156651497","-21.9156651497","-21.9156651497"
"626","-21.9678172779","-21.9678172779","-21.9678172779"
"627","-21.9967562389","-21.9967562389","-21.9967562389"
"628","-21.915009222","-21.915009222","-21.915009222"
"629","-22.0554313087","-22.0554313087","-22.0554313087"
"630","-22.0009624386","-22.0009624386","-22.0009624386"
"631","-22.0995477104","-22.0995477104","-22.0995477104"
"632","-22.0394513988","-22.0394513988","-22.0394513988"
"633","-22.1109844398","-22.1109844398","-22.1109844398"
"634","-22.1894188881","-22.1894188881","-22.1894188881"
"635","-22.2399306679","-22.2399306679","-22.2399306679"
"636","-22.2690633774","-22.2690633774","-22.2690633774"
"637","-22.2486493111","-22.2486493111","-22.2486493111"
"638","-22.2694308281","-22.2694308281","-22.2694308281"
"639","-22.3893225574","-22.3893225574","-22.3893225574"
"640","-22.3940398693","-22.3940398693","-22.3940398693"
"641","-22.4041405869","-22.4041405869","-22.4041405869"
"642","-22.4978249073","-22.4978249073","-22.4978249073"
"643","-22.5963724518","-22.5963724518","-22.5963724518"
"644","-22.5901329899","-22.5901329899","-22.5901329899"
"645","-22.4758094978","-22.4758094978","-22.4758094978"
"646","-22.6223804855","-22.6223804855","-22.6223804855"
"647","-22.6561029339","-22.6561029339","-22.6561029339"
"648","-22.7046853352","-22.7046853352","-22.7046853352"
"649","-22.8063835812","-22.8063835812","-22.8063835812"
"650","-22.7897199917","-22.7897199917","-22.7897199917"
"651","-22.7995568848","-22.7995568848","-22.7995568848"
"652","-22.8695202446","-22.8695202446","-22.8695202446"
"653","-22.828250618","-22.828250618","-22.828250618"
"654","-22.945702734","-22.945702734","-22.945702734"
"655","-22.9754658413","-22.9754658413","-22.9754658413"
"656","-23.0242998505","-23.0242998505","-23.0242998505"
"657","-23.0850524998","-23.0850524998","-23.0850524998"
"658","-22.9843653011","-22.9843653011","-22.9843653011"
"659","-23.1585573578","-23.1585573578","-23.1585573578"
"660","-23.1629343033","-23.1629343033","-23.1629343033"
"661","-23.1364137745","-23.1364137745","-23.1364137745"
"662","-23.1331071663","-23.1331071663","-23.1331071663"
"663","-23.1956282711","-23.1956282711","-23.1956282711"
"664","-23.3354175568","-23.3354175568","-23.3354175568"
"665","-23.24836689","-23.24836689","-23.24836689"
"666","-23.430425148","-23.430425148","-23.430425148"
"667","-23.4347932625","-23.4347932625","-23.4347932625"
"668","-23.492923069","-23.492923069","-23.492923069"
"669","-23.3611363316","-23.3611363316","-23.3611363316"
"670","-23.4864708328","-23.4864708328","-23.4864708328"
"671","-23.4597282696","-23.4597282696","-23.4597282696"
"672","-23.6211573505","-23.6211573505","-23.6211573505"
"673","-23.5669699287","-23.5669699287","-23.5669699287"
"674","-23.7575405407","-23.7575405407","-23.7575405407"
"675","-23.6880508804","-23.6880508804","-23.6880508804"
"676","-23.7497226334","-23.7497226334","-23.7497226334"
"677","-23.7964289379","-23.7964289379","-23.7964289379"
"678","-23.8595969486","-23.8595969486","-23.8595969486"
"679","-23.8903729725","-23.8903729725","-23.8903729725"
"680","-23.9423615837","-23.9423615837","-23.9423615837"
"681","-24.0179257011","-24.0179257011","-24.0179257011"
"682","-24.0444822884","-24.0444822884","-24.0444822884"
"683","-24.0572887325","-24.0572887325","-24.0572887325"
"684","-24.1369459915","-24.1369459915","-24.1369459915"
"685","-24.1473825359","-24.1473825359","-24.1473825359"
"686","-24.0733168411","-24.0733168411","-24.0733168411"
"687","-24.212116518","-24.212116518","-24.212116518"
"688","-24.192751255","-24.192751255","-24.192751255"
"689","-24.3201336765","-24.3201336765","-24.3201336765"
"690","-24.4245790386","-24.4245790386","-24.4245790386"
"691","-24.4973823261","-24.4973823261","-24.4973823261"
"692","-24.4490602207","-24.4490602207","-24.4490602207"
"693","-24.5105741596","-24.5105741596","-24.5105741596"
"694","-24.5575498009","-24.5575498009","-24.5575498009"
"695","-24.5584695053","-24.5584695053","-24.5584695053"
"696","-24.5035840702","-24.5035840702","-24.5035840702"
"697","-24.6809650898","-24.6809650898","-24.6809650898"
"698","-24.7395628643","-24.7395628643","-24.7395628643"
"699","-24.7485900307","-24.7485900307","-24.7485900307"
"700","-24.7004590607","-24.7004590607","-24.7004590607"
"701","-24.76075387","-24.76075387","-24.76075387"
"702","-24.7684617233","-24.7684617233","-24.7684617233"
"703","-24.6458134174","-24.6458134174","-24.6458134174"
"704","-24.9712586117","-24.9712586117","-24.9712586117"
"705","-24.9164160728","-24.9164160728","-24.9164160728"
"706","-24.8501620674","-24.8501620674","-24.8501620674"
"707","-24.9897231674","-24.9897231674","-24.9897231674"
"708","-25.1027794933","-25.1027794933","-25.1027794933"
"709","-25.2018536568","-25.2018536568","-25.2018536568"
"710","-25.1551170731","-25.1551170731","-25.1551170731"
"711","-25.2211576462","-25.2211576462","-25.2211576462"
"712","-25.2181019115","-25.2181019115","-25.2181019115"
"713","-25.288722868","-25.288722868","-25.288722868"
"714","-25.3247430325","-25.3247430325","-25.3247430325"
"715","-25.4026363468","-25.4026363468","-25.4026363468"
"716","-25.4838044071","-25.4838044071","-25.4838044071"
"717","-25.4977404118","-25.4977404118","-25.4977404118"
"718","-25.5662372017","-25.5662372017","-25.5662372017"
"719","-25.3708919144","-25.3708919144","-25.3708919144"
"720","-25.5515894794","-25.5515894794","-25.5515894794"
"721","-25.5143581772","-25.5143581772","-25.5143581772"
"722","-25.5960916138","-25.5960916138","-25.5960916138"
"723","-25.6447040844","-25.6447040844","-25.6447040844"
"724","-25.6789040565","-25.6789040565","-25.6789040565"
"725","-25.6905283165","-25.6905283165","-25.6905283165"
"726","-25.7528922462","-25.7528922462","-25.7528922462"
"727","-25.7570811272","-25.7570811272","-25.7570811272"
"728","-25.8131795597","-25.8131795597","-25.8131795597"
"729","-25.8814603996","-25.8814603996","-25.8814603996"
"730","-25.8518521881","-25.8518521881","-25.8518521881"
"731","-25.9363917923","-25.9363917923","-25.9363917923"
"732","-26.1091489792","-26.1091489792","-26.1091489792"
"733","-26.0121412945","-26.0121412945","-26.0121412945"
"734","-26.1288619804","-26.1288619804","-26.1288619804"
"735","-26.1233304691","-26.1233304691","-26.1233304691"
"736","-26.1192305279","-26.1192305279","-26.1192305279"
"737","-26.2016993523","-26.2016993523","-26.2016993523"
"738","-26.2315286922","-26.2315286922","-26.2315286922"
"739","-26.2929650688","-26.2929650688","-26.2929650688"
"740","-26.2792154312","-26.2792154312","-26.2792154312"
"741","-26.318887682","-26.318887682","-26.318887682"
"742","-26.339918232","-26.339918232","-26.339918232"
"743","-26.3588618183","-26.3588618183","-26.3588618183"
"744","-26.4369775486","-26.4369775486","-26.4369775486"
"745","-26.4134212208","-26.4134212208","-26.4134212208"
"746","-26.50638731","-26.50638731","-26.50638731"
"747","-26.5486163235","-26.5486163235","-26.5486163235"
"748","-26.5523256779","-26.5523256779","-26.5523256779"
"749","-26.4980578613","-26.4980578613","-26.4980578613"
"750","-26.6987239456","-26.6987239456","-26.6987239456"
"751","-26.763571558","-26.763571558","-26.763571558"
"752","-26.7878731823","-26.7878731823","-26.7878731823"
"753","-26.7707085133","-26.7707085133","-26.7707085133"
"754","-26.7232204914","-26.7232204914","-26.7232204914"
"755","-26.8330401707","-26.8330401707","-26.8330401707"
"756","-26.8847128391","-26.8847128391","-26.8847128391"
"757","-26.90263237","-26.90263237","-26.90263237"
"758","-26.9512865162","-26.9512865162","-26.9512865162"
"759","-27.0386423111","-27.0386423111","-27.0386423111"
"760","-26.9821835899","-26.9821835899","-26.9821835899"
"761","-26.9894067287","-26.9894067287","-26.9894067287"
"762","-27.0213610649","-27.0213610649","-27.0213610649"
"763","-27.1068237686","-27.1068237686","-27.1068237686"
"764","-27.0829271889","-27.0829271889","-27.0829271889"
"765","-27.1503378582","-27.1503378582","-27.1503378582"
"766","-27.1438986206","-27.1438986206","-27.1438986206"
"767","-27.18592062","-27.18592062","-27.18592062"
"768","-27.1573606586","-27.1573606586","-27.1573606586"
"769","-27.3483398151","-27.3483398151","-27.3483398151"
"770","-27.3583341312","-27.3583341312","-27.3583341312"
"771","-27.3286462688","-27.3286462688","-27.3286462688"
"772","-27.4147024822","-27.4147024822","-27.4147024822"
"773","-27.3766618252","-27.3766618252","-27.3766618252"
"774","-27.5495354462","-27.5495354462","-27.5495354462"
"775","-27.405147047","-27.405147047","-27.405147047"
"776","-27.4784990692","-27.4784990692","-27.4784990692"
"777","-27.5728124523","-27.5728124523","-27.5728124523"
"778","-27.5636154652","-27.5636154652","-27.5636154652"
"779","-27.6637269211","-27.6637269211","-27.6637269211"
"780","-27.5981464195","-27.5981464195","-27.5981464195"
"781","-27.6937864304","-27.6937864304","-27.6937864304"
"782","-27.7427027035","-27.7427027035","-27.7427027035"
"783","-27.6702224541","-27.6702224541","-27.6702224541"
"784","-27.8576506424","-27.8576506424","-27.8576506424"
"785","-27.7076836872","-27.7076836872","-27.7076836872"
"786","-27.7621470356","-27.7621470356","-27.7621470356"
"787","-27.7047779751","-27.7047779751","-27.7047779751"
"788","-27.7423297215","-27.7423297215","-27.7423297215"
"789","-27.8402017021","-27.8402017021","-27.8402017021"
"790","-27.9646576405","-27.9646576405","-27.9646576405"
"791","-27.8712922573","-27.8712922573","-27.8712922573"
"792","-28.0225734329","-28.0225734329","-28.0225734329"
"793","-28.0627925873","-28.0627925873","-28.0627925873"
"794","-28.1482860374","-28.1482860374","-28.1482860374"
"795","-28.1448023891","-28.1448023891","-28.1448023891"
"796","-28.0642061234","-28.0642061234","-28.0642061234"
"797","-28.1351849747","-28.1351849747","-28.1351849747"
"798","-28.1916817284","-28.1916817284","-28.1916817284"
"799","-28.2904782391","-28.2904782391","-28.2904782391"
"800","-28.2654605675","-28.2654605675","-28.2654605675"
"801","-28.3015603447","-28.3015603447","-28.3015603447"
"802","-28.5015627384","-28.5015627384","-28.5015627384"
"803","-28.3503552818","-28.3503552818","-28.3503552818"
"804","-28.3951813412","-28.3951813412","-28.3951813412"
"805","-28.4952921581","-28.4952921581","-28.4952921581"
"806","-28.4715862083","-28.4715862083","-28.4715862083"
"807","-28.4685144806","-28.4685144806","-28.4685144806"
"808","-28.5705687618","-28.5705687618","-28.5705687618"
"809","-28.5741473675","-28.5741473675","-28.5741473675"
"810","-28.5341240597","-28.5341240597","-28.5341240597"
"811","-28.5864979839","-28.5864979839","-28.5864979839"
"812","-28.714126997","-28.714126997","-28.714126997"
"813","-28.6893590546","-28.6893590546","-28.6893590546"
"814","-28.8257751751","-28.8257751751","-28.8257751751"
"815","-28.7005623627","-28.7005623627","-28.7005623627"
"816","-28.7370214653","-28.7370214653","-28.7370214653"
"817","-28.7808213997","-28.7808213997","-28.7808213997"
"818","-28.8227531433","-28.8227531433","-28.8227531433"
"819","-28.7889472675","-28.7889472675","-28.7889472675"
"820","-28.8637217522","-28.8637217522","-28.8637217522"
"821","-28.863789072","-28.863789072","-28.863789072"
"822","-28.7922051907","-28.7922051907","-28.7922051907"
"823","-28.9172118664","-28.9172118664","-28.9172118664"
"824","-28.9380157757","-28.9380157757","-28.9380157757"
"825","-28.9910412502","-28.9910412502","-28.9910412502"
"826","-29.0351420498","-29.0351420498","-29.0351420498"
"827","-28.9438664246","-28.9438664246","-28.9438664246"
"828","-29.0565691376","-29.0565691376","-29.0565691376"
"829","-29.0844517994","-29.0844517994","-29.0844517994"
"830","-29.1061182404","-29.1061182404","-29.1061182404"
"831","-29.060291605","-29.060291605","-29.060291605"
"832","-29.1563870716","-29.1563870716","-29.1563870716"
"833","-29.1381670666","-29.1381670666","-29.1381670666"
"834","-29.1731755829","-29.1731755829","-29.1731755829"
"835","-29.1690152645","-29.1690152645","-29.1690152645"
"836","-29.1820919514","-29.1820919514","-29.1820919514"
"837","-29.2811821365","-29.2811821365","-29.2811821365"
"838","-29.2903039265","-29.2903039265","-29.2903039265"
"839","-29.246662159","-29.246662159","-29.246662159"
"840","-29.2983726501","-29.2983726501","-29.2983726501"
"841","-29.3799218273","-29.3799218273","-29.3799218273"
"842","-29.3565475464","-29.3565475464","-29.3565475464"
"843","-29.3227275372","-29.3227275372","-29.3227275372"
"844","-29.4695614433","-29.4695614433","-29.4695614433"
"845","-29.4560139847","-29.4560139847","-29.4560139847"
"846","-29.4884009933","-29.4884009933","-29.4884009933"
"847","-29.418533926","-29.418533926","-29.418533926"
"848","-29.3917643547","-29.3917643547","-29.3917643547"
"849","-29.4559169006","-29.4559169006","-29.4559169006"
"850","-29.4307935333","-29.4307935333","-29.4307935333"
"851","-29.4480422497","-29.4480422497","-29.4480422497"
"852","-29.5284767532","-29.5284767532","-29.5284767532"
"853","-29.6101215839","-29.6101215839","-29.6101215839"
"854","-29.5221500492","-29.5221500492","-29.5221500492"
"855","-29.5422706223","-29.5422706223","-29.5422706223"
"856","-29.5909531689","-29.5909531689","-29.5909531689"
"857","-29.620857296","-29.620857296","-29.620857296"
"858","-29.714872942","-29.714872942","-29.714872942"
"859","-29.6817195129","-29.6817195129","-29.6817195129"
"860","-29.7908487415","-29.7908487415","-29.7908487415"
"861","-29.7808466911","-29.7808466911","-29.7808466911"
"862","-29.7593528461","-29.7593528461","-29.7593528461"
"863","-29.790946703","-29.790946703","-29.790946703"
"864","-29.8489461803","-29.8489461803","-29.8489461803"
"865","-29.8442674732","-29.8442674732","-29.8442674732"
"866","-29.9133404827","-29.9133404827","-29.9133404827"
"867","-29.8747531033","-29.8747531033","-29.8747531033"
"868","-29.8088526726","-29.8088526726","-29.8088526726"
"869","-29.9580283546","-29.9580283546","-29.9580283546"
"870","-29.962707901","-29.962707901","-29.962707901"
"871","-29.9823566246","-29.9823566246","-29.9823566246"
"872","-30.0330409622","-30.0330409622","-30.0330409622"
"873","-30.0103316402","-30.0103316402","-30.0103316402"
"874","-30.0913558674","-30.0913558674","-30.0913558674"
"875","-30.1103506088","-30.1103506088","-30.1103506088"
"876","-30.1706138706","-30.1706138706","-30.1706138706"
"877","-30.1122555447","-30.1122555447","-30.1122555447"
"878","-30.2665237904","-30.2665237904","-30.2665237904"
"879","-30.1962910175","-30.1962910175","-30.1962910175"
"880","-30.3296938133","-30.3296938133","-30.3296938133"
"881","-30.0965517712","-30.0965517712","-30.0965517712"
"882","-30.1548257351","-30.1548257351","-30.1548257351"
"883","-30.3144051361","-30.3144051361","-30.3144051361"
"884","-30.353999157","-30.353999157","-30.353999157"
"885","-30.5188259029","-30.5188259029","-30.5188259029"
"886","-30.4394937325","-30.4394937325","-30.4394937325"
"887","-30.3813577747","-30.3813577747","-30.3813577747"
"888","-30.5586160088","-30.5586160088","-30.5586160088"
"889","-30.5287888432","-30.5287888432","-30.5287888432"
"890","-30.3909916592","-30.3909916592","-30.3909916592"
"891","-30.429630394","-30.429630394","-30.429630394"
"892","-30.5233297825","-30.5233297825","-30.5233297825"
"893","-30.5255857372","-30.5255857372","-30.5255857372"
"894","-30.5841989136","-30.5841989136","-30.5841989136"
"895","-30.4920685959","-30.4920685959","-30.4920685959"
"896","-30.7018765068","-30.7018765068","-30.7018765068"
"897","-30.6303400421","-30.6303400421","-30.6303400421"
"898","-30.7264145184","-30.7264145184","-30.7264145184"
"899","-30.6640057564","-30.6640057564","-30.6640057564"
"900","-30.7042521","-30.7042521","-30.7042521"
"901","-30.837739296","-30.837739296","-30.837739296"
"902","-30.8955453205","-30.8955453205","-30.8955453205"
"903","-30.7995396519","-30.7995396519","-30.7995396519"
"904","-30.8962772846","-30.8962772846","-30.8962772846"
"905","-30.8850169945","-30.8850169945","-30.8850169945"
"906","-30.8334270191","-30.8334270191","-30.8334270191"
"907","-30.9021014118","-30.9021014118","-30.9021014118"
"908","-30.8792171001","-30.8792171001","-30.8792171001"
"909","-30.994478693","-30.994478693","-30.994478693"
"910","-30.9243276024","-30.9243276024","-30.9243276024"
"911","-30.9873838425","-30.9873838425","-30.9873838425"
"912","-30.9761575985","-30.9761575985","-30.9761575985"
"913","-30.9161349964","-30.9161349964","-30.9161349964"
"914","-31.079473629","-31.079473629","-31.079473629"
"915","-31.0217647934","-31.0217647934","-31.0217647934"
"916","-31.1134931374","-31.1134931374","-31.1134931374"
"917","-31.064261055","-31.064261055","-31.064261055"
"918","-31.1056646347","-31.1056646347","-31.1056646347"
"919","-31.0698163605","-31.0698163605","-31.0698163605"
"920","-31.1417618465","-31.1417618465","-31.1417618465"
"921","-31.1677339077","-31.1677339077","-31.1677339077"
"922","-31.3276356411","-31.3276356411","-31.3276356411"
"923","-31.2949810123","-31.2949810123","-31.2949810123"
"924","-31.3179683971","-31.3179683971","-31.3179683971"
"925","-31.296276865","-31.296276865","-31.296276865"
"926","-31.1827602386","-31.1827602386","-31.1827602386"
"927","-31.3232034397","-31.3232034397","-31.3232034397"
"928","-31.302414608","-31.302414608","-31.302414608"
"929","-31.4463158131","-31.4463158131","-31.4463158131"
"930","-31.4580086803","-31.4580086803","-31.4580086803"
"931","-31.3999830055","-31.3999830055","-31.3999830055"
"932","-31.4358818054","-31.4358818054","-31.4358818054"
"933","-31.4715038204","-31.4715038204","-31.4715038204"
"934","-31.551534462","-31.551534462","-31.551534462"
"935","-31.5105644512","-31.5105644512","-31.5105644512"
"936","-31.5333188915","-31.5333188915","-31.5333188915"
"937","-31.5373225403","-31.5373225403","-31.5373225403"
"938","-31.630633049","-31.630633049","-31.630633049"
"939","-31.6222068882","-31.6222068882","-31.6222068882"
"940","-31.621267128","-31.621267128","-31.621267128"
"941","-31.5888188362","-31.5888188362","-31.5888188362"
"942","-31.618372221","-31.618372221","-31.618372221"
"943","-31.7159705162","-31.7159705162","-31.7159705162"
"944","-31.7386530685","-31.7386530685","-31.7386530685"
"945","-31.6608992958","-31.6608992958","-31.6608992958"
"946","-31.7631195354","-31.7631195354","-31.7631195354"
"947","-31.8388950062","-31.8388950062","-31.8388950062"
"948","-31.8653843307","-31.8653843307","-31.8653843307"
"949","-31.8631815815","-31.8631815815","-31.8631815815"
"950","-31.9259161949","-31.9259161949","-31.9259161949"
"951","-31.9539589787","-31.9539589787","-31.9539589787"
"952","-31.9506827164","-31.9506827164","-31.9506827164"
"953","-32.0341714287","-32.0341714287","-32.0341714287"
"954","-31.893270092","-31.893270092","-31.893270092"
"955","-31.9263613319","-31.9263613319","-31.9263613319"
"956","-31.9621125793","-31.9621125793","-31.9621125793"
"957","-31.9410997105","-31.9410997105","-31.9410997105"
"958","-31.9551562405","-31.9551562405","-31.9551562405"
"959","-31.9974727917","-31.9974727917","-31.9974727917"
"960","-32.0393822098","-32.0393822098","-32.0393822098"
"961","-32.0175322628","-32.0175322628","-32.0175322628"
"962","-32.0632395649","-32.0632395649","-32.0632395649"
"963","-31.9876689243","-31.9876689243","-31.9876689243"
"964","-32.1229155254","-32.1229155254","-32.1229155254"
"965","-32.1994428158","-32.1994428158","-32.1994428158"
"966","-32.085223856","-32.085223856","-32.085223856"
"967","-32.2053915024","-32.2053915024","-32.2053915024"
"968","-32.1907516193","-32.1907516193","-32.1907516193"
"969","-32.2691482067","-32.2691482067","-32.2691482067"
"970","-32.3165386963","-32.3165386963","-32.3165386963"
"971","-32.2864798641","-32.2864798641","-32.2864798641"
"972","-32.3724124241","-32.3724124241","-32.3724124241"
"973","-32.2244169235","-32.2244169235","-32.2244169235"
"974","-32.317127037","-32.317127037","-32.317127037"
"975","-32.2774749756","-32.2774749756","-32.2774749756"
"976","-32.3684675312","-32.3684675312","-32.3684675312"
"977","-32.3976498318","-32.3976498318","-32.3976498318"
"978","-32.3859597111","-32.3859597111","-32.3859597111"
"979","-32.3538104248","-32.3538104248","-32.3538104248"
"980","-32.3944076157","-32.3944076157","-32.3944076157"
"981","-32.3699437332","-32.3699437332","-32.3699437332"
"982","-32.3297502232","-32.3297502232","-32.3297502232"
"983","-32.5198502159","-32.5198502159","-32.5198502159"
"984","-32.4752035141","-32.4752035141","-32.4752035141"
"985","-32.3819641018","-32.3819641018","-32.3819641018"
"986","-32.4000310993","-32.4000310993","-32.4000310993"
"987","-32.3984179783","-32.3984179783","-32.3984179783"
"988","-32.474215498","-32.474215498","-32.474215498"
"989","-32.3473245335","-32.3473245335","-32.3473245335"
"990","-32.446307373","-32.446307373","-32.446307373"
"991","-32.5133390617","-32.5133390617","-32.5133390617"
"992","-32.4732172775","-32.4732172775","-32.4732172775"
"993","-32.5856647873","-32.5856647873","-32.5856647873"
"994","-32.484649601","-32.484649601","-32.484649601"
"995","-32.6618486214","-32.6618486214","-32.6618486214"
"996","-32.6645957375","-32.6645957375","-32.6645957375"
"997","-32.6593814659","-32.6593814659","-32.6593814659"
"998","-32.6650606632","-32.6650606632","-32.6650606632"
"999","-32.55896945","-32.55896945","-32.55896945"