"Step","SAC_single_critic_short_test_track_LIDAR - loss_critic","SAC_single_critic_short_test_track_LIDAR - loss_critic__MIN","SAC_single_critic_short_test_track_LIDAR - loss_critic__MAX"
"0","6.9408115703","6.9408115703","6.9408115703"
"1","3.9126602238","3.9126602238","3.9126602238"
"2","3.1722591642","3.1722591642","3.1722591642"
"3","9.2762563321","9.2762563321","9.2762563321"
"4","9.8109891403","9.8109891403","9.8109891403"
"5","8.121665161","8.121665161","8.121665161"
"6","8.820366253","8.820366253","8.820366253"
"7","8.0387868242","8.0387868242","8.0387868242"
"8","6.9086495534","6.9086495534","6.9086495534"
"9","5.8782997948","5.8782997948","5.8782997948"
"10","5.2534978563","5.2534978563","5.2534978563"
"11","5.3460993695","5.3460993695","5.3460993695"
"12","5.6297440526","5.6297440526","5.6297440526"
"13","3.8066327548","3.8066327548","3.8066327548"
"14","3.495882374","3.495882374","3.495882374"
"15","3.723792116","3.723792116","3.723792116"
"16","4.3255034471","4.3255034471","4.3255034471"
"17","3.82617551","3.82617551","3.82617551"
"18","4.4751256269","4.4751256269","4.4751256269"
"19","3.3033443862","3.3033443862","3.3033443862"
"20","3.9633914477","3.9633914477","3.9633914477"
"21","3.5149007651","3.5149007651","3.5149007651"
"22","3.4302814509","3.4302814509","3.4302814509"
"23","3.0063461399","3.0063461399","3.0063461399"
"24","2.9512316307","2.9512316307","2.9512316307"
"25","3.6059570256","3.6059570256","3.6059570256"
"26","3.3526735994","3.3526735994","3.3526735994"
"27","3.7655340984","3.7655340984","3.7655340984"
"28","3.3228812438","3.3228812438","3.3228812438"
"29","3.2849782422","3.2849782422","3.2849782422"
"30","3.0756523857","3.0756523857","3.0756523857"
"31","3.0773457578","3.0773457578","3.0773457578"
"32","2.4024749807","2.4024749807","2.4024749807"
"33","2.5775468139","2.5775468139","2.5775468139"
"34","2.2583141237","2.2583141237","2.2583141237"
"35","2.5965142328","2.5965142328","2.5965142328"
"36","2.5866022053","2.5866022053","2.5866022053"
"37","2.7790642136","2.7790642136","2.7790642136"
"38","2.3281684151","2.3281684151","2.3281684151"
"39","2.151409813","2.151409813","2.151409813"
"40","2.0832025239","2.0832025239","2.0832025239"
"41","2.0431009741","2.0431009741","2.0431009741"
"42","2.106289929","2.106289929","2.106289929"
"43","1.7916616198","1.7916616198","1.7916616198"
"44","1.7757499743","1.7757499743","1.7757499743"
"45","1.3964128944","1.3964128944","1.3964128944"
"46","1.6747807454","1.6747807454","1.6747807454"
"47","1.746442802","1.746442802","1.746442802"
"48","1.4839094403","1.4839094403","1.4839094403"
"49","1.4951357734","1.4951357734","1.4951357734"
"50","1.4174808587","1.4174808587","1.4174808587"
"51","1.3348875418","1.3348875418","1.3348875418"
"52","1.437534142","1.437534142","1.437534142"
"53","1.6375434026","1.6375434026","1.6375434026"
"54","1.3556850988","1.3556850988","1.3556850988"
"55","1.146968032","1.146968032","1.146968032"
"56","1.2134400217","1.2134400217","1.2134400217"
"57","1.1761906251","1.1761906251","1.1761906251"
"58","1.1341917963","1.1341917963","1.1341917963"
"59","1.0572736119","1.0572736119","1.0572736119"
"60","1.1139247626","1.1139247626","1.1139247626"
"61","1.1179629692","1.1179629692","1.1179629692"
"62","1.1009459497","1.1009459497","1.1009459497"
"63","0.9215915261","0.9215915261","0.9215915261"
"64","1.001114735","1.001114735","1.001114735"
"65","0.853418614","0.853418614","0.853418614"
"66","0.8901749274","0.8901749274","0.8901749274"
"67","0.8153800539","0.8153800539","0.8153800539"
"68","0.9077068129","0.9077068129","0.9077068129"
"69","0.8748979145","0.8748979145","0.8748979145"
"70","0.8888769506","0.8888769506","0.8888769506"
"71","0.7605365379","0.7605365379","0.7605365379"
"72","0.7905604401","0.7905604401","0.7905604401"
"73","0.70459527","0.70459527","0.70459527"
"74","0.6762812425","0.6762812425","0.6762812425"
"75","0.6618596905","0.6618596905","0.6618596905"
"76","0.7563892603","0.7563892603","0.7563892603"
"77","0.6807665195","0.6807665195","0.6807665195"
"78","0.6496195571","0.6496195571","0.6496195571"
"79","0.6474448037","0.6474448037","0.6474448037"
"80","0.5650885326","0.5650885326","0.5650885326"
"81","0.6097496233","0.6097496233","0.6097496233"
"82","0.6270227195","0.6270227195","0.6270227195"
"83","0.6092998756","0.6092998756","0.6092998756"
"84","0.6490547975","0.6490547975","0.6490547975"
"85","1.6258423893","1.6258423893","1.6258423893"
"86","1.4352212991","1.4352212991","1.4352212991"
"87","2.3582887164","2.3582887164","2.3582887164"
"88","2.0435765064","2.0435765064","2.0435765064"
"89","1.8330796422","1.8330796422","1.8330796422"
"90","2.1344366269","2.1344366269","2.1344366269"
"91","1.7041421767","1.7041421767","1.7041421767"
"92","1.7435559408","1.7435559408","1.7435559408"
"93","1.7048356128","1.7048356128","1.7048356128"
"94","1.5174668384","1.5174668384","1.5174668384"
"95","1.6254782048","1.6254782048","1.6254782048"
"96","2.3649323428","2.3649323428","2.3649323428"
"97","1.8130176184","1.8130176184","1.8130176184"
"98","1.5562035254","1.5562035254","1.5562035254"
"99","1.9419514012","1.9419514012","1.9419514012"
"100","1.4178051308","1.4178051308","1.4178051308"
"101","1.6591853431","1.6591853431","1.6591853431"
"102","1.4539592674","1.4539592674","1.4539592674"
"103","1.7439175591","1.7439175591","1.7439175591"
"104","1.4885023965","1.4885023965","1.4885023965"
"105","1.4570418367","1.4570418367","1.4570418367"
"106","1.5545391041","1.5545391041","1.5545391041"
"107","1.422460957","1.422460957","1.422460957"
"108","1.5268667978","1.5268667978","1.5268667978"
"109","1.5413146435","1.5413146435","1.5413146435"
"110","1.5245761186","1.5245761186","1.5245761186"
"111","1.5032424879","1.5032424879","1.5032424879"
"112","1.7738646358","1.7738646358","1.7738646358"
"113","1.3694738138","1.3694738138","1.3694738138"
"114","1.3322636817","1.3322636817","1.3322636817"
"115","1.3742462561","1.3742462561","1.3742462561"
"116","1.3092159444","1.3092159444","1.3092159444"
"117","1.2699953634","1.2699953634","1.2699953634"
"118","1.1833119185","1.1833119185","1.1833119185"
"119","1.2366256276","1.2366256276","1.2366256276"
"120","1.0958376215","1.0958376215","1.0958376215"
"121","1.2682260576","1.2682260576","1.2682260576"
"122","1.0694964531","1.0694964531","1.0694964531"
"123","1.2769877292","1.2769877292","1.2769877292"
"124","1.127661792","1.127661792","1.127661792"
"125","1.2046784243","1.2046784243","1.2046784243"
"126","1.2982184815","1.2982184815","1.2982184815"
"127","1.3852773291","1.3852773291","1.3852773291"
"128","1.6819722605","1.6819722605","1.6819722605"
"129","1.5827532624","1.5827532624","1.5827532624"
"130","1.6140636796","1.6140636796","1.6140636796"
"131","1.7455927441","1.7455927441","1.7455927441"
"132","1.4756389883","1.4756389883","1.4756389883"
"133","1.5332221475","1.5332221475","1.5332221475"
"134","1.690088004","1.690088004","1.690088004"
"135","1.5186955474","1.5186955474","1.5186955474"
"136","1.3060827483","1.3060827483","1.3060827483"
"137","1.5708564648","1.5708564648","1.5708564648"
"138","1.5036370204","1.5036370204","1.5036370204"
"139","1.6279472488","1.6279472488","1.6279472488"
"140","1.6587110582","1.6587110582","1.6587110582"
"141","2.1113079205","2.1113079205","2.1113079205"
"142","1.5367960602","1.5367960602","1.5367960602"
"143","1.8541374779","1.8541374779","1.8541374779"
"144","1.8224923326","1.8224923326","1.8224923326"
"145","1.5455435398","1.5455435398","1.5455435398"
"146","1.5456927475","1.5456927475","1.5456927475"
"147","1.7563951802","1.7563951802","1.7563951802"
"148","1.7728508756","1.7728508756","1.7728508756"
"149","1.7648080128","1.7648080128","1.7648080128"
"150","1.50316908","1.50316908","1.50316908"
"151","1.5515769827","1.5515769827","1.5515769827"
"152","1.4347275513","1.4347275513","1.4347275513"
"153","1.7267438012","1.7267438012","1.7267438012"
"154","1.5502111915","1.5502111915","1.5502111915"
"155","1.6291940308","1.6291940308","1.6291940308"
"156","1.5523381352","1.5523381352","1.5523381352"
"157","1.7062663391","1.7062663391","1.7062663391"
"158","1.7699294601","1.7699294601","1.7699294601"
"159","1.8214191452","1.8214191452","1.8214191452"
"160","1.5494235858","1.5494235858","1.5494235858"
"161","1.8144891357","1.8144891357","1.8144891357"
"162","1.5662289295","1.5662289295","1.5662289295"
"163","1.7485380408","1.7485380408","1.7485380408"
"164","1.7934342439","1.7934342439","1.7934342439"
"165","1.5735320657","1.5735320657","1.5735320657"
"166","1.6750176451","1.6750176451","1.6750176451"
"167","1.6132585141","1.6132585141","1.6132585141"
"168","1.7318078384","1.7318078384","1.7318078384"
"169","1.8891992706","1.8891992706","1.8891992706"
"170","1.3611178939","1.3611178939","1.3611178939"
"171","1.7133194754","1.7133194754","1.7133194754"
"172","1.623775313","1.623775313","1.623775313"
"173","1.7223598291","1.7223598291","1.7223598291"
"174","1.4765930191","1.4765930191","1.4765930191"
"175","1.4975365719","1.4975365719","1.4975365719"
"176","1.4808882286","1.4808882286","1.4808882286"
"177","1.4148009953","1.4148009953","1.4148009953"
"178","1.448527568","1.448527568","1.448527568"
"179","1.4715073125","1.4715073125","1.4715073125"
"180","1.771657607","1.771657607","1.771657607"
"181","1.6255459011","1.6255459011","1.6255459011"
"182","1.495613562","1.495613562","1.495613562"
"183","1.5351033074","1.5351033074","1.5351033074"
"184","1.4909815495","1.4909815495","1.4909815495"
"185","1.531857781","1.531857781","1.531857781"
"186","1.3772317097","1.3772317097","1.3772317097"
"187","1.3003498015","1.3003498015","1.3003498015"
"188","1.4088904853","1.4088904853","1.4088904853"
"189","1.4440724766","1.4440724766","1.4440724766"
"190","1.5268641092","1.5268641092","1.5268641092"
"191","1.3742186865","1.3742186865","1.3742186865"
"192","1.6155672143","1.6155672143","1.6155672143"
"193","1.6353192696","1.6353192696","1.6353192696"
"194","1.5856837055","1.5856837055","1.5856837055"
"195","1.6738228273","1.6738228273","1.6738228273"
"196","1.438081903","1.438081903","1.438081903"
"197","1.691523416","1.691523416","1.691523416"
"198","1.7499976778","1.7499976778","1.7499976778"
"199","1.5400346726","1.5400346726","1.5400346726"
"200","1.4977882595","1.4977882595","1.4977882595"
"201","1.6743189217","1.6743189217","1.6743189217"
"202","1.6913000792","1.6913000792","1.6913000792"
"203","1.6248875421","1.6248875421","1.6248875421"
"204","1.6265368989","1.6265368989","1.6265368989"
"205","1.3865478179","1.3865478179","1.3865478179"
"206","1.5908095586","1.5908095586","1.5908095586"
"207","1.3613358213","1.3613358213","1.3613358213"
"208","1.5970689493","1.5970689493","1.5970689493"
"209","1.4059185824","1.4059185824","1.4059185824"
"210","1.504919017","1.504919017","1.504919017"
"211","1.7615797734","1.7615797734","1.7615797734"
"212","1.478114282","1.478114282","1.478114282"
"213","1.381737441","1.381737441","1.381737441"
"214","1.4984638736","1.4984638736","1.4984638736"
"215","1.5224680027","1.5224680027","1.5224680027"
"216","1.4642796253","1.4642796253","1.4642796253"
"217","1.3390616871","1.3390616871","1.3390616871"
"218","1.4603637353","1.4603637353","1.4603637353"
"219","1.3657129765","1.3657129765","1.3657129765"
"220","1.3385285819","1.3385285819","1.3385285819"
"221","1.5499145555","1.5499145555","1.5499145555"
"222","1.4892950356","1.4892950356","1.4892950356"
"223","1.4430186178","1.4430186178","1.4430186178"
"224","1.5697270104","1.5697270104","1.5697270104"
"225","1.4314125207","1.4314125207","1.4314125207"
"226","1.4043245372","1.4043245372","1.4043245372"
"227","1.4495510465","1.4495510465","1.4495510465"
"228","1.3276276214","1.3276276214","1.3276276214"
"229","1.541109506","1.541109506","1.541109506"
"230","1.3594698745","1.3594698745","1.3594698745"
"231","1.2739336872","1.2739336872","1.2739336872"
"232","1.4394912849","1.4394912849","1.4394912849"
"233","1.5742911878","1.5742911878","1.5742911878"
"234","1.365764541","1.365764541","1.365764541"
"235","1.3220057932","1.3220057932","1.3220057932"
"236","1.3966153312","1.3966153312","1.3966153312"
"237","1.2266770415","1.2266770415","1.2266770415"
"238","1.3492594907","1.3492594907","1.3492594907"
"239","1.4144719175","1.4144719175","1.4144719175"
"240","1.3552687627","1.3552687627","1.3552687627"
"241","1.2267667876","1.2267667876","1.2267667876"
"242","1.3093470623","1.3093470623","1.3093470623"
"243","1.2818394405","1.2818394405","1.2818394405"
"244","1.3860242988","1.3860242988","1.3860242988"
"245","1.2462057814","1.2462057814","1.2462057814"
"246","1.2485784175","1.2485784175","1.2485784175"
"247","1.3312095407","1.3312095407","1.3312095407"
"248","1.3624220583","1.3624220583","1.3624220583"
"249","1.2066717584","1.2066717584","1.2066717584"
"250","1.2181717765","1.2181717765","1.2181717765"
"251","1.1821111511","1.1821111511","1.1821111511"
"252","1.2485147309","1.2485147309","1.2485147309"
"253","1.401991456","1.401991456","1.401991456"
"254","1.2834452523","1.2834452523","1.2834452523"
"255","1.1696694504","1.1696694504","1.1696694504"
"256","1.2694778034","1.2694778034","1.2694778034"
"257","1.1652197197","1.1652197197","1.1652197197"
"258","1.1836276549","1.1836276549","1.1836276549"
"259","1.116406737","1.116406737","1.116406737"
"260","1.2193692176","1.2193692176","1.2193692176"
"261","1.3301897463","1.3301897463","1.3301897463"
"262","1.3265000503","1.3265000503","1.3265000503"
"263","1.0298314989","1.0298314989","1.0298314989"
"264","1.1531770968","1.1531770968","1.1531770968"
"265","1.3829662591","1.3829662591","1.3829662591"
"266","1.2820890559","1.2820890559","1.2820890559"
"267","1.3416546312","1.3416546312","1.3416546312"
"268","1.3417622219","1.3417622219","1.3417622219"
"269","1.0950440826","1.0950440826","1.0950440826"
"270","1.2047634201","1.2047634201","1.2047634201"
"271","1.3037903203","1.3037903203","1.3037903203"
"272","1.1892060094","1.1892060094","1.1892060094"
"273","1.1898066817","1.1898066817","1.1898066817"
"274","0.9649914336","0.9649914336","0.9649914336"
"275","1.2538335069","1.2538335069","1.2538335069"
"276","1.32274615","1.32274615","1.32274615"
"277","1.223634302","1.223634302","1.223634302"
"278","0.9990667585","0.9990667585","0.9990667585"
"279","1.2982801339","1.2982801339","1.2982801339"
"280","1.0512851289","1.0512851289","1.0512851289"
"281","1.1843156907","1.1843156907","1.1843156907"
"282","1.089180174","1.089180174","1.089180174"
"283","1.1333740839","1.1333740839","1.1333740839"
"284","1.4590448314","1.4590448314","1.4590448314"
"285","1.1548509173","1.1548509173","1.1548509173"
"286","1.2414372051","1.2414372051","1.2414372051"
"287","1.1917491941","1.1917491941","1.1917491941"
"288","1.3324041896","1.3324041896","1.3324041896"
"289","1.285720681","1.285720681","1.285720681"
"290","1.1847367492","1.1847367492","1.1847367492"
"291","1.2620358901","1.2620358901","1.2620358901"
"292","1.237372676","1.237372676","1.237372676"
"293","1.0808303051","1.0808303051","1.0808303051"
"294","1.122778181","1.122778181","1.122778181"
"295","1.0240833823","1.0240833823","1.0240833823"
"296","1.3440898597","1.3440898597","1.3440898597"
"297","1.043475661","1.043475661","1.043475661"
"298","1.1056435443","1.1056435443","1.1056435443"
"299","1.1103736855","1.1103736855","1.1103736855"
"300","1.1865509388","1.1865509388","1.1865509388"
"301","1.2608376154","1.2608376154","1.2608376154"
"302","1.0544005543","1.0544005543","1.0544005543"
"303","1.0413758336","1.0413758336","1.0413758336"
"304","1.116077629","1.116077629","1.116077629"
"305","1.0986786091","1.0986786091","1.0986786091"
"306","1.0285107525","1.0285107525","1.0285107525"
"307","1.1643554166","1.1643554166","1.1643554166"
"308","1.2724784581","1.2724784581","1.2724784581"
"309","1.3956373106","1.3956373106","1.3956373106"
"310","1.1476180626","1.1476180626","1.1476180626"
"311","0.904205268","0.904205268","0.904205268"
"312","1.1649029671","1.1649029671","1.1649029671"
"313","1.1009961766","1.1009961766","1.1009961766"
"314","1.1608605486","1.1608605486","1.1608605486"
"315","1.1782572602","1.1782572602","1.1782572602"
"316","1.2683364603","1.2683364603","1.2683364603"
"317","1.1009822343","1.1009822343","1.1009822343"
"318","1.019447148","1.019447148","1.019447148"
"319","1.0541089754","1.0541089754","1.0541089754"
"320","0.9587986201","0.9587986201","0.9587986201"
"321","1.0163369095","1.0163369095","1.0163369095"
"322","0.9312130898","0.9312130898","0.9312130898"
"323","1.049433748","1.049433748","1.049433748"
"324","1.128094981","1.128094981","1.128094981"
"325","1.0962682785","1.0962682785","1.0962682785"
"326","0.9756384885","0.9756384885","0.9756384885"
"327","1.2116934125","1.2116934125","1.2116934125"
"328","1.0476416263","1.0476416263","1.0476416263"
"329","1.1749019255","1.1749019255","1.1749019255"
"330","1.1727220426","1.1727220426","1.1727220426"
"331","1.0117519566","1.0117519566","1.0117519566"
"332","0.974057669","0.974057669","0.974057669"
"333","1.1060077496","1.1060077496","1.1060077496"
"334","1.1428848492","1.1428848492","1.1428848492"
"335","2.1724118811","2.1724118811","2.1724118811"
"336","1.7497634403","1.7497634403","1.7497634403"
"337","1.5150401808","1.5150401808","1.5150401808"
"338","1.5830860975","1.5830860975","1.5830860975"
"339","1.7385783489","1.7385783489","1.7385783489"
"340","1.5010377048","1.5010377048","1.5010377048"
"341","1.4732495967","1.4732495967","1.4732495967"
"342","1.3328353356","1.3328353356","1.3328353356"
"343","1.2124014686","1.2124014686","1.2124014686"
"344","2.0107551299","2.0107551299","2.0107551299"
"345","1.5350516105","1.5350516105","1.5350516105"
"346","1.84677734","1.84677734","1.84677734"
"347","1.4488481158","1.4488481158","1.4488481158"
"348","1.3458639415","1.3458639415","1.3458639415"
"349","2.5118718153","2.5118718153","2.5118718153"
"350","1.5006453742","1.5006453742","1.5006453742"
"351","1.8183509983","1.8183509983","1.8183509983"
"352","1.4980769306","1.4980769306","1.4980769306"
"353","1.5949735913","1.5949735913","1.5949735913"
"354","1.9731970018","1.9731970018","1.9731970018"
"355","1.8509340049","1.8509340049","1.8509340049"
"356","1.0284894682","1.0284894682","1.0284894682"
"357","1.7584216051","1.7584216051","1.7584216051"
"358","2.0395177035","2.0395177035","2.0395177035"
"359","1.8924336877","1.8924336877","1.8924336877"
"360","1.6824662547","1.6824662547","1.6824662547"
"361","1.9090438177","1.9090438177","1.9090438177"
"362","1.5795366332","1.5795366332","1.5795366332"
"363","1.7253079982","1.7253079982","1.7253079982"
"364","1.0979941912","1.0979941912","1.0979941912"
"365","1.6989292666","1.6989292666","1.6989292666"
"366","1.6829948545","1.6829948545","1.6829948545"
"367","1.4596751006","1.4596751006","1.4596751006"
"368","1.6360544932","1.6360544932","1.6360544932"
"369","1.1906536169","1.1906536169","1.1906536169"
"370","2.084596881","2.084596881","2.084596881"
"371","1.4792905283","1.4792905283","1.4792905283"
"372","1.2330330515","1.2330330515","1.2330330515"
"373","1.5657890546","1.5657890546","1.5657890546"
"374","1.0715553845","1.0715553845","1.0715553845"
"375","1.0249276572","1.0249276572","1.0249276572"
"376","1.5325988236","1.5325988236","1.5325988236"
"377","1.2887619135","1.2887619135","1.2887619135"
"378","1.5665988544","1.5665988544","1.5665988544"
"379","1.6260929668","1.6260929668","1.6260929668"
"380","1.4077901085","1.4077901085","1.4077901085"
"381","0.9624749742","0.9624749742","0.9624749742"
"382","1.2415059572","1.2415059572","1.2415059572"
"383","1.2115443586","1.2115443586","1.2115443586"
"384","1.3691551708","1.3691551708","1.3691551708"
"385","1.6137779425","1.6137779425","1.6137779425"
"386","1.5252149786","1.5252149786","1.5252149786"
"387","1.5212375969","1.5212375969","1.5212375969"
"388","1.4096486963","1.4096486963","1.4096486963"
"389","1.1288541877","1.1288541877","1.1288541877"
"390","1.0386610426","1.0386610426","1.0386610426"
"391","1.7673608537","1.7673608537","1.7673608537"
"392","1.4982680891","1.4982680891","1.4982680891"
"393","0.8447449999","0.8447449999","0.8447449999"
"394","1.803097173","1.803097173","1.803097173"
"395","1.4375752273","1.4375752273","1.4375752273"
"396","1.4488974676","1.4488974676","1.4488974676"
"397","1.2948284304","1.2948284304","1.2948284304"
"398","0.9501189712","0.9501189712","0.9501189712"
"399","1.5413458933","1.5413458933","1.5413458933"
"400","1.4508249052","1.4508249052","1.4508249052"
"401","1.3067067893","1.3067067893","1.3067067893"
"402","1.170957717","1.170957717","1.170957717"
"403","1.284026863","1.284026863","1.284026863"
"404","1.3355483514","1.3355483514","1.3355483514"
"405","1.9733078077","1.9733078077","1.9733078077"
"406","1.1893459393","1.1893459393","1.1893459393"
"407","2.0888012242","2.0888012242","2.0888012242"
"408","2.297468389","2.297468389","2.297468389"
"409","2.3195808367","2.3195808367","2.3195808367"
"410","1.5698360418","1.5698360418","1.5698360418"
"411","1.7869678731","1.7869678731","1.7869678731"
"412","2.6352974081","2.6352974081","2.6352974081"
"413","2.1876827684","2.1876827684","2.1876827684"
"414","1.9404620695","1.9404620695","1.9404620695"
"415","1.9464307079","1.9464307079","1.9464307079"
"416","3.2319247521","3.2319247521","3.2319247521"
"417","2.1876544815","2.1876544815","2.1876544815"
"418","1.8717027952","1.8717027952","1.8717027952"
"419","2.1084253159","2.1084253159","2.1084253159"
"420","2.3691638206","2.3691638206","2.3691638206"
"421","2.3774970946","2.3774970946","2.3774970946"
"422","2.3963889921","2.3963889921","2.3963889921"
"423","2.6547867063","2.6547867063","2.6547867063"
"424","2.2320362021","2.2320362021","2.2320362021"
"425","1.4532635078","1.4532635078","1.4532635078"
"426","1.4434002243","1.4434002243","1.4434002243"
"427","1.2023861893","1.2023861893","1.2023861893"
"428","2.3797705336","2.3797705336","2.3797705336"
"429","2.173656114","2.173656114","2.173656114"
"430","2.6187214102","2.6187214102","2.6187214102"
"431","1.8097532189","1.8097532189","1.8097532189"
"432","2.4278449847","2.4278449847","2.4278449847"
"433","1.6554380123","1.6554380123","1.6554380123"
"434","2.3474609505","2.3474609505","2.3474609505"
"435","1.9741297011","1.9741297011","1.9741297011"
"436","2.5651522924","2.5651522924","2.5651522924"
"437","1.9858742188","1.9858742188","1.9858742188"
"438","1.9777478807","1.9777478807","1.9777478807"
"439","2.0283349554","2.0283349554","2.0283349554"
"440","3.0723888715","3.0723888715","3.0723888715"
"441","2.1613485","2.1613485","2.1613485"
"442","2.177624308","2.177624308","2.177624308"
"443","2.2283734798","2.2283734798","2.2283734798"
"444","2.4752801719","2.4752801719","2.4752801719"
"445","2.1555709994","2.1555709994","2.1555709994"
"446","1.443533017","1.443533017","1.443533017"
"447","2.159031191","2.159031191","2.159031191"
"448","2.4038496311","2.4038496311","2.4038496311"
"449","1.5677827606","1.5677827606","1.5677827606"
"450","1.8715751812","1.8715751812","1.8715751812"
"451","2.4969772011","2.4969772011","2.4969772011"
"452","1.4254500906","1.4254500906","1.4254500906"
"453","1.7267829816","1.7267829816","1.7267829816"
"454","2.3339783727","2.3339783727","2.3339783727"
"455","2.2070579194","2.2070579194","2.2070579194"
"456","1.9965695612","1.9965695612","1.9965695612"
"457","1.6506704828","1.6506704828","1.6506704828"
"458","2.8832562897","2.8832562897","2.8832562897"
"459","2.1771828562","2.1771828562","2.1771828562"
"460","1.9525098605","1.9525098605","1.9525098605"
"461","2.3323050785","2.3323050785","2.3323050785"
"462","2.1649334928","2.1649334928","2.1649334928"
"463","2.5846644621","2.5846644621","2.5846644621"
"464","2.0765878129","2.0765878129","2.0765878129"
"465","1.9432675241","1.9432675241","1.9432675241"
"466","3.1834859458","3.1834859458","3.1834859458"
"467","1.8050603305","1.8050603305","1.8050603305"
"468","2.186512216","2.186512216","2.186512216"
"469","2.2819680044","2.2819680044","2.2819680044"
"470","1.9054000016","1.9054000016","1.9054000016"
"471","2.5393657911","2.5393657911","2.5393657911"
"472","2.6848832361","2.6848832361","2.6848832361"
"473","3.1916243409","3.1916243409","3.1916243409"
"474","2.4815439036","2.4815439036","2.4815439036"
"475","3.0426938741","3.0426938741","3.0426938741"
"476","2.5193332931","2.5193332931","2.5193332931"
"477","1.8574288717","1.8574288717","1.8574288717"
"478","2.5010545067","2.5010545067","2.5010545067"
"479","2.2146193087","2.2146193087","2.2146193087"
"480","3.0107034391","3.0107034391","3.0107034391"
"481","2.5087052444","2.5087052444","2.5087052444"
"482","2.8949801326","2.8949801326","2.8949801326"
"483","2.0163196024","2.0163196024","2.0163196024"
"484","2.2852526098","2.2852526098","2.2852526098"
"485","2.6067832133","2.6067832133","2.6067832133"
"486","2.3917809443","2.3917809443","2.3917809443"
"487","2.2082822776","2.2082822776","2.2082822776"
"488","2.5712370615","2.5712370615","2.5712370615"
"489","2.4596333772","2.4596333772","2.4596333772"
"490","2.3256397617","2.3256397617","2.3256397617"
"491","2.0876903383","2.0876903383","2.0876903383"
"492","2.1484975109","2.1484975109","2.1484975109"
"493","2.7502064577","2.7502064577","2.7502064577"
"494","2.4347961265","2.4347961265","2.4347961265"
"495","2.3783803964","2.3783803964","2.3783803964"
"496","2.2052331924","2.2052331924","2.2052331924"
"497","2.5882211819","2.5882211819","2.5882211819"
"498","2.1303264776","2.1303264776","2.1303264776"
"499","2.2679297727","2.2679297727","2.2679297727"
"500","2.7192640463","2.7192640463","2.7192640463"
"501","1.8966272557","1.8966272557","1.8966272557"
"502","2.1804087287","2.1804087287","2.1804087287"
"503","2.4728089562","2.4728089562","2.4728089562"
"504","1.5447980225","1.5447980225","1.5447980225"
"505","2.2618018323","2.2618018323","2.2618018323"
"506","2.7289567873","2.7289567873","2.7289567873"
"507","2.3689355257","2.3689355257","2.3689355257"
"508","2.4536435115","2.4536435115","2.4536435115"
"509","2.590629715","2.590629715","2.590629715"
"510","2.3904274562","2.3904274562","2.3904274562"
"511","2.721031163","2.721031163","2.721031163"
"512","2.1506238317","2.1506238317","2.1506238317"
"513","2.6717941931","2.6717941931","2.6717941931"
"514","2.0666885349","2.0666885349","2.0666885349"
"515","2.066208812","2.066208812","2.066208812"
"516","2.408783682","2.408783682","2.408783682"
"517","2.5216648749","2.5216648749","2.5216648749"
"518","2.2122373387","2.2122373387","2.2122373387"
"519","2.9620293739","2.9620293739","2.9620293739"
"520","1.5184381819","1.5184381819","1.5184381819"
"521","2.5249105102","2.5249105102","2.5249105102"
"522","2.0269326332","2.0269326332","2.0269326332"
"523","1.9850048348","1.9850048348","1.9850048348"
"524","2.6655113959","2.6655113959","2.6655113959"
"525","2.6459521511","2.6459521511","2.6459521511"
"526","2.9160243177","2.9160243177","2.9160243177"
"527","2.4788790518","2.4788790518","2.4788790518"
"528","2.4443121067","2.4443121067","2.4443121067"
"529","2.5911314815","2.5911314815","2.5911314815"
"530","2.141024096","2.141024096","2.141024096"
"531","1.9065419117","1.9065419117","1.9065419117"
"532","1.99337513","1.99337513","1.99337513"
"533","2.5988514432","2.5988514432","2.5988514432"
"534","2.3040768078","2.3040768078","2.3040768078"
"535","2.5020296925","2.5020296925","2.5020296925"
"536","2.0701643372","2.0701643372","2.0701643372"
"537","2.311281396","2.311281396","2.311281396"
"538","2.3473017845","2.3473017845","2.3473017845"
"539","2.1449576226","2.1449576226","2.1449576226"
"540","2.7517086351","2.7517086351","2.7517086351"
"541","2.073418785","2.073418785","2.073418785"
"542","2.3029351375","2.3029351375","2.3029351375"
"543","1.9063976347","1.9063976347","1.9063976347"
"544","2.3987969026","2.3987969026","2.3987969026"
"545","2.1507681948","2.1507681948","2.1507681948"
"546","2.1881488648","2.1881488648","2.1881488648"
"547","2.277191152","2.277191152","2.277191152"
"548","2.5890554145","2.5890554145","2.5890554145"
"549","2.0004126048","2.0004126048","2.0004126048"
"550","2.2612949595","2.2612949595","2.2612949595"
"551","2.3558002979","2.3558002979","2.3558002979"
"552","2.0592412853","2.0592412853","2.0592412853"
"553","2.5576210126","2.5576210126","2.5576210126"
"554","2.1246702737","2.1246702737","2.1246702737"
"555","2.6827608857","2.6827608857","2.6827608857"
"556","2.3277635413","2.3277635413","2.3277635413"
"557","2.8010233071","2.8010233071","2.8010233071"
"558","2.4999670973","2.4999670973","2.4999670973"
"559","2.7849101111","2.7849101111","2.7849101111"
"560","2.8945748311","2.8945748311","2.8945748311"
"561","2.5624539617","2.5624539617","2.5624539617"
"562","2.471688343","2.471688343","2.471688343"
"563","2.9653512579","2.9653512579","2.9653512579"
"564","2.2735959715","2.2735959715","2.2735959715"
"565","2.3706888965","2.3706888965","2.3706888965"
"566","2.5884087557","2.5884087557","2.5884087557"
"567","2.2525434551","2.2525434551","2.2525434551"
"568","2.4386632034","2.4386632034","2.4386632034"
"569","2.5401256183","2.5401256183","2.5401256183"
"570","2.8698904172","2.8698904172","2.8698904172"
"571","2.3168374497","2.3168374497","2.3168374497"
"572","2.4811599821","2.4811599821","2.4811599821"
"573","2.3248577353","2.3248577353","2.3248577353"
"574","2.180525043","2.180525043","2.180525043"
"575","2.9738613367","2.9738613367","2.9738613367"
"576","3.171508128","3.171508128","3.171508128"
"577","2.5117567286","2.5117567286","2.5117567286"
"578","2.2874267513","2.2874267513","2.2874267513"
"579","2.5544205675","2.5544205675","2.5544205675"
"580","3.1437061206","3.1437061206","3.1437061206"
"581","2.1903243297","2.1903243297","2.1903243297"
"582","2.4631015366","2.4631015366","2.4631015366"
"583","3.2481080568","3.2481080568","3.2481080568"
"584","2.8980466178","2.8980466178","2.8980466178"
"585","2.9352104464","2.9352104464","2.9352104464"
"586","2.6105568758","2.6105568758","2.6105568758"
"587","3.1016301209","3.1016301209","3.1016301209"
"588","2.3561342955","2.3561342955","2.3561342955"
"589","3.154738844","3.154738844","3.154738844"
"590","2.9813151374","2.9813151374","2.9813151374"
"591","2.7253786248","2.7253786248","2.7253786248"
"592","2.7234845883","2.7234845883","2.7234845883"
"593","2.7284073988","2.7284073988","2.7284073988"
"594","2.3912429202","2.3912429202","2.3912429202"
"595","2.6782219839","2.6782219839","2.6782219839"
"596","2.928331978","2.928331978","2.928331978"
"597","2.6562053549","2.6562053549","2.6562053549"
"598","3.1658753356","3.1658753356","3.1658753356"
"599","2.8753162754","2.8753162754","2.8753162754"
"600","3.2263458252","3.2263458252","3.2263458252"
"601","2.6674153659","2.6674153659","2.6674153659"
"602","3.0944172636","3.0944172636","3.0944172636"
"603","2.9424151817","2.9424151817","2.9424151817"
"604","2.8486020175","2.8486020175","2.8486020175"
"605","2.4700067115","2.4700067115","2.4700067115"
"606","2.9741457388","2.9741457388","2.9741457388"
"607","2.3381014374","2.3381014374","2.3381014374"
"608","2.9519397524","2.9519397524","2.9519397524"
"609","3.1830416235","3.1830416235","3.1830416235"
"610","2.5852240738","2.5852240738","2.5852240738"
"611","3.1006206268","3.1006206268","3.1006206268"
"612","2.6548195848","2.6548195848","2.6548195848"
"613","2.9801547202","2.9801547202","2.9801547202"
"614","2.4465367654","2.4465367654","2.4465367654"
"615","2.2903329298","2.2903329298","2.2903329298"
"616","2.6942775819","2.6942775819","2.6942775819"
"617","2.504881103","2.504881103","2.504881103"
"618","2.2482584217","2.2482584217","2.2482584217"
"619","2.8435059297","2.8435059297","2.8435059297"
"620","2.5036611804","2.5036611804","2.5036611804"
"621","3.3194838488","3.3194838488","3.3194838488"
"622","2.9978933465","2.9978933465","2.9978933465"
"623","2.6952188048","2.6952188048","2.6952188048"
"624","2.52987468","2.52987468","2.52987468"
"625","2.7195205846","2.7195205846","2.7195205846"
"626","2.8217323366","2.8217323366","2.8217323366"
"627","2.7436438656","2.7436438656","2.7436438656"
"628","3.2816046363","3.2816046363","3.2816046363"
"629","2.9730300626","2.9730300626","2.9730300626"
"630","2.4522903597","2.4522903597","2.4522903597"
"631","3.0037277877","3.0037277877","3.0037277877"
"632","2.8341497675","2.8341497675","2.8341497675"
"633","3.3201631585","3.3201631585","3.3201631585"
"634","3.5487007308","3.5487007308","3.5487007308"
"635","2.8895371434","2.8895371434","2.8895371434"
"636","3.0470265162","3.0470265162","3.0470265162"
"637","3.0099514997","3.0099514997","3.0099514997"
"638","3.1304692176","3.1304692176","3.1304692176"
"639","2.9662520903","2.9662520903","2.9662520903"
"640","2.9688383281","2.9688383281","2.9688383281"
"641","3.2676359937","3.2676359937","3.2676359937"
"642","2.7847698817","2.7847698817","2.7847698817"
"643","3.2790244448","3.2790244448","3.2790244448"
"644","3.777167868","3.777167868","3.777167868"
"645","3.2226355764","3.2226355764","3.2226355764"
"646","3.6575769696","3.6575769696","3.6575769696"
"647","3.9158575127","3.9158575127","3.9158575127"
"648","3.3493659449","3.3493659449","3.3493659449"
"649","2.9746344867","2.9746344867","2.9746344867"
"650","3.6638307136","3.6638307136","3.6638307136"
"651","2.8593410304","2.8593410304","2.8593410304"
"652","3.3498561177","3.3498561177","3.3498561177"
"653","3.1874026781","3.1874026781","3.1874026781"
"654","3.2515079618","3.2515079618","3.2515079618"
"655","3.379848381","3.379848381","3.379848381"
"656","2.7759104744","2.7759104744","2.7759104744"
"657","2.5887804762","2.5887804762","2.5887804762"
"658","3.254590849","3.254590849","3.254590849"
"659","3.0840252507","3.0840252507","3.0840252507"
"660","2.8320084533","2.8320084533","2.8320084533"
"661","2.5493322203","2.5493322203","2.5493322203"
"662","3.2164169219","3.2164169219","3.2164169219"
"663","3.5351690659","3.5351690659","3.5351690659"
"664","2.8884571388","2.8884571388","2.8884571388"
"665","3.1173648381","3.1173648381","3.1173648381"
"666","3.3901219085","3.3901219085","3.3901219085"
"667","3.2449063879","3.2449063879","3.2449063879"
"668","3.0306549287","3.0306549287","3.0306549287"
"669","3.2657798162","3.2657798162","3.2657798162"
"670","3.2670295811","3.2670295811","3.2670295811"
"671","3.3645068082","3.3645068082","3.3645068082"
"672","2.7905476633","2.7905476633","2.7905476633"
"673","2.8929328996","2.8929328996","2.8929328996"
"674","3.2040375125","3.2040375125","3.2040375125"
"675","3.5001967829","3.5001967829","3.5001967829"
"676","3.3366434342","3.3366434342","3.3366434342"
"677","3.0543397862","3.0543397862","3.0543397862"
"678","3.8611405179","3.8611405179","3.8611405179"
"679","3.2739135975","3.2739135975","3.2739135975"
"680","3.78895933","3.78895933","3.78895933"
"681","3.3004619184","3.3004619184","3.3004619184"
"682","3.1621376884","3.1621376884","3.1621376884"
"683","2.967213451","2.967213451","2.967213451"
"684","3.289340238","3.289340238","3.289340238"
"685","3.2526472706","3.2526472706","3.2526472706"
"686","3.7103934938","3.7103934938","3.7103934938"
"687","3.392003018","3.392003018","3.392003018"
"688","2.8776568654","2.8776568654","2.8776568654"
"689","3.4160686243","3.4160686243","3.4160686243"
"690","3.6095549628","3.6095549628","3.6095549628"
"691","2.9316675979","2.9316675979","2.9316675979"
"692","3.4491373417","3.4491373417","3.4491373417"
"693","2.5080571717","2.5080571717","2.5080571717"
"694","3.4084402511","3.4084402511","3.4084402511"
"695","3.0904778686","3.0904778686","3.0904778686"
"696","3.1566287887","3.1566287887","3.1566287887"
"697","2.9788822967","2.9788822967","2.9788822967"
"698","2.8295257398","2.8295257398","2.8295257398"
"699","2.3657600993","2.3657600993","2.3657600993"
"700","3.1553565142","3.1553565142","3.1553565142"
"701","3.2822413003","3.2822413003","3.2822413003"
"702","2.4844482744","2.4844482744","2.4844482744"
"703","3.4896018392","3.4896018392","3.4896018392"
"704","3.3434820318","3.3434820318","3.3434820318"
"705","2.989054645","2.989054645","2.989054645"
"706","2.7072203743","2.7072203743","2.7072203743"
"707","3.2201151252","3.2201151252","3.2201151252"
"708","3.2899355254","3.2899355254","3.2899355254"
"709","3.2012065488","3.2012065488","3.2012065488"
"710","3.3022073945","3.3022073945","3.3022073945"
"711","3.5370771891","3.5370771891","3.5370771891"
"712","2.671760481","2.671760481","2.671760481"
"713","3.0273601511","3.0273601511","3.0273601511"
"714","3.4001403183","3.4001403183","3.4001403183"
"715","3.3246762359","3.3246762359","3.3246762359"
"716","3.4251754561","3.4251754561","3.4251754561"
"717","3.1073653069","3.1073653069","3.1073653069"
"718","3.4076428947","3.4076428947","3.4076428947"
"719","2.7125630018","2.7125630018","2.7125630018"
"720","3.5433150059","3.5433150059","3.5433150059"
"721","3.1189981765","3.1189981765","3.1189981765"
"722","3.3058215499","3.3058215499","3.3058215499"
"723","2.9550063878","2.9550063878","2.9550063878"
"724","3.0976732773","3.0976732773","3.0976732773"
"725","3.2387692291","3.2387692291","3.2387692291"
"726","3.3925225726","3.3925225726","3.3925225726"
"727","2.9334227908","2.9334227908","2.9334227908"
"728","2.7005986509","2.7005986509","2.7005986509"
"729","3.5639778033","3.5639778033","3.5639778033"
"730","2.5058203977","2.5058203977","2.5058203977"
"731","3.0667444816","3.0667444816","3.0667444816"
"732","2.8455771321","2.8455771321","2.8455771321"
"733","3.0525449011","3.0525449011","3.0525449011"
"734","3.1935363251","3.1935363251","3.1935363251"
"735","2.7402818909","2.7402818909","2.7402818909"
"736","2.9532873261","2.9532873261","2.9532873261"
"737","3.0122698575","3.0122698575","3.0122698575"
"738","3.0894027868","3.0894027868","3.0894027868"
"739","3.4319796711","3.4319796711","3.4319796711"
"740","2.6439408031","2.6439408031","2.6439408031"
"741","2.7743269801","2.7743269801","2.7743269801"
"742","2.5900287279","2.5900287279","2.5900287279"
"743","3.2790107566","3.2790107566","3.2790107566"
"744","3.2760416678","3.2760416678","3.2760416678"
"745","2.8076871473","2.8076871473","2.8076871473"
"746","3.3619460523","3.3619460523","3.3619460523"
"747","3.2392272308","3.2392272308","3.2392272308"
"748","3.210351381","3.210351381","3.210351381"
"749","3.1515040764","3.1515040764","3.1515040764"
"750","3.515273436","3.515273436","3.515273436"
"751","2.671723921","2.671723921","2.671723921"
"752","3.0623883554","3.0623883554","3.0623883554"
"753","2.6791367739","2.6791367739","2.6791367739"
"754","2.8787830475","2.8787830475","2.8787830475"
"755","3.0117317089","3.0117317089","3.0117317089"
"756","3.0676035255","3.0676035255","3.0676035255"
"757","2.9619846851","2.9619846851","2.9619846851"
"758","3.8633190095","3.8633190095","3.8633190095"
"759","3.0912753722","3.0912753722","3.0912753722"
"760","3.2328032073","3.2328032073","3.2328032073"
"761","3.1728560033","3.1728560033","3.1728560033"
"762","3.159223704","3.159223704","3.159223704"
"763","2.7115806583","2.7115806583","2.7115806583"
"764","2.5626148435","2.5626148435","2.5626148435"
"765","2.6994047472","2.6994047472","2.6994047472"
"766","3.1170416036","3.1170416036","3.1170416036"
"767","2.7080346876","2.7080346876","2.7080346876"
"768","2.5974459806","2.5974459806","2.5974459806"
"769","2.752278153","2.752278153","2.752278153"
"770","3.067614395","3.067614395","3.067614395"
"771","2.8908643538","2.8908643538","2.8908643538"
"772","2.9361457941","2.9361457941","2.9361457941"
"773","3.1572231179","3.1572231179","3.1572231179"
"774","2.6932953402","2.6932953402","2.6932953402"
"775","2.9216281784","2.9216281784","2.9216281784"
"776","2.7937746161","2.7937746161","2.7937746161"
"777","3.4989467812","3.4989467812","3.4989467812"
"778","3.3682373238","3.3682373238","3.3682373238"
"779","2.8060661352","2.8060661352","2.8060661352"
"780","2.711517612","2.711517612","2.711517612"
"781","2.8846452361","2.8846452361","2.8846452361"
"782","3.2028624243","3.2028624243","3.2028624243"
"783","3.0335582402","3.0335582402","3.0335582402"
"784","2.9280269879","2.9280269879","2.9280269879"
"785","2.941537534","2.941537534","2.941537534"
"786","3.2198181853","3.2198181853","3.2198181853"
"787","2.5178480208","2.5178480208","2.5178480208"
"788","2.7489658374","2.7489658374","2.7489658374"
"789","3.6202257931","3.6202257931","3.6202257931"
"790","2.8516248572","2.8516248572","2.8516248572"
"791","2.9377094573","2.9377094573","2.9377094573"
"792","2.5980601734","2.5980601734","2.5980601734"
"793","3.4699640703","3.4699640703","3.4699640703"
"794","2.805623762","2.805623762","2.805623762"
"795","2.9544621265","2.9544621265","2.9544621265"
"796","2.8824657422","2.8824657422","2.8824657422"
"797","3.1119674474","3.1119674474","3.1119674474"
"798","2.7201921469","2.7201921469","2.7201921469"
"799","2.5429735297","2.5429735297","2.5429735297"
"800","2.9862076721","2.9862076721","2.9862076721"
"801","2.9174786109","2.9174786109","2.9174786109"
"802","2.8583901447","2.8583901447","2.8583901447"
"803","2.8394667524","2.8394667524","2.8394667524"
"804","2.9769964683","2.9769964683","2.9769964683"
"805","2.9051751256","2.9051751256","2.9051751256"
"806","2.6903329706","2.6903329706","2.6903329706"
"807","2.754744662","2.754744662","2.754744662"
"808","2.7891236883","2.7891236883","2.7891236883"
"809","2.7718366003","2.7718366003","2.7718366003"
"810","3.1741906953","3.1741906953","3.1741906953"
"811","2.8750378951","2.8750378951","2.8750378951"
"812","2.8908654937","2.8908654937","2.8908654937"
"813","3.0208026686","3.0208026686","3.0208026686"
"814","3.4849885678","3.4849885678","3.4849885678"
"815","2.7490684092","2.7490684092","2.7490684092"
"816","2.8349318874","2.8349318874","2.8349318874"
"817","3.0436470589","3.0436470589","3.0436470589"
"818","3.0745638984","3.0745638984","3.0745638984"
"819","2.9031590152","2.9031590152","2.9031590152"
"820","2.9783884817","2.9783884817","2.9783884817"
"821","3.0739295512","3.0739295512","3.0739295512"
"822","3.0018637788","3.0018637788","3.0018637788"
"823","2.8320510435","2.8320510435","2.8320510435"
"824","2.9486103463","2.9486103463","2.9486103463"
"825","2.7692251003","2.7692251003","2.7692251003"
"826","3.1675181368","3.1675181368","3.1675181368"
"827","2.695327757","2.695327757","2.695327757"
"828","2.9843156505","2.9843156505","2.9843156505"
"829","3.056750508","3.056750508","3.056750508"
"830","2.7774926168","2.7774926168","2.7774926168"
"831","3.0220326173","3.0220326173","3.0220326173"
"832","3.4780617195","3.4780617195","3.4780617195"
"833","2.7360232931","2.7360232931","2.7360232931"
"834","2.6513660431","2.6513660431","2.6513660431"
"835","3.2396486723","3.2396486723","3.2396486723"
"836","2.6472967088","2.6472967088","2.6472967088"
"837","2.4272071856","2.4272071856","2.4272071856"
"838","3.238177309","3.238177309","3.238177309"
"839","2.6878941169","2.6878941169","2.6878941169"
"840","3.1352060944","3.1352060944","3.1352060944"
"841","2.7401486963","2.7401486963","2.7401486963"
"842","3.1222140542","3.1222140542","3.1222140542"
"843","2.7347149706","2.7347149706","2.7347149706"
"844","2.9188146001","2.9188146001","2.9188146001"
"845","3.0095557547","3.0095557547","3.0095557547"
"846","2.6612353924","2.6612353924","2.6612353924"
"847","3.1077034122","3.1077034122","3.1077034122"
"848","3.3247564876","3.3247564876","3.3247564876"
"849","2.5760570464","2.5760570464","2.5760570464"
"850","2.8020950615","2.8020950615","2.8020950615"
"851","3.057638506","3.057638506","3.057638506"
"852","2.6795866635","2.6795866635","2.6795866635"
"853","2.5196659082","2.5196659082","2.5196659082"
"854","3.1020502698","3.1020502698","3.1020502698"
"855","2.9061602551","2.9061602551","2.9061602551"
"856","2.8499733603","2.8499733603","2.8499733603"
"857","3.4555351555","3.4555351555","3.4555351555"
"858","3.0792918158","3.0792918158","3.0792918158"
"859","3.1318893629","3.1318893629","3.1318893629"
"860","3.0640346217","3.0640346217","3.0640346217"
"861","3.3124525425","3.3124525425","3.3124525425"
"862","2.8264533687","2.8264533687","2.8264533687"
"863","3.2950843704","3.2950843704","3.2950843704"
"864","3.2336886173","3.2336886173","3.2336886173"
"865","3.3924644458","3.3924644458","3.3924644458"
"866","2.6916913277","2.6916913277","2.6916913277"
"867","3.0644340301","3.0644340301","3.0644340301"
"868","2.5509546161","2.5509546161","2.5509546161"
"869","3.362806527","3.362806527","3.362806527"
"870","2.7322273117","2.7322273117","2.7322273117"
"871","3.7832865745","3.7832865745","3.7832865745"
"872","3.1561772043","3.1561772043","3.1561772043"
"873","3.3165259588","3.3165259588","3.3165259588"
"874","3.4061753225","3.4061753225","3.4061753225"
"875","3.0601679611","3.0601679611","3.0601679611"
"876","3.639497841","3.639497841","3.639497841"
"877","2.947036882","2.947036882","2.947036882"
"878","3.0379353601","3.0379353601","3.0379353601"
"879","3.3061598182","3.3061598182","3.3061598182"
"880","3.0471137458","3.0471137458","3.0471137458"
"881","2.6595145565","2.6595145565","2.6595145565"
"882","3.1723975772","3.1723975772","3.1723975772"
"883","2.8281682765","2.8281682765","2.8281682765"
"884","3.2195696896","3.2195696896","3.2195696896"
"885","3.1489109731","3.1489109731","3.1489109731"
"886","2.9193543792","2.9193543792","2.9193543792"
"887","2.8214413577","2.8214413577","2.8214413577"
"888","3.1712521625","3.1712521625","3.1712521625"
"889","2.8074282146","2.8074282146","2.8074282146"
"890","2.9074377126","2.9074377126","2.9074377126"
"891","3.0239316374","3.0239316374","3.0239316374"
"892","3.0541677523","3.0541677523","3.0541677523"
"893","3.0993627214","3.0993627214","3.0993627214"
"894","2.9257924107","2.9257924107","2.9257924107"
"895","2.8099275476","2.8099275476","2.8099275476"
"896","3.0225572681","3.0225572681","3.0225572681"
"897","3.2557486391","3.2557486391","3.2557486391"
"898","3.4259600759","3.4259600759","3.4259600759"
"899","3.2371145374","3.2371145374","3.2371145374"
"900","3.3292766833","3.3292766833","3.3292766833"
"901","3.2259909308","3.2259909308","3.2259909308"
"902","2.9652759397","2.9652759397","2.9652759397"
"903","3.0538335979","3.0538335979","3.0538335979"
"904","2.9412927032","2.9412927032","2.9412927032"
"905","2.8209420663","2.8209420663","2.8209420663"
"906","3.1547461045","3.1547461045","3.1547461045"
"907","2.8410681242","2.8410681242","2.8410681242"
"908","2.826784566","2.826784566","2.826784566"
"909","3.316057395","3.316057395","3.316057395"
"910","2.6383841217","2.6383841217","2.6383841217"
"911","3.0601594114","3.0601594114","3.0601594114"
"912","3.0951970088","3.0951970088","3.0951970088"
"913","2.9066969293","2.9066969293","2.9066969293"
"914","2.9044528192","2.9044528192","2.9044528192"
"915","3.5231090355","3.5231090355","3.5231090355"
"916","3.4922794729","3.4922794729","3.4922794729"
"917","2.7492031589","2.7492031589","2.7492031589"
"918","2.7725713092","2.7725713092","2.7725713092"
"919","2.8412140304","2.8412140304","2.8412140304"
"920","3.4894795179","3.4894795179","3.4894795179"
"921","2.9547926289","2.9547926289","2.9547926289"
"922","3.2962938178","3.2962938178","3.2962938178"
"923","3.4620485008","3.4620485008","3.4620485008"
"924","2.9737495697","2.9737495697","2.9737495697"
"925","2.6868907851","2.6868907851","2.6868907851"
"926","2.9704906046","2.9704906046","2.9704906046"
"927","2.6804205823","2.6804205823","2.6804205823"
"928","3.2585866624","3.2585866624","3.2585866624"
"929","2.8710329491","2.8710329491","2.8710329491"
"930","2.6282625866","2.6282625866","2.6282625866"
"931","3.1386878562","3.1386878562","3.1386878562"
"932","3.3122427768","3.3122427768","3.3122427768"
"933","2.8566784897","2.8566784897","2.8566784897"
"934","3.2187011576","3.2187011576","3.2187011576"
"935","3.1514538372","3.1514538372","3.1514538372"
"936","3.4302349716","3.4302349716","3.4302349716"
"937","3.229154914","3.229154914","3.229154914"
"938","3.7320869577","3.7320869577","3.7320869577"
"939","3.4701117557","3.4701117557","3.4701117557"
"940","2.851865111","2.851865111","2.851865111"
"941","3.1875162715","3.1875162715","3.1875162715"
"942","3.3314894485","3.3314894485","3.3314894485"
"943","3.2065021992","3.2065021992","3.2065021992"
"944","3.2338273919","3.2338273919","3.2338273919"
"945","2.936935569","2.936935569","2.936935569"
"946","3.0261082429","3.0261082429","3.0261082429"
"947","3.1453866285","3.1453866285","3.1453866285"
"948","3.3078503346","3.3078503346","3.3078503346"
"949","3.022600022","3.022600022","3.022600022"
"950","3.4468751448","3.4468751448","3.4468751448"
"951","3.268414923","3.268414923","3.268414923"
"952","2.696183373","2.696183373","2.696183373"
"953","3.1479912525","3.1479912525","3.1479912525"
"954","3.0230328658","3.0230328658","3.0230328658"
"955","2.7717041135","2.7717041135","2.7717041135"
"956","2.9975265086","2.9975265086","2.9975265086"
"957","3.2196760267","3.2196760267","3.2196760267"
"958","3.4659477383","3.4659477383","3.4659477383"
"959","3.0466047424","3.0466047424","3.0466047424"
"960","3.0603093028","3.0603093028","3.0603093028"
"961","3.3446653277","3.3446653277","3.3446653277"
"962","3.1111253607","3.1111253607","3.1111253607"
"963","3.2665369672","3.2665369672","3.2665369672"
"964","2.9961460567","2.9961460567","2.9961460567"
"965","3.5444657058","3.5444657058","3.5444657058"
"966","3.5443671513","3.5443671513","3.5443671513"
"967","3.0636473215","3.0636473215","3.0636473215"
"968","2.9831466597","2.9831466597","2.9831466597"
"969","2.8227600816","2.8227600816","2.8227600816"
"970","2.9640472192","2.9640472192","2.9640472192"
"971","3.2694101238","3.2694101238","3.2694101238"
"972","3.1444281495","3.1444281495","3.1444281495"
"973","2.9031964397","2.9031964397","2.9031964397"
"974","2.9482452118","2.9482452118","2.9482452118"
"975","3.0368372554","3.0368372554","3.0368372554"
"976","3.3186947334","3.3186947334","3.3186947334"
"977","3.2741382015","3.2741382015","3.2741382015"
"978","3.5476856476","3.5476856476","3.5476856476"
"979","3.217155785","3.217155785","3.217155785"
"980","2.5430885592","2.5430885592","2.5430885592"
"981","2.9163401294","2.9163401294","2.9163401294"
"982","3.0795952892","3.0795952892","3.0795952892"
"983","3.0973671746","3.0973671746","3.0973671746"
"984","3.1460250682","3.1460250682","3.1460250682"
"985","3.2260337883","3.2260337883","3.2260337883"
"986","3.1516171461","3.1516171461","3.1516171461"
"987","2.8359479672","2.8359479672","2.8359479672"
"988","3.2862803209","3.2862803209","3.2862803209"
"989","3.0382419825","3.0382419825","3.0382419825"
"990","3.6899131364","3.6899131364","3.6899131364"
"991","3.5756297094","3.5756297094","3.5756297094"
"992","3.3884956038","3.3884956038","3.3884956038"
"993","3.6929048884","3.6929048884","3.6929048884"
"994","3.3016632169","3.3016632169","3.3016632169"
"995","3.693979829","3.693979829","3.693979829"
"996","3.5588116932","3.5588116932","3.5588116932"
"997","3.2620875919","3.2620875919","3.2620875919"
"998","3.6611995214","3.6611995214","3.6611995214"
"999","2.9252218279","2.9252218279","2.9252218279"