"Step","SAC_single_critic_short_test_track_LIDAR - return_train","SAC_single_critic_short_test_track_LIDAR - return_train__MIN","SAC_single_critic_short_test_track_LIDAR - return_train__MAX"
"0","148.289999919","148.289999919","148.289999919"
"1","148.289999919","148.289999919","148.289999919"
"2","148.289999919","148.289999919","148.289999919"
"3","6.5099999607","6.5099999607","6.5099999607"
"4","0.3499999922","0.3499999922","0.3499999922"
"5","0.3499999922","0.3499999922","0.3499999922"
"6","0.3499999922","0.3499999922","0.3499999922"
"7","0.3499999922","0.3499999922","0.3499999922"
"8","3.0199999325","3.0199999325","3.0199999325"
"9","3.0199999325","3.0199999325","3.0199999325"
"10","3.0199999325","3.0199999325","3.0199999325"
"11","3.0199999325","3.0199999325","3.0199999325"
"12","3.0199999325","3.0199999325","3.0199999325"
"13","7.7499998417","7.7499998417","7.7499998417"
"14","7.7499998417","7.7499998417","7.7499998417"
"15","1.6899999622","1.6899999622","1.6899999622"
"16","1.6899999622","1.6899999622","1.6899999622"
"17","1.6899999622","1.6899999622","1.6899999622"
"18","3.7399999499","3.7399999499","3.7399999499"
"19","3.7399999499","3.7399999499","3.7399999499"
"20","2.059999954","2.059999954","2.059999954"
"21","2.059999954","2.059999954","2.059999954"
"22","2.059999954","2.059999954","2.059999954"
"23","3.2999999356","3.2999999356","3.2999999356"
"24","3.2999999356","3.2999999356","3.2999999356"
"25","3.2999999356","3.2999999356","3.2999999356"
"26","3.2999999356","3.2999999356","3.2999999356"
"27","2.2399999499","2.2399999499","2.2399999499"
"28","2.2399999499","2.2399999499","2.2399999499"
"29","2.2399999499","2.2399999499","2.2399999499"
"30","2.2399999499","2.2399999499","2.2399999499"
"31","2.2399999499","2.2399999499","2.2399999499"
"32","2.2399999499","2.2399999499","2.2399999499"
"33","9.6899998449","9.6899998449","9.6899998449"
"34","9.6899998449","9.6899998449","9.6899998449"
"35","1.7699999642","1.7699999642","1.7699999642"
"36","1.7699999642","1.7699999642","1.7699999642"
"37","2.78999996","2.78999996","2.78999996"
"38","2.78999996","2.78999996","2.78999996"
"39","2.78999996","2.78999996","2.78999996"
"40","3.4999999329","3.4999999329","3.4999999329"
"41","3.4999999329","3.4999999329","3.4999999329"
"42","2.559999967","2.559999967","2.559999967"
"43","2.559999967","2.559999967","2.559999967"
"44","1.1099999752","1.1099999752","1.1099999752"
"45","1.1099999752","1.1099999752","1.1099999752"
"46","1.1599999778","1.1599999778","1.1599999778"
"47","1.1599999778","1.1599999778","1.1599999778"
"48","1.5199999791","1.5199999791","1.5199999791"
"49","1.209999973","1.209999973","1.209999973"
"50","1.209999973","1.209999973","1.209999973"
"51","1.2499999721","1.2499999721","1.2499999721"
"52","1.2499999721","1.2499999721","1.2499999721"
"53","1.7199999709","1.7199999709","1.7199999709"
"54","1.7199999709","1.7199999709","1.7199999709"
"55","1.7199999709","1.7199999709","1.7199999709"
"56","1.7199999709","1.7199999709","1.7199999709"
"57","1.7199999709","1.7199999709","1.7199999709"
"58","1.7199999709","1.7199999709","1.7199999709"
"59","1.7199999709","1.7199999709","1.7199999709"
"60","1.7199999709","1.7199999709","1.7199999709"
"61","1.7199999709","1.7199999709","1.7199999709"
"62","14.9399997238","14.9399997238","14.9399997238"
"63","14.9399997238","14.9399997238","14.9399997238"
"64","1.1099999752","1.1099999752","1.1099999752"
"65","1.1099999752","1.1099999752","1.1099999752"
"66","1.1099999752","1.1099999752","1.1099999752"
"67","1.1099999752","1.1099999752","1.1099999752"
"68","1.1099999752","1.1099999752","1.1099999752"
"69","16.5099999029","16.5099999029","16.5099999029"
"70","16.5099999029","16.5099999029","16.5099999029"
"71","1.7399999853","1.7399999853","1.7399999853"
"72","1.7399999853","1.7399999853","1.7399999853"
"73","1.7399999853","1.7399999853","1.7399999853"
"74","1.7399999853","1.7399999853","1.7399999853"
"75","1.7399999853","1.7399999853","1.7399999853"
"76","1.7399999853","1.7399999853","1.7399999853"
"77","1.7399999853","1.7399999853","1.7399999853"
"78","1.7399999853","1.7399999853","1.7399999853"
"79","1.7399999853","1.7399999853","1.7399999853"
"80","1.7399999853","1.7399999853","1.7399999853"
"81","1.7399999853","1.7399999853","1.7399999853"
"82","1.7399999853","1.7399999853","1.7399999853"
"83","1.7399999853","1.7399999853","1.7399999853"
"84","1.7399999853","1.7399999853","1.7399999853"
"85","148.2899997849","148.2899997849","148.2899997849"
"86","148.2899997849","148.2899997849","148.2899997849"
"87","4.0399999786","4.0399999786","4.0399999786"
"88","4.0399999786","4.0399999786","4.0399999786"
"89","3.509999983","3.509999983","3.509999983"
"90","3.509999983","3.509999983","3.509999983"
"91","7.4599999506","7.4599999506","7.4599999506"
"92","7.4599999506","7.4599999506","7.4599999506"
"93","7.4599999506","7.4599999506","7.4599999506"
"94","6.2499999423","6.2499999423","6.2499999423"
"95","6.2499999423","6.2499999423","6.2499999423"
"96","1.8699999731","1.8699999731","1.8699999731"
"97","1.899999978","1.899999978","1.899999978"
"98","1.899999978","1.899999978","1.899999978"
"99","1.5899999719","1.5899999719","1.5899999719"
"100","1.5899999719","1.5899999719","1.5899999719"
"101","1.4299999755","1.4299999755","1.4299999755"
"102","1.4299999755","1.4299999755","1.4299999755"
"103","1.189999979","1.189999979","1.189999979"
"104","1.3099999744","1.3099999744","1.3099999744"
"105","1.3099999744","1.3099999744","1.3099999744"
"106","1.3099999763","1.3099999763","1.3099999763"
"107","1.3099999763","1.3099999763","1.3099999763"
"108","1.2899999823","1.2899999823","1.2899999823"
"109","1.2899999823","1.2899999823","1.2899999823"
"110","1.4099999759","1.4099999759","1.4099999759"
"111","1.4099999759","1.4099999759","1.4099999759"
"112","1.4399999809","1.4399999809","1.4399999809"
"113","1.369999988","1.369999988","1.369999988"
"114","1.369999988","1.369999988","1.369999988"
"115","1.3099999782","1.3099999782","1.3099999782"
"116","1.3099999782","1.3099999782","1.3099999782"
"117","1.3099999782","1.3099999782","1.3099999782"
"118","1.3099999782","1.3099999782","1.3099999782"
"119","1.3099999782","1.3099999782","1.3099999782"
"120","1.3099999782","1.3099999782","1.3099999782"
"121","1.3099999782","1.3099999782","1.3099999782"
"122","1.3099999782","1.3099999782","1.3099999782"
"123","1.3099999782","1.3099999782","1.3099999782"
"124","1.3099999782","1.3099999782","1.3099999782"
"125","1.3099999782","1.3099999782","1.3099999782"
"126","148.2899999991","148.2899999991","148.2899999991"
"127","1.3099999856","1.3099999856","1.3099999856"
"128","1.3099999856","1.3099999856","1.3099999856"
"129","1.3099999856","1.3099999856","1.3099999856"
"130","1.3099999856","1.3099999856","1.3099999856"
"131","1.3099999856","1.3099999856","1.3099999856"
"132","1.3099999856","1.3099999856","1.3099999856"
"133","1.3099999856","1.3099999856","1.3099999856"
"134","1.3099999856","1.3099999856","1.3099999856"
"135","1.3099999856","1.3099999856","1.3099999856"
"136","1.3099999856","1.3099999856","1.3099999856"
"137","1.3099999856","1.3099999856","1.3099999856"
"138","1.3099999856","1.3099999856","1.3099999856"
"139","148.2899999209","148.2899999209","148.2899999209"
"140","148.2899999209","148.2899999209","148.2899999209"
"141","1.5599999744","1.5599999744","1.5599999744"
"142","1.5599999744","1.5599999744","1.5599999744"
"143","1.619999975","1.619999975","1.619999975"
"144","1.619999975","1.619999975","1.619999975"
"145","1.6299999822","1.6299999822","1.6299999822"
"146","1.6299999822","1.6299999822","1.6299999822"
"147","1.6299999822","1.6299999822","1.6299999822"
"148","1.6299999822","1.6299999822","1.6299999822"
"149","1.6299999822","1.6299999822","1.6299999822"
"150","1.6299999822","1.6299999822","1.6299999822"
"151","1.6299999822","1.6299999822","1.6299999822"
"152","1.6299999822","1.6299999822","1.6299999822"
"153","1.6299999822","1.6299999822","1.6299999822"
"154","1.6299999822","1.6299999822","1.6299999822"
"155","148.2899998669","148.2899998669","148.2899998669"
"156","148.2899998669","148.2899998669","148.2899998669"
"157","2.4299999606","2.4299999606","2.4299999606"
"158","2.4299999606","2.4299999606","2.4299999606"
"159","7.299999984","7.299999984","7.299999984"
"160","7.299999984","7.299999984","7.299999984"
"161","7.299999984","7.299999984","7.299999984"
"162","7.299999984","7.299999984","7.299999984"
"163","7.299999984","7.299999984","7.299999984"
"164","7.299999984","7.299999984","7.299999984"
"165","14.1699998975","14.1699998975","14.1699998975"
"166","14.1699998975","14.1699998975","14.1699998975"
"167","7.1999999881","7.1999999881","7.1999999881"
"168","7.1999999881","7.1999999881","7.1999999881"
"169","7.1999999881","7.1999999881","7.1999999881"
"170","7.1999999881","7.1999999881","7.1999999881"
"171","7.1999999881","7.1999999881","7.1999999881"
"172","7.1999999881","7.1999999881","7.1999999881"
"173","15.7299999334","15.7299999334","15.7299999334"
"174","15.7299999334","15.7299999334","15.7299999334"
"175","15.7299999334","15.7299999334","15.7299999334"
"176","15.7299999334","15.7299999334","15.7299999334"
"177","15.7299999334","15.7299999334","15.7299999334"
"178","15.7299999334","15.7299999334","15.7299999334"
"179","15.7299999334","15.7299999334","15.7299999334"
"180","15.7299999334","15.7299999334","15.7299999334"
"181","148.2899998724","148.2899998724","148.2899998724"
"182","148.2899998724","148.2899998724","148.2899998724"
"183","148.2899998724","148.2899998724","148.2899998724"
"184","148.2899998724","148.2899998724","148.2899998724"
"185","148.2899998724","148.2899998724","148.2899998724"
"186","148.2899998724","148.2899998724","148.2899998724"
"187","148.2899998724","148.2899998724","148.2899998724"
"188","148.2899998724","148.2899998724","148.2899998724"
"189","148.2899998724","148.2899998724","148.2899998724"
"190","148.2899998724","148.2899998724","148.2899998724"
"191","148.2899999265","148.2899999265","148.2899999265"
"192","148.2899999265","148.2899999265","148.2899999265"
"193","6.7799999677","6.7799999677","6.7799999677"
"194","6.7799999677","6.7799999677","6.7799999677"
"195","6.7799999677","6.7799999677","6.7799999677"
"196","6.7799999677","6.7799999677","6.7799999677"
"197","6.7799999677","6.7799999677","6.7799999677"
"198","6.7799999677","6.7799999677","6.7799999677"
"199","20.5499998964","20.5499998964","20.5499998964"
"200","20.5499998964","20.5499998964","20.5499998964"
"201","20.5499998964","20.5499998964","20.5499998964"
"202","20.5499998964","20.5499998964","20.5499998964"
"203","20.5499998964","20.5499998964","20.5499998964"
"204","15.0799998902","15.0799998902","15.0799998902"
"205","15.0799998902","15.0799998902","15.0799998902"
"206","15.0799998902","15.0799998902","15.0799998902"
"207","15.0799998902","15.0799998902","15.0799998902"
"208","15.0799998902","15.0799998902","15.0799998902"
"209","15.0799998902","15.0799998902","15.0799998902"
"210","15.0799998902","15.0799998902","15.0799998902"
"211","24.3699998967","24.3699998967","24.3699998967"
"212","2.0199999753","2.0199999753","2.0199999753"
"213","2.0199999753","2.0199999753","2.0199999753"
"214","2.0199999753","2.0199999753","2.0199999753"
"215","2.0199999753","2.0199999753","2.0199999753"
"216","2.0199999753","2.0199999753","2.0199999753"
"217","23.0900000148","23.0900000148","23.0900000148"
"218","23.0900000148","23.0900000148","23.0900000148"
"219","5.3199999854","5.3199999854","5.3199999854"
"220","5.3199999854","5.3199999854","5.3199999854"
"221","5.3199999854","5.3199999854","5.3199999854"
"222","5.3199999854","5.3199999854","5.3199999854"
"223","5.3199999854","5.3199999854","5.3199999854"
"224","23.2799999453","23.2799999453","23.2799999453"
"225","23.2799999453","23.2799999453","23.2799999453"
"226","23.2799999453","23.2799999453","23.2799999453"
"227","23.2799999453","23.2799999453","23.2799999453"
"228","23.2799999453","23.2799999453","23.2799999453"
"229","23.2799999453","23.2799999453","23.2799999453"
"230","23.2799999453","23.2799999453","23.2799999453"
"231","23.709999891","23.709999891","23.709999891"
"232","23.709999891","23.709999891","23.709999891"
"233","23.709999891","23.709999891","23.709999891"
"234","23.709999891","23.709999891","23.709999891"
"235","23.709999891","23.709999891","23.709999891"
"236","23.709999891","23.709999891","23.709999891"
"237","25.1299999226","25.1299999226","25.1299999226"
"238","25.1299999226","25.1299999226","25.1299999226"
"239","25.1299999226","25.1299999226","25.1299999226"
"240","25.1299999226","25.1299999226","25.1299999226"
"241","25.1299999226","25.1299999226","25.1299999226"
"242","25.1299999226","25.1299999226","25.1299999226"
"243","23.899999924","23.899999924","23.899999924"
"244","23.899999924","23.899999924","23.899999924"
"245","23.899999924","23.899999924","23.899999924"
"246","23.899999924","23.899999924","23.899999924"
"247","23.899999924","23.899999924","23.899999924"
"248","23.899999924","23.899999924","23.899999924"
"249","23.899999924","23.899999924","23.899999924"
"250","26.8899999335","26.8899999335","26.8899999335"
"251","26.8899999335","26.8899999335","26.8899999335"
"252","26.8899999335","26.8899999335","26.8899999335"
"253","26.8899999335","26.8899999335","26.8899999335"
"254","26.8899999335","26.8899999335","26.8899999335"
"255","22.1899999417","22.1899999417","22.1899999417"
"256","22.1899999417","22.1899999417","22.1899999417"
"257","2.0399999712","2.0399999712","2.0399999712"
"258","2.0399999712","2.0399999712","2.0399999712"
"259","1.1799999736","1.1799999736","1.1799999736"
"260","1.4399999678","1.4399999678","1.4399999678"
"261","1.4399999678","1.4399999678","1.4399999678"
"262","1.4399999678","1.4399999678","1.4399999678"
"263","1.4399999678","1.4399999678","1.4399999678"
"264","1.4399999678","1.4399999678","1.4399999678"
"265","19.8599998523","19.8599998523","19.8599998523"
"266","19.8599998523","19.8599998523","19.8599998523"
"267","19.8599998523","19.8599998523","19.8599998523"
"268","19.8599998523","19.8599998523","19.8599998523"
"269","19.8599998523","19.8599998523","19.8599998523"
"270","19.8599998523","19.8599998523","19.8599998523"
"271","19.8599998523","19.8599998523","19.8599998523"
"272","19.8599998523","19.8599998523","19.8599998523"
"273","25.4399999008","25.4399999008","25.4399999008"
"274","25.4399999008","25.4399999008","25.4399999008"
"275","2.1499999668","2.1499999668","2.1499999668"
"276","2.1499999668","2.1499999668","2.1499999668"
"277","2.1499999668","2.1499999668","2.1499999668"
"278","2.1499999668","2.1499999668","2.1499999668"
"279","2.1499999668","2.1499999668","2.1499999668"
"280","2.1499999668","2.1499999668","2.1499999668"
"281","2.1499999668","2.1499999668","2.1499999668"
"282","2.1499999668","2.1499999668","2.1499999668"
"283","2.1499999668","2.1499999668","2.1499999668"
"284","148.2900021467","148.2900021467","148.2900021467"
"285","148.2900021467","148.2900021467","148.2900021467"
"286","148.2900021467","148.2900021467","148.2900021467"
"287","148.2900021467","148.2900021467","148.2900021467"
"288","148.2900021467","148.2900021467","148.2900021467"
"289","148.2900021467","148.2900021467","148.2900021467"
"290","26.8499999065","26.8499999065","26.8499999065"
"291","26.8499999065","26.8499999065","26.8499999065"
"292","2.749999987","2.749999987","2.749999987"
"293","2.749999987","2.749999987","2.749999987"
"294","2.749999987","2.749999987","2.749999987"
"295","2.749999987","2.749999987","2.749999987"
"296","2.749999987","2.749999987","2.749999987"
"297","2.749999987","2.749999987","2.749999987"
"298","2.749999987","2.749999987","2.749999987"
"299","26.2499999236","26.2499999236","26.2499999236"
"300","26.2499999236","26.2499999236","26.2499999236"
"301","26.2499999236","26.2499999236","26.2499999236"
"302","26.2499999236","26.2499999236","26.2499999236"
"303","26.2499999236","26.2499999236","26.2499999236"
"304","26.2499999236","26.2499999236","26.2499999236"
"305","26.2499999236","26.2499999236","26.2499999236"
"306","26.2499999236","26.2499999236","26.2499999236"
"307","44.03999996","44.03999996","44.03999996"
"308","44.03999996","44.03999996","44.03999996"
"309","44.03999996","44.03999996","44.03999996"
"310","44.03999996","44.03999996","44.03999996"
"311","44.03999996","44.03999996","44.03999996"
"312","44.03999996","44.03999996","44.03999996"
"313","35.409999948","35.409999948","35.409999948"
"314","35.409999948","35.409999948","35.409999948"
"315","35.409999948","35.409999948","35.409999948"
"316","2.6699999552","2.6699999552","2.6699999552"
"317","2.8599999696","2.8599999696","2.8599999696"
"318","2.8599999696","2.8599999696","2.8599999696"
"319","2.8599999696","2.8599999696","2.8599999696"
"320","2.8599999696","2.8599999696","2.8599999696"
"321","2.8599999696","2.8599999696","2.8599999696"
"322","2.8599999696","2.8599999696","2.8599999696"
"323","2.8599999696","2.8599999696","2.8599999696"
"324","2.8599999696","2.8599999696","2.8599999696"
"325","2.8599999696","2.8599999696","2.8599999696"
"326","2.8599999696","2.8599999696","2.8599999696"
"327","148.2000016198","148.2000016198","148.2000016198"
"328","148.2000016198","148.2000016198","148.2000016198"
"329","148.2000016198","148.2000016198","148.2000016198"
"330","148.2000016198","148.2000016198","148.2000016198"
"331","148.2000016198","148.2000016198","148.2000016198"
"332","148.2000016198","148.2000016198","148.2000016198"
"333","148.2000016198","148.2000016198","148.2000016198"
"334","148.2000016198","148.2000016198","148.2000016198"
"335","148.2899986003","148.2899986003","148.2899986003"
"336","148.2899986003","148.2899986003","148.2899986003"
"337","148.2899986003","148.2899986003","148.2899986003"
"338","4.6899999622","4.6899999622","4.6899999622"
"339","4.6899999622","4.6899999622","4.6899999622"
"340","2.2699999642","2.2699999642","2.2699999642"
"341","2.2699999642","2.2699999642","2.2699999642"
"342","2.7799999695","2.7799999695","2.7799999695"
"343","2.2699999791","2.2699999791","2.2699999791"
"344","2.2699999791","2.2699999791","2.2699999791"
"345","2.2699999791","2.2699999791","2.2699999791"
"346","2.2699999791","2.2699999791","2.2699999791"
"347","2.2699999791","2.2699999791","2.2699999791"
"348","2.2699999791","2.2699999791","2.2699999791"
"349","29.0899998769","29.0899998769","29.0899998769"
"350","29.0899998769","29.0899998769","29.0899998769"
"351","29.0899998769","29.0899998769","29.0899998769"
"352","29.0899998769","29.0899998769","29.0899998769"
"353","29.0899998769","29.0899998769","29.0899998769"
"354","29.0899998769","29.0899998769","29.0899998769"
"355","29.0899998769","29.0899998769","29.0899998769"
"356","29.0899998769","29.0899998769","29.0899998769"
"357","42.4099998903","42.4099998903","42.4099998903"
"358","42.4099998903","42.4099998903","42.4099998903"
"359","42.4099998903","42.4099998903","42.4099998903"
"360","42.4099998903","42.4099998903","42.4099998903"
"361","42.4099998903","42.4099998903","42.4099998903"
"362","42.4099998903","42.4099998903","42.4099998903"
"363","42.4099998903","42.4099998903","42.4099998903"
"364","27.1799999475","27.1799999475","27.1799999475"
"365","27.1799999475","27.1799999475","27.1799999475"
"366","27.1799999475","27.1799999475","27.1799999475"
"367","27.1799999475","27.1799999475","27.1799999475"
"368","27.1799999475","27.1799999475","27.1799999475"
"369","27.1799999475","27.1799999475","27.1799999475"
"370","35.9099999405","35.9099999405","35.9099999405"
"371","35.9099999405","35.9099999405","35.9099999405"
"372","35.9099999405","35.9099999405","35.9099999405"
"373","35.9099999405","35.9099999405","35.9099999405"
"374","35.9099999405","35.9099999405","35.9099999405"
"375","35.9099999405","35.9099999405","35.9099999405"
"376","35.9099999405","35.9099999405","35.9099999405"
"377","27.8199998997","27.8199998997","27.8199998997"
"378","27.8199998997","27.8199998997","27.8199998997"
"379","27.8199998997","27.8199998997","27.8199998997"
"380","27.8199998997","27.8199998997","27.8199998997"
"381","27.8199998997","27.8199998997","27.8199998997"
"382","27.8199998997","27.8199998997","27.8199998997"
"383","29.6099999193","29.6099999193","29.6099999193"
"384","29.6099999193","29.6099999193","29.6099999193"
"385","29.6099999193","29.6099999193","29.6099999193"
"386","29.6099999193","29.6099999193","29.6099999193"
"387","29.6099999193","29.6099999193","29.6099999193"
"388","29.6099999193","29.6099999193","29.6099999193"
"389","29.6099999193","29.6099999193","29.6099999193"
"390","29.6099999193","29.6099999193","29.6099999193"
"391","29.6099999193","29.6099999193","29.6099999193"
"392","29.6099999193","29.6099999193","29.6099999193"
"393","148.1799995657","148.1799995657","148.1799995657"
"394","148.1799995657","148.1799995657","148.1799995657"
"395","148.1799995657","148.1799995657","148.1799995657"
"396","148.1799995657","148.1799995657","148.1799995657"
"397","148.1799995657","148.1799995657","148.1799995657"
"398","148.1799995657","148.1799995657","148.1799995657"
"399","148.1799995657","148.1799995657","148.1799995657"
"400","148.1799995657","148.1799995657","148.1799995657"
"401","148.1799995657","148.1799995657","148.1799995657"
"402","148.1799995657","148.1799995657","148.1799995657"
"403","148.1799995657","148.1799995657","148.1799995657"
"404","148.1799995657","148.1799995657","148.1799995657"
"405","148.2399973366","148.2399973366","148.2399973366"
"406","148.2399973366","148.2399973366","148.2399973366"
"407","5.8299999852","5.8299999852","5.8299999852"
"408","5.8299999852","5.8299999852","5.8299999852"
"409","5.8299999852","5.8299999852","5.8299999852"
"410","5.8299999852","5.8299999852","5.8299999852"
"411","5.8299999852","5.8299999852","5.8299999852"
"412","5.8299999852","5.8299999852","5.8299999852"
"413","5.8299999852","5.8299999852","5.8299999852"
"414","28.6499999594","28.6499999594","28.6499999594"
"415","28.6499999594","28.6499999594","28.6499999594"
"416","28.6499999594","28.6499999594","28.6499999594"
"417","28.6499999594","28.6499999594","28.6499999594"
"418","28.6499999594","28.6499999594","28.6499999594"
"419","28.6499999594","28.6499999594","28.6499999594"
"420","28.6499999594","28.6499999594","28.6499999594"
"421","28.6499999594","28.6499999594","28.6499999594"
"422","28.6499999594","28.6499999594","28.6499999594"
"423","28.6499999594","28.6499999594","28.6499999594"
"424","28.6499999594","28.6499999594","28.6499999594"
"425","28.6499999594","28.6499999594","28.6499999594"
"426","148.2399994824","148.2399994824","148.2399994824"
"427","148.2399994824","148.2399994824","148.2399994824"
"428","148.2399994824","148.2399994824","148.2399994824"
"429","148.2399994824","148.2399994824","148.2399994824"
"430","148.2399994824","148.2399994824","148.2399994824"
"431","148.2399994824","148.2399994824","148.2399994824"
"432","148.2399994824","148.2399994824","148.2399994824"
"433","148.2399994824","148.2399994824","148.2399994824"
"434","28.0199999437","28.0199999437","28.0199999437"
"435","28.0199999437","28.0199999437","28.0199999437"
"436","28.0199999437","28.0199999437","28.0199999437"
"437","28.0199999437","28.0199999437","28.0199999437"
"438","28.0199999437","28.0199999437","28.0199999437"
"439","28.0199999437","28.0199999437","28.0199999437"
"440","28.0199999437","28.0199999437","28.0199999437"
"441","28.0199999437","28.0199999437","28.0199999437"
"442","28.0199999437","28.0199999437","28.0199999437"
"443","28.0199999437","28.0199999437","28.0199999437"
"444","148.2200006787","148.2200006787","148.2200006787"
"445","148.2200006787","148.2200006787","148.2200006787"
"446","148.2200006787","148.2200006787","148.2200006787"
"447","148.2200006787","148.2200006787","148.2200006787"
"448","148.2200006787","148.2200006787","148.2200006787"
"449","148.2200006787","148.2200006787","148.2200006787"
"450","148.2200006787","148.2200006787","148.2200006787"
"451","148.2200006787","148.2200006787","148.2200006787"
"452","148.2200006787","148.2200006787","148.2200006787"
"453","148.2200006787","148.2200006787","148.2200006787"
"454","148.2200006787","148.2200006787","148.2200006787"
"455","148.2200006787","148.2200006787","148.2200006787"
"456","148.2200006787","148.2200006787","148.2200006787"
"457","148.1800007802","148.1800007802","148.1800007802"
"458","148.1800007802","148.1800007802","148.1800007802"
"459","148.1800007802","148.1800007802","148.1800007802"
"460","148.1800007802","148.1800007802","148.1800007802"
"461","148.1800007802","148.1800007802","148.1800007802"
"462","148.1800007802","148.1800007802","148.1800007802"
"463","148.1800007802","148.1800007802","148.1800007802"
"464","148.1800007802","148.1800007802","148.1800007802"
"465","148.1800007802","148.1800007802","148.1800007802"
"466","27.5899998024","27.5899998024","27.5899998024"
"467","27.5899998024","27.5899998024","27.5899998024"
"468","27.5899998024","27.5899998024","27.5899998024"
"469","27.5899998024","27.5899998024","27.5899998024"
"470","27.5899998024","27.5899998024","27.5899998024"
"471","27.5899998024","27.5899998024","27.5899998024"
"472","27.5899998024","27.5899998024","27.5899998024"
"473","27.5899998024","27.5899998024","27.5899998024"
"474","28.9699998535","28.9699998535","28.9699998535"
"475","28.9699998535","28.9699998535","28.9699998535"
"476","6.7499999739","6.7499999739","6.7499999739"
"477","6.7499999739","6.7499999739","6.7499999739"
"478","6.7499999739","6.7499999739","6.7499999739"
"479","6.7499999739","6.7499999739","6.7499999739"
"480","6.7499999739","6.7499999739","6.7499999739"
"481","6.7499999739","6.7499999739","6.7499999739"
"482","6.7499999739","6.7499999739","6.7499999739"
"483","28.2300000116","28.2300000116","28.2300000116"
"484","28.2300000116","28.2300000116","28.2300000116"
"485","28.2300000116","28.2300000116","28.2300000116"
"486","28.2300000116","28.2300000116","28.2300000116"
"487","28.2300000116","28.2300000116","28.2300000116"
"488","28.2300000116","28.2300000116","28.2300000116"
"489","28.2300000116","28.2300000116","28.2300000116"
"490","28.2300000116","28.2300000116","28.2300000116"
"491","28.2300000116","28.2300000116","28.2300000116"
"492","28.2300000116","28.2300000116","28.2300000116"
"493","28.2300000116","28.2300000116","28.2300000116"
"494","28.2300000116","28.2300000116","28.2300000116"
"495","28.2300000116","28.2300000116","28.2300000116"
"496","28.2300000116","28.2300000116","28.2300000116"
"497","45.0799997039","45.0799997039","45.0799997039"
"498","45.0799997039","45.0799997039","45.0799997039"
"499","45.0799997039","45.0799997039","45.0799997039"
"500","45.0799997039","45.0799997039","45.0799997039"
"501","45.0799997039","45.0799997039","45.0799997039"
"502","45.0799997039","45.0799997039","45.0799997039"
"503","45.0799997039","45.0799997039","45.0799997039"
"504","45.0799997039","45.0799997039","45.0799997039"
"505","45.0799997039","45.0799997039","45.0799997039"
"506","45.0799997039","45.0799997039","45.0799997039"
"507","45.0799997039","45.0799997039","45.0799997039"
"508","45.0799997039","45.0799997039","45.0799997039"
"509","148.2000028752","148.2000028752","148.2000028752"
"510","148.2000028752","148.2000028752","148.2000028752"
"511","148.2000028752","148.2000028752","148.2000028752"
"512","148.2000028752","148.2000028752","148.2000028752"
"513","148.2000028752","148.2000028752","148.2000028752"
"514","22.5699999835","22.5699999835","22.5699999835"
"515","22.5699999835","22.5699999835","22.5699999835"
"516","22.5699999835","22.5699999835","22.5699999835"
"517","22.5699999835","22.5699999835","22.5699999835"
"518","22.5699999835","22.5699999835","22.5699999835"
"519","28.5500000119","28.5500000119","28.5500000119"
"520","28.5500000119","28.5500000119","28.5500000119"
"521","28.5500000119","28.5500000119","28.5500000119"
"522","28.5500000119","28.5500000119","28.5500000119"
"523","28.5500000119","28.5500000119","28.5500000119"
"524","28.5500000119","28.5500000119","28.5500000119"
"525","36.8099999763","36.8099999763","36.8099999763"
"526","36.8099999763","36.8099999763","36.8099999763"
"527","36.8099999763","36.8099999763","36.8099999763"
"528","36.8099999763","36.8099999763","36.8099999763"
"529","36.8099999763","36.8099999763","36.8099999763"
"530","36.8099999763","36.8099999763","36.8099999763"
"531","28.9700000342","28.9700000342","28.9700000342"
"532","28.9700000342","28.9700000342","28.9700000342"
"533","28.9700000342","28.9700000342","28.9700000342"
"534","28.9700000342","28.9700000342","28.9700000342"
"535","28.9700000342","28.9700000342","28.9700000342"
"536","28.9700000342","28.9700000342","28.9700000342"
"537","28.9700000342","28.9700000342","28.9700000342"
"538","28.9700000342","28.9700000342","28.9700000342"
"539","28.9700000342","28.9700000342","28.9700000342"
"540","148.2000029366","148.2000029366","148.2000029366"
"541","148.2000029366","148.2000029366","148.2000029366"
"542","148.2000029366","148.2000029366","148.2000029366"
"543","148.2000029366","148.2000029366","148.2000029366"
"544","148.2000029366","148.2000029366","148.2000029366"
"545","148.2000029366","148.2000029366","148.2000029366"
"546","148.2000029366","148.2000029366","148.2000029366"
"547","148.2000029366","148.2000029366","148.2000029366"
"548","148.2000029366","148.2000029366","148.2000029366"
"549","148.2000029366","148.2000029366","148.2000029366"
"550","148.2100029439","148.2100029439","148.2100029439"
"551","148.2100029439","148.2100029439","148.2100029439"
"552","148.2100029439","148.2100029439","148.2100029439"
"553","148.2100029439","148.2100029439","148.2100029439"
"554","148.2100029439","148.2100029439","148.2100029439"
"555","148.289999919","148.289999919","148.289999919"
"556","148.289999919","148.289999919","148.289999919"
"557","148.289999919","148.289999919","148.289999919"
"558","148.289999919","148.289999919","148.289999919"
"559","148.289999919","148.289999919","148.289999919"
"560","148.289999919","148.289999919","148.289999919"
"561","148.289999919","148.289999919","148.289999919"
"562","148.289999919","148.289999919","148.289999919"
"563","148.289999919","148.289999919","148.289999919"
"564","148.18999747","148.18999747","148.18999747"
"565","148.18999747","148.18999747","148.18999747"
"566","148.18999747","148.18999747","148.18999747"
"567","148.18999747","148.18999747","148.18999747"
"568","148.18999747","148.18999747","148.18999747"
"569","148.18999747","148.18999747","148.18999747"
"570","148.18999747","148.18999747","148.18999747"
"571","148.18999747","148.18999747","148.18999747"
"572","148.18999747","148.18999747","148.18999747"
"573","148.18999747","148.18999747","148.18999747"
"574","148.18999747","148.18999747","148.18999747"
"575","148.18999747","148.18999747","148.18999747"
"576","148.2200007178","148.2200007178","148.2200007178"
"577","148.2200007178","148.2200007178","148.2200007178"
"578","148.2200007178","148.2200007178","148.2200007178"
"579","148.2200007178","148.2200007178","148.2200007178"
"580","148.2200007178","148.2200007178","148.2200007178"
"581","148.2200007178","148.2200007178","148.2200007178"
"582","148.2200007178","148.2200007178","148.2200007178"
"583","148.2200007178","148.2200007178","148.2200007178"
"584","148.2200007178","148.2200007178","148.2200007178"
"585","148.2200007178","148.2200007178","148.2200007178"
"586","148.2200007178","148.2200007178","148.2200007178"
"587","148.1900007911","148.1900007911","148.1900007911"
"588","148.1900007911","148.1900007911","148.1900007911"
"589","148.1900007911","148.1900007911","148.1900007911"
"590","148.1900007911","148.1900007911","148.1900007911"
"591","148.1900007911","148.1900007911","148.1900007911"
"592","148.1900007911","148.1900007911","148.1900007911"
"593","148.1900007911","148.1900007911","148.1900007911"
"594","148.1900007911","148.1900007911","148.1900007911"
"595","148.1900007911","148.1900007911","148.1900007911"
"596","148.1900007911","148.1900007911","148.1900007911"
"597","148.190002894","148.190002894","148.190002894"
"598","148.190002894","148.190002894","148.190002894"
"599","148.190002894","148.190002894","148.190002894"
"600","148.190002894","148.190002894","148.190002894"
"601","148.190002894","148.190002894","148.190002894"
"602","148.190002894","148.190002894","148.190002894"
"603","148.190002894","148.190002894","148.190002894"
"604","148.190002894","148.190002894","148.190002894"
"605","148.190002894","148.190002894","148.190002894"
"606","148.190002894","148.190002894","148.190002894"
"607","148.190002894","148.190002894","148.190002894"
"608","148.190002894","148.190002894","148.190002894"
"609","148.1900007706","148.1900007706","148.1900007706"
"610","148.1900007706","148.1900007706","148.1900007706"
"611","148.1900007706","148.1900007706","148.1900007706"
"612","148.1900007706","148.1900007706","148.1900007706"
"613","148.1900007706","148.1900007706","148.1900007706"
"614","148.1900007706","148.1900007706","148.1900007706"
"615","148.1900007706","148.1900007706","148.1900007706"
"616","148.1900007706","148.1900007706","148.1900007706"
"617","148.1900007706","148.1900007706","148.1900007706"
"618","148.1900007706","148.1900007706","148.1900007706"
"619","148.1900007706","148.1900007706","148.1900007706"
"620","148.2399974074","148.2399974074","148.2399974074"
"621","148.2399974074","148.2399974074","148.2399974074"
"622","148.2399974074","148.2399974074","148.2399974074"
"623","148.2399974074","148.2399974074","148.2399974074"
"624","148.2399974074","148.2399974074","148.2399974074"
"625","148.2399974074","148.2399974074","148.2399974074"
"626","148.2399974074","148.2399974074","148.2399974074"
"627","148.2399974074","148.2399974074","148.2399974074"
"628","148.2399974074","148.2399974074","148.2399974074"
"629","148.2399974074","148.2399974074","148.2399974074"
"630","148.2399974074","148.2399974074","148.2399974074"
"631","148.2099963762","148.2099963762","148.2099963762"
"632","148.2099963762","148.2099963762","148.2099963762"
"633","148.2099963762","148.2099963762","148.2099963762"
"634","148.2099963762","148.2099963762","148.2099963762"
"635","148.2099963762","148.2099963762","148.2099963762"
"636","148.2099963762","148.2099963762","148.2099963762"
"637","148.2099963762","148.2099963762","148.2099963762"
"638","148.2099963762","148.2099963762","148.2099963762"
"639","148.2099963762","148.2099963762","148.2099963762"
"640","148.2099963762","148.2099963762","148.2099963762"
"641","148.2099963762","148.2099963762","148.2099963762"
"642","148.2099963762","148.2099963762","148.2099963762"
"643","148.209996473","148.209996473","148.209996473"
"644","3.1199999992","3.1199999992","3.1199999992"
"645","3.1199999992","3.1199999992","3.1199999992"
"646","3.1199999992","3.1199999992","3.1199999992"
"647","3.1199999992","3.1199999992","3.1199999992"
"648","3.1199999992","3.1199999992","3.1199999992"
"649","3.1199999992","3.1199999992","3.1199999992"
"650","3.1199999992","3.1199999992","3.1199999992"
"651","3.1199999992","3.1199999992","3.1199999992"
"652","3.1199999992","3.1199999992","3.1199999992"
"653","3.1199999992","3.1199999992","3.1199999992"
"654","3.1199999992","3.1199999992","3.1199999992"
"655","3.1199999992","3.1199999992","3.1199999992"
"656","148.1900006812","148.1900006812","148.1900006812"
"657","148.1900006812","148.1900006812","148.1900006812"
"658","148.1900006812","148.1900006812","148.1900006812"
"659","148.1900006812","148.1900006812","148.1900006812"
"660","148.1900006812","148.1900006812","148.1900006812"
"661","148.1900006812","148.1900006812","148.1900006812"
"662","148.1900006812","148.1900006812","148.1900006812"
"663","148.1900006812","148.1900006812","148.1900006812"
"664","148.1900006812","148.1900006812","148.1900006812"
"665","148.1900006812","148.1900006812","148.1900006812"
"666","148.1900006812","148.1900006812","148.1900006812"
"667","148.1900028922","148.1900028922","148.1900028922"
"668","148.1900028922","148.1900028922","148.1900028922"
"669","148.1900028922","148.1900028922","148.1900028922"
"670","148.1900028922","148.1900028922","148.1900028922"
"671","148.1900028922","148.1900028922","148.1900028922"
"672","148.1900028922","148.1900028922","148.1900028922"
"673","148.1900028922","148.1900028922","148.1900028922"
"674","148.1900028922","148.1900028922","148.1900028922"
"675","148.1900028922","148.1900028922","148.1900028922"
"676","148.1900028922","148.1900028922","148.1900028922"
"677","148.1900028177","148.1900028177","148.1900028177"
"678","148.1900028177","148.1900028177","148.1900028177"
"679","148.1900028177","148.1900028177","148.1900028177"
"680","148.1900028177","148.1900028177","148.1900028177"
"681","148.1900028177","148.1900028177","148.1900028177"
"682","148.1900028177","148.1900028177","148.1900028177"
"683","148.1900028177","148.1900028177","148.1900028177"
"684","148.1900028177","148.1900028177","148.1900028177"
"685","148.1900028177","148.1900028177","148.1900028177"
"686","148.1900028177","148.1900028177","148.1900028177"
"687","148.1900028177","148.1900028177","148.1900028177"
"688","148.1900028177","148.1900028177","148.1900028177"
"689","148.1900028177","148.1900028177","148.1900028177"
"690","148.2000027522","148.2000027522","148.2000027522"
"691","148.2000027522","148.2000027522","148.2000027522"
"692","148.2000027522","148.2000027522","148.2000027522"
"693","148.2000027522","148.2000027522","148.2000027522"
"694","148.2000027522","148.2000027522","148.2000027522"
"695","148.2000027522","148.2000027522","148.2000027522"
"696","148.2000027522","148.2000027522","148.2000027522"
"697","148.2000027522","148.2000027522","148.2000027522"
"698","148.2000027522","148.2000027522","148.2000027522"
"699","148.2000027522","148.2000027522","148.2000027522"
"700","148.2000027522","148.2000027522","148.2000027522"
"701","148.2000027522","148.2000027522","148.2000027522"
"702","148.2000027522","148.2000027522","148.2000027522"
"703","148.2000027522","148.2000027522","148.2000027522"
"704","148.21000061","148.21000061","148.21000061"
"705","148.21000061","148.21000061","148.21000061"
"706","148.21000061","148.21000061","148.21000061"
"707","148.21000061","148.21000061","148.21000061"
"708","148.21000061","148.21000061","148.21000061"
"709","148.21000061","148.21000061","148.21000061"
"710","148.21000061","148.21000061","148.21000061"
"711","148.21000061","148.21000061","148.21000061"
"712","148.21000061","148.21000061","148.21000061"
"713","148.21000061","148.21000061","148.21000061"
"714","148.21000061","148.21000061","148.21000061"
"715","148.2300006207","148.2300006207","148.2300006207"
"716","148.2300006207","148.2300006207","148.2300006207"
"717","2.1899999864","2.1899999864","2.1899999864"
"718","2.1899999864","2.1899999864","2.1899999864"
"719","2.1899999864","2.1899999864","2.1899999864"
"720","2.1899999864","2.1899999864","2.1899999864"
"721","2.1899999864","2.1899999864","2.1899999864"
"722","2.1899999864","2.1899999864","2.1899999864"
"723","2.1899999864","2.1899999864","2.1899999864"
"724","2.1899999864","2.1899999864","2.1899999864"
"725","2.1899999864","2.1899999864","2.1899999864"
"726","2.1899999864","2.1899999864","2.1899999864"
"727","2.1899999864","2.1899999864","2.1899999864"
"728","2.1899999864","2.1899999864","2.1899999864"
"729","2.1899999864","2.1899999864","2.1899999864"
"730","148.1999984533","148.1999984533","148.1999984533"
"731","148.1999984533","148.1999984533","148.1999984533"
"732","148.1999984533","148.1999984533","148.1999984533"
"733","148.1999984533","148.1999984533","148.1999984533"
"734","148.1999984533","148.1999984533","148.1999984533"
"735","148.1999984533","148.1999984533","148.1999984533"
"736","148.1999984533","148.1999984533","148.1999984533"
"737","148.1999984533","148.1999984533","148.1999984533"
"738","148.1999984533","148.1999984533","148.1999984533"
"739","148.1999984533","148.1999984533","148.1999984533"
"740","148.1999984533","148.1999984533","148.1999984533"
"741","148.1999984533","148.1999984533","148.1999984533"
"742","148.1999984533","148.1999984533","148.1999984533"
"743","148.1999984533","148.1999984533","148.1999984533"
"744","148.1999984533","148.1999984533","148.1999984533"
"745","46.2699996904","46.2699996904","46.2699996904"
"746","46.2699996904","46.2699996904","46.2699996904"
"747","46.2699996904","46.2699996904","46.2699996904"
"748","46.2699996904","46.2699996904","46.2699996904"
"749","46.2699996904","46.2699996904","46.2699996904"
"750","46.2699996904","46.2699996904","46.2699996904"
"751","46.2699996904","46.2699996904","46.2699996904"
"752","46.2699996904","46.2699996904","46.2699996904"
"753","46.2699996904","46.2699996904","46.2699996904"
"754","46.2699996904","46.2699996904","46.2699996904"
"755","46.2699996904","46.2699996904","46.2699996904"
"756","148.1999985538","148.1999985538","148.1999985538"
"757","148.1999985538","148.1999985538","148.1999985538"
"758","148.1999985538","148.1999985538","148.1999985538"
"759","148.1999985538","148.1999985538","148.1999985538"
"760","148.1999985538","148.1999985538","148.1999985538"
"761","148.1999985538","148.1999985538","148.1999985538"
"762","148.1999985538","148.1999985538","148.1999985538"
"763","148.1999985538","148.1999985538","148.1999985538"
"764","148.1999985538","148.1999985538","148.1999985538"
"765","148.1999985538","148.1999985538","148.1999985538"
"766","148.1999985538","148.1999985538","148.1999985538"
"767","148.1999985538","148.1999985538","148.1999985538"
"768","148.1999985538","148.1999985538","148.1999985538"
"769","148.200001942","148.200001942","148.200001942"
"770","148.200001942","148.200001942","148.200001942"
"771","148.200001942","148.200001942","148.200001942"
"772","148.200001942","148.200001942","148.200001942"
"773","148.200001942","148.200001942","148.200001942"
"774","148.200001942","148.200001942","148.200001942"
"775","148.200001942","148.200001942","148.200001942"
"776","148.200001942","148.200001942","148.200001942"
"777","148.200001942","148.200001942","148.200001942"
"778","148.200001942","148.200001942","148.200001942"
"779","148.2200027686","148.2200027686","148.2200027686"
"780","148.2200027686","148.2200027686","148.2200027686"
"781","148.2200027686","148.2200027686","148.2200027686"
"782","148.2200027686","148.2200027686","148.2200027686"
"783","148.2200027686","148.2200027686","148.2200027686"
"784","148.2200027686","148.2200027686","148.2200027686"
"785","25.0599999782","25.0599999782","25.0599999782"
"786","25.0599999782","25.0599999782","25.0599999782"
"787","25.0599999782","25.0599999782","25.0599999782"
"788","25.0599999782","25.0599999782","25.0599999782"
"789","25.0599999782","25.0599999782","25.0599999782"
"790","25.0599999782","25.0599999782","25.0599999782"
"791","25.0599999782","25.0599999782","25.0599999782"
"792","148.3100009263","148.3100009263","148.3100009263"
"793","148.3100009263","148.3100009263","148.3100009263"
"794","148.3100009263","148.3100009263","148.3100009263"
"795","148.3100009263","148.3100009263","148.3100009263"
"796","148.3100009263","148.3100009263","148.3100009263"
"797","148.3100009263","148.3100009263","148.3100009263"
"798","148.3100009263","148.3100009263","148.3100009263"
"799","148.3100009263","148.3100009263","148.3100009263"
"800","148.3100009263","148.3100009263","148.3100009263"
"801","148.3100009263","148.3100009263","148.3100009263"
"802","148.3100009263","148.3100009263","148.3100009263"
"803","148.3100009263","148.3100009263","148.3100009263"
"804","148.3100009263","148.3100009263","148.3100009263"
"805","148.2100006174","148.2100006174","148.2100006174"
"806","148.2100006174","148.2100006174","148.2100006174"
"807","148.2100006174","148.2100006174","148.2100006174"
"808","148.2100006174","148.2100006174","148.2100006174"
"809","148.2100006174","148.2100006174","148.2100006174"
"810","148.2100006174","148.2100006174","148.2100006174"
"811","148.2100006174","148.2100006174","148.2100006174"
"812","148.2100006174","148.2100006174","148.2100006174"
"813","148.2100006174","148.2100006174","148.2100006174"
"814","148.1900007073","148.1900007073","148.1900007073"
"815","148.1900007073","148.1900007073","148.1900007073"
"816","148.1900007073","148.1900007073","148.1900007073"
"817","148.1900007073","148.1900007073","148.1900007073"
"818","148.1900007073","148.1900007073","148.1900007073"
"819","148.1900007073","148.1900007073","148.1900007073"
"820","148.1900007073","148.1900007073","148.1900007073"
"821","148.1900007073","148.1900007073","148.1900007073"
"822","148.1900007073","148.1900007073","148.1900007073"
"823","148.1900007073","148.1900007073","148.1900007073"
"824","148.1900007073","148.1900007073","148.1900007073"
"825","148.1900007073","148.1900007073","148.1900007073"
"826","148.2000028379","148.2000028379","148.2000028379"
"827","148.2000028379","148.2000028379","148.2000028379"
"828","148.2000028379","148.2000028379","148.2000028379"
"829","148.2000028379","148.2000028379","148.2000028379"
"830","148.2000028379","148.2000028379","148.2000028379"
"831","148.2000028379","148.2000028379","148.2000028379"
"832","148.2000028379","148.2000028379","148.2000028379"
"833","148.2000028379","148.2000028379","148.2000028379"
"834","148.2000028379","148.2000028379","148.2000028379"
"835","148.2000028379","148.2000028379","148.2000028379"
"836","148.2000028379","148.2000028379","148.2000028379"
"837","148.2100006212","148.2100006212","148.2100006212"
"838","148.2100006212","148.2100006212","148.2100006212"
"839","148.2100006212","148.2100006212","148.2100006212"
"840","148.2100006212","148.2100006212","148.2100006212"
"841","148.2100006212","148.2100006212","148.2100006212"
"842","23.5899999551","23.5899999551","23.5899999551"
"843","23.5899999551","23.5899999551","23.5899999551"
"844","23.5899999551","23.5899999551","23.5899999551"
"845","23.5899999551","23.5899999551","23.5899999551"
"846","23.5899999551","23.5899999551","23.5899999551"
"847","23.5899999551","23.5899999551","23.5899999551"
"848","23.5899999551","23.5899999551","23.5899999551"
"849","23.5899999551","23.5899999551","23.5899999551"
"850","23.5899999551","23.5899999551","23.5899999551"
"851","23.5899999551","23.5899999551","23.5899999551"
"852","23.5899999551","23.5899999551","23.5899999551"
"853","148.2100029103","148.2100029103","148.2100029103"
"854","148.2100029103","148.2100029103","148.2100029103"
"855","10.7299999706","10.7299999706","10.7299999706"
"856","10.7299999706","10.7299999706","10.7299999706"
"857","10.7299999706","10.7299999706","10.7299999706"
"858","10.7299999706","10.7299999706","10.7299999706"
"859","10.7299999706","10.7299999706","10.7299999706"
"860","10.7299999706","10.7299999706","10.7299999706"
"861","10.7299999706","10.7299999706","10.7299999706"
"862","10.7299999706","10.7299999706","10.7299999706"
"863","10.7299999706","10.7299999706","10.7299999706"
"864","10.7299999706","10.7299999706","10.7299999706"
"865","10.7299999706","10.7299999706","10.7299999706"
"866","10.7299999706","10.7299999706","10.7299999706"
"867","148.2099972516","148.2099972516","148.2099972516"
"868","148.2099972516","148.2099972516","148.2099972516"
"869","148.2099972516","148.2099972516","148.2099972516"
"870","148.2099972516","148.2099972516","148.2099972516"
"871","148.2099972516","148.2099972516","148.2099972516"
"872","30.3499999698","30.3499999698","30.3499999698"
"873","30.3499999698","30.3499999698","30.3499999698"
"874","30.3499999698","30.3499999698","30.3499999698"
"875","30.3499999698","30.3499999698","30.3499999698"
"876","30.3499999698","30.3499999698","30.3499999698"
"877","30.3499999698","30.3499999698","30.3499999698"
"878","30.3499999698","30.3499999698","30.3499999698"
"879","30.3499999698","30.3499999698","30.3499999698"
"880","30.3499999698","30.3499999698","30.3499999698"
"881","30.3499999698","30.3499999698","30.3499999698"
"882","30.3499999698","30.3499999698","30.3499999698"
"883","30.3499999698","30.3499999698","30.3499999698"
"884","30.3499999698","30.3499999698","30.3499999698"
"885","148.189997334","148.189997334","148.189997334"
"886","148.189997334","148.189997334","148.189997334"
"887","148.189997334","148.189997334","148.189997334"
"888","148.189997334","148.189997334","148.189997334"
"889","148.189997334","148.189997334","148.189997334"
"890","148.189997334","148.189997334","148.189997334"
"891","148.189997334","148.189997334","148.189997334"
"892","148.189997334","148.189997334","148.189997334"
"893","148.189997334","148.189997334","148.189997334"
"894","148.189997334","148.189997334","148.189997334"
"895","148.189997334","148.189997334","148.189997334"
"896","148.1900006738","148.1900006738","148.1900006738"
"897","148.1900006738","148.1900006738","148.1900006738"
"898","148.1900006738","148.1900006738","148.1900006738"
"899","148.1900006738","148.1900006738","148.1900006738"
"900","148.1900006738","148.1900006738","148.1900006738"
"901","148.1900006738","148.1900006738","148.1900006738"
"902","148.1900006738","148.1900006738","148.1900006738"
"903","148.1900006738","148.1900006738","148.1900006738"
"904","148.1900006738","148.1900006738","148.1900006738"
"905","148.1900006738","148.1900006738","148.1900006738"
"906","148.1900006738","148.1900006738","148.1900006738"
"907","148.1900006738","148.1900006738","148.1900006738"
"908","148.1900006738","148.1900006738","148.1900006738"
"909","148.2200006954","148.2200006954","148.2200006954"
"910","148.2200006954","148.2200006954","148.2200006954"
"911","148.2200006954","148.2200006954","148.2200006954"
"912","148.2200006954","148.2200006954","148.2200006954"
"913","148.2200006954","148.2200006954","148.2200006954"
"914","148.2200006954","148.2200006954","148.2200006954"
"915","148.2200006954","148.2200006954","148.2200006954"
"916","148.2200006954","148.2200006954","148.2200006954"
"917","148.2200006954","148.2200006954","148.2200006954"
"918","148.2200006954","148.2200006954","148.2200006954"
"919","148.2200006954","148.2200006954","148.2200006954"
"920","148.2200006954","148.2200006954","148.2200006954"
"921","148.2100006677","148.2100006677","148.2100006677"
"922","148.2100006677","148.2100006677","148.2100006677"
"923","148.2100006677","148.2100006677","148.2100006677"
"924","148.2100006677","148.2100006677","148.2100006677"
"925","148.2100006677","148.2100006677","148.2100006677"
"926","148.2100006677","148.2100006677","148.2100006677"
"927","148.2100006677","148.2100006677","148.2100006677"
"928","148.2100006677","148.2100006677","148.2100006677"
"929","148.2100006677","148.2100006677","148.2100006677"
"930","148.2100006677","148.2100006677","148.2100006677"
"931","148.2100006677","148.2100006677","148.2100006677"
"932","148.2100006677","148.2100006677","148.2100006677"
"933","148.2100007143","148.2100007143","148.2100007143"
"934","148.2100007143","148.2100007143","148.2100007143"
"935","148.2100007143","148.2100007143","148.2100007143"
"936","7.5000000056","7.5000000056","7.5000000056"
"937","7.5000000056","7.5000000056","7.5000000056"
"938","7.5000000056","7.5000000056","7.5000000056"
"939","7.5000000056","7.5000000056","7.5000000056"
"940","7.5000000056","7.5000000056","7.5000000056"
"941","7.5000000056","7.5000000056","7.5000000056"
"942","7.5000000056","7.5000000056","7.5000000056"
"943","7.5000000056","7.5000000056","7.5000000056"
"944","7.5000000056","7.5000000056","7.5000000056"
"945","7.5000000056","7.5000000056","7.5000000056"
"946","7.5000000056","7.5000000056","7.5000000056"
"947","7.5000000056","7.5000000056","7.5000000056"
"948","148.209998576","148.209998576","148.209998576"
"949","148.209998576","148.209998576","148.209998576"
"950","148.209998576","148.209998576","148.209998576"
"951","148.209998576","148.209998576","148.209998576"
"952","148.209998576","148.209998576","148.209998576"
"953","148.209998576","148.209998576","148.209998576"
"954","148.209998576","148.209998576","148.209998576"
"955","148.209998576","148.209998576","148.209998576"
"956","148.209998576","148.209998576","148.209998576"
"957","148.209998576","148.209998576","148.209998576"
"958","148.209998576","148.209998576","148.209998576"
"959","148.209998576","148.209998576","148.209998576"
"960","148.1899985615","148.1899985615","148.1899985615"
"961","148.1899985615","148.1899985615","148.1899985615"
"962","6.1999999657","6.1999999657","6.1999999657"
"963","6.1999999657","6.1999999657","6.1999999657"
"964","6.1999999657","6.1999999657","6.1999999657"
"965","6.1999999657","6.1999999657","6.1999999657"
"966","6.1999999657","6.1999999657","6.1999999657"
"967","6.1999999657","6.1999999657","6.1999999657"
"968","6.1999999657","6.1999999657","6.1999999657"
"969","148.2899998892","148.2899998892","148.2899998892"
"970","148.2899998892","148.2899998892","148.2899998892"
"971","148.2899998892","148.2899998892","148.2899998892"
"972","12.6999999303","12.6999999303","12.6999999303"
"973","12.6999999303","12.6999999303","12.6999999303"
"974","9.8400000278","9.8400000278","9.8400000278"
"975","9.8400000278","9.8400000278","9.8400000278"
"976","9.8400000278","9.8400000278","9.8400000278"
"977","9.8400000278","9.8400000278","9.8400000278"
"978","9.8400000278","9.8400000278","9.8400000278"
"979","9.8400000278","9.8400000278","9.8400000278"
"980","9.8400000278","9.8400000278","9.8400000278"
"981","9.8400000278","9.8400000278","9.8400000278"
"982","9.8400000278","9.8400000278","9.8400000278"
"983","9.8400000278","9.8400000278","9.8400000278"
"984","9.8400000278","9.8400000278","9.8400000278"
"985","148.2899962068","148.2899962068","148.2899962068"
"986","148.2899962068","148.2899962068","148.2899962068"
"987","7.689999992","7.689999992","7.689999992"
"988","7.689999992","7.689999992","7.689999992"
"989","7.689999992","7.689999992","7.689999992"
"990","7.689999992","7.689999992","7.689999992"
"991","20.4900000263","20.4900000263","20.4900000263"
"992","20.4900000263","20.4900000263","20.4900000263"
"993","20.4900000263","20.4900000263","20.4900000263"
"994","30.3500000499","30.3500000499","30.3500000499"
"995","30.3500000499","30.3500000499","30.3500000499"
"996","30.3500000499","30.3500000499","30.3500000499"
"997","30.3500000499","30.3500000499","30.3500000499"
"998","30.3500000499","30.3500000499","30.3500000499"
"999","30.3500000499","30.3500000499","30.3500000499"