"Step","SAC_Double_critic_lidar - loss_critic","SAC_Double_critic_lidar - loss_critic__MIN","SAC_Double_critic_lidar - loss_critic__MAX"
"0","5.3084557873","5.3084557873","5.3084557873"
"1","1.671487048","1.671487048","1.671487048"
"2","1.473031626","1.473031626","1.473031626"
"3","1.2493016043","1.2493016043","1.2493016043"
"4","1.2298658532","1.2298658532","1.2298658532"
"5","1.0573034674","1.0573034674","1.0573034674"
"6","0.9253707163","0.9253707163","0.9253707163"
"7","0.8313400194","0.8313400194","0.8313400194"
"8","0.7386650062","0.7386650062","0.7386650062"
"9","0.834137492","0.834137492","0.834137492"
"10","0.6525908053","0.6525908053","0.6525908053"
"11","1.0599531342","1.0599531342","1.0599531342"
"12","0.8024154459","0.8024154459","0.8024154459"
"13","0.8461802997","0.8461802997","0.8461802997"
"14","0.7411603293","0.7411603293","0.7411603293"
"15","0.6913764027","0.6913764027","0.6913764027"
"16","0.6555692613","0.6555692613","0.6555692613"
"17","0.6239457633","0.6239457633","0.6239457633"
"18","0.6205838412","0.6205838412","0.6205838412"
"19","0.5568610805","0.5568610805","0.5568610805"
"20","0.6708778454","0.6708778454","0.6708778454"
"21","0.774897157","0.774897157","0.774897157"
"22","0.7012191647","0.7012191647","0.7012191647"
"23","0.7301738751","0.7301738751","0.7301738751"
"24","0.766538921","0.766538921","0.766538921"
"25","0.6501841819","0.6501841819","0.6501841819"
"26","0.6639463142","0.6639463142","0.6639463142"
"27","0.634231227","0.634231227","0.634231227"
"28","0.6717849335","0.6717849335","0.6717849335"
"29","0.6193413357","0.6193413357","0.6193413357"
"30","0.7038330989","0.7038330989","0.7038330989"
"31","0.6912716502","0.6912716502","0.6912716502"
"32","0.6301276018","0.6301276018","0.6301276018"
"33","0.6245832063","0.6245832063","0.6245832063"
"34","0.6355502503","0.6355502503","0.6355502503"
"35","0.6328835596","0.6328835596","0.6328835596"
"36","0.6694592485","0.6694592485","0.6694592485"
"37","0.6528636762","0.6528636762","0.6528636762"
"38","0.6897488709","0.6897488709","0.6897488709"
"39","0.6537746434","0.6537746434","0.6537746434"
"40","0.6367609446","0.6367609446","0.6367609446"
"41","0.592310404","0.592310404","0.592310404"
"42","0.578144324","0.578144324","0.578144324"
"43","0.8825764151","0.8825764151","0.8825764151"
"44","0.6355302241","0.6355302241","0.6355302241"
"45","0.6724445297","0.6724445297","0.6724445297"
"46","0.8454015929","0.8454015929","0.8454015929"
"47","0.6503732851","0.6503732851","0.6503732851"
"48","0.7570526312","0.7570526312","0.7570526312"
"49","0.8224057706","0.8224057706","0.8224057706"
"50","0.970165616","0.970165616","0.970165616"
"51","0.8830691801","0.8830691801","0.8830691801"
"52","0.8445127273","0.8445127273","0.8445127273"
"53","0.8529512262","0.8529512262","0.8529512262"
"54","0.9969157164","0.9969157164","0.9969157164"
"55","0.9422375722","0.9422375722","0.9422375722"
"56","0.8890488443","0.8890488443","0.8890488443"
"57","0.8236236626","0.8236236626","0.8236236626"
"58","0.7923304047","0.7923304047","0.7923304047"
"59","0.8067200801","0.8067200801","0.8067200801"
"60","0.6910789706","0.6910789706","0.6910789706"
"61","0.7070939058","0.7070939058","0.7070939058"
"62","0.6859221604","0.6859221604","0.6859221604"
"63","0.7059340636","0.7059340636","0.7059340636"
"64","0.7358317749","0.7358317749","0.7358317749"
"65","0.690787624","0.690787624","0.690787624"
"66","0.7749980533","0.7749980533","0.7749980533"
"67","0.6490105776","0.6490105776","0.6490105776"
"68","0.6599856739","0.6599856739","0.6599856739"
"69","0.7205530886","0.7205530886","0.7205530886"
"70","0.7166493426","0.7166493426","0.7166493426"
"71","0.6244604948","0.6244604948","0.6244604948"
"72","0.65472259","0.65472259","0.65472259"
"73","0.6635719043","0.6635719043","0.6635719043"
"74","0.6194205949","0.6194205949","0.6194205949"
"75","0.6224682872","0.6224682872","0.6224682872"
"76","0.6345994791","0.6345994791","0.6345994791"
"77","0.5987614714","0.5987614714","0.5987614714"
"78","0.6006779355","0.6006779355","0.6006779355"
"79","0.6307315296","0.6307315296","0.6307315296"
"80","0.5850238279","0.5850238279","0.5850238279"
"81","0.6160313517","0.6160313517","0.6160313517"
"82","0.6199449824","0.6199449824","0.6199449824"
"83","0.5832026939","0.5832026939","0.5832026939"
"84","0.564541131","0.564541131","0.564541131"
"85","0.5747724883","0.5747724883","0.5747724883"
"86","0.570957056","0.570957056","0.570957056"
"87","0.5522019692","0.5522019692","0.5522019692"
"88","0.5511842164","0.5511842164","0.5511842164"
"89","0.622648337","0.622648337","0.622648337"
"90","0.5986574654","0.5986574654","0.5986574654"
"91","0.5861904092","0.5861904092","0.5861904092"
"92","0.56796715","0.56796715","0.56796715"
"93","0.5547378851","0.5547378851","0.5547378851"
"94","0.5302405153","0.5302405153","0.5302405153"
"95","0.5272950235","0.5272950235","0.5272950235"
"96","0.4965524331","0.4965524331","0.4965524331"
"97","0.5136072586","0.5136072586","0.5136072586"
"98","0.5070040528","0.5070040528","0.5070040528"
"99","0.5013268201","0.5013268201","0.5013268201"
"100","0.4686035222","0.4686035222","0.4686035222"
"101","0.4904244975","0.4904244975","0.4904244975"
"102","0.4713501824","0.4713501824","0.4713501824"
"103","0.4640495892","0.4640495892","0.4640495892"
"104","0.4541497837","0.4541497837","0.4541497837"
"105","0.4296140393","0.4296140393","0.4296140393"
"106","0.4316922566","0.4316922566","0.4316922566"
"107","0.429318144","0.429318144","0.429318144"
"108","0.4327019431","0.4327019431","0.4327019431"
"109","0.4286115822","0.4286115822","0.4286115822"
"110","0.4142092661","0.4142092661","0.4142092661"
"111","0.4008524329","0.4008524329","0.4008524329"
"112","0.3874480642","0.3874480642","0.3874480642"
"113","0.403611432","0.403611432","0.403611432"
"114","0.3715934173","0.3715934173","0.3715934173"
"115","0.3828739884","0.3828739884","0.3828739884"
"116","0.3733582836","0.3733582836","0.3733582836"
"117","0.371955976","0.371955976","0.371955976"
"118","0.3572875563","0.3572875563","0.3572875563"
"119","0.3592818473","0.3592818473","0.3592818473"
"120","0.3439015066","0.3439015066","0.3439015066"
"121","0.3324173932","0.3324173932","0.3324173932"
"122","0.3355203476","0.3355203476","0.3355203476"
"123","0.3206296163","0.3206296163","0.3206296163"
"124","0.3140500489","0.3140500489","0.3140500489"
"125","0.2979708269","0.2979708269","0.2979708269"
"126","0.2977891755","0.2977891755","0.2977891755"
"127","0.2985502936","0.2985502936","0.2985502936"
"128","0.2913742624","0.2913742624","0.2913742624"
"129","0.2949077734","0.2949077734","0.2949077734"
"130","0.2781095389","0.2781095389","0.2781095389"
"131","0.2707999273","0.2707999273","0.2707999273"
"132","0.2705458745","0.2705458745","0.2705458745"
"133","0.2726980319","0.2726980319","0.2726980319"
"134","0.2762785186","0.2762785186","0.2762785186"
"135","0.2641049849","0.2641049849","0.2641049849"
"136","0.2552107883","0.2552107883","0.2552107883"
"137","0.246678396","0.246678396","0.246678396"
"138","0.2383743615","0.2383743615","0.2383743615"
"139","0.2366581202","0.2366581202","0.2366581202"
"140","0.242741782","0.242741782","0.242741782"
"141","0.2328028963","0.2328028963","0.2328028963"
"142","0.216687347","0.216687347","0.216687347"
"143","0.226592172","0.226592172","0.226592172"
"144","0.2259149084","0.2259149084","0.2259149084"
"145","0.2192855559","0.2192855559","0.2192855559"
"146","0.2083181869","0.2083181869","0.2083181869"
"147","0.2057569949","0.2057569949","0.2057569949"
"148","0.2152530684","0.2152530684","0.2152530684"
"149","0.2020584434","0.2020584434","0.2020584434"
"150","0.1995744552","0.1995744552","0.1995744552"
"151","0.190363475","0.190363475","0.190363475"
"152","0.1969669015","0.1969669015","0.1969669015"
"153","0.193672929","0.193672929","0.193672929"
"154","0.180964402","0.180964402","0.180964402"
"155","0.1826093003","0.1826093003","0.1826093003"
"156","0.1828771875","0.1828771875","0.1828771875"
"157","0.1709087244","0.1709087244","0.1709087244"
"158","0.1646575642","0.1646575642","0.1646575642"
"159","0.1681767095","0.1681767095","0.1681767095"
"160","0.1748185519","0.1748185519","0.1748185519"
"161","0.1666245366","0.1666245366","0.1666245366"
"162","0.16447276","0.16447276","0.16447276"
"163","0.1584847136","0.1584847136","0.1584847136"
"164","0.1594986561","0.1594986561","0.1594986561"
"165","0.1477592859","0.1477592859","0.1477592859"
"166","0.1520763763","0.1520763763","0.1520763763"
"167","0.1506943638","0.1506943638","0.1506943638"
"168","0.1474652292","0.1474652292","0.1474652292"
"169","0.1486233158","0.1486233158","0.1486233158"
"170","0.1487493005","0.1487493005","0.1487493005"
"171","0.1453397314","0.1453397314","0.1453397314"
"172","0.1371812009","0.1371812009","0.1371812009"
"173","0.1338514216","0.1338514216","0.1338514216"
"174","0.1312705472","0.1312705472","0.1312705472"
"175","0.1340015393","0.1340015393","0.1340015393"
"176","0.1330799428","0.1330799428","0.1330799428"
"177","0.1277393293","0.1277393293","0.1277393293"
"178","0.1279064367","0.1279064367","0.1279064367"
"179","0.122467043","0.122467043","0.122467043"
"180","0.1246541617","0.1246541617","0.1246541617"
"181","0.1185373192","0.1185373192","0.1185373192"
"182","0.12662188","0.12662188","0.12662188"
"183","0.1125734192","0.1125734192","0.1125734192"
"184","0.1160476791","0.1160476791","0.1160476791"
"185","0.1121270533","0.1121270533","0.1121270533"
"186","0.1083848322","0.1083848322","0.1083848322"
"187","0.1083803895","0.1083803895","0.1083803895"
"188","0.1024072825","0.1024072825","0.1024072825"
"189","0.1021326587","0.1021326587","0.1021326587"
"190","0.1124471194","0.1124471194","0.1124471194"
"191","0.1036266682","0.1036266682","0.1036266682"
"192","0.0990482146","0.0990482146","0.0990482146"
"193","0.0963830805","0.0963830805","0.0963830805"
"194","0.0974331508","0.0974331508","0.0974331508"
"195","0.0977269123","0.0977269123","0.0977269123"
"196","0.09969126","0.09969126","0.09969126"
"197","0.0903343683","0.0903343683","0.0903343683"
"198","0.091418704","0.091418704","0.091418704"
"199","0.0886878041","0.0886878041","0.0886878041"
"200","0.0854814879","0.0854814879","0.0854814879"
"201","0.0853528706","0.0853528706","0.0853528706"
"202","0.0905724824","0.0905724824","0.0905724824"
"203","0.0826101392","0.0826101392","0.0826101392"
"204","0.0833774214","0.0833774214","0.0833774214"
"205","0.0844971909","0.0844971909","0.0844971909"
"206","0.0843234382","0.0843234382","0.0843234382"
"207","0.0792696449","0.0792696449","0.0792696449"
"208","0.0806992728","0.0806992728","0.0806992728"
"209","0.0749659575","0.0749659575","0.0749659575"
"210","0.0794281957","0.0794281957","0.0794281957"
"211","0.0786210949","0.0786210949","0.0786210949"
"212","0.0746886161","0.0746886161","0.0746886161"
"213","0.0765030301","0.0765030301","0.0765030301"
"214","0.0726314489","0.0726314489","0.0726314489"
"215","0.071436709","0.071436709","0.071436709"
"216","0.0720496161","0.0720496161","0.0720496161"
"217","0.0730569547","0.0730569547","0.0730569547"
"218","0.0700285156","0.0700285156","0.0700285156"
"219","0.0707226171","0.0707226171","0.0707226171"
"220","0.0643167733","0.0643167733","0.0643167733"
"221","0.0665816375","0.0665816375","0.0665816375"
"222","0.0652293147","0.0652293147","0.0652293147"
"223","0.0693416566","0.0693416566","0.0693416566"
"224","0.0642332176","0.0642332176","0.0642332176"
"225","0.0619159215","0.0619159215","0.0619159215"
"226","0.0625083722","0.0625083722","0.0625083722"
"227","0.0593474259","0.0593474259","0.0593474259"
"228","0.0564309917","0.0564309917","0.0564309917"
"229","0.0575632544","0.0575632544","0.0575632544"
"230","0.0579287455","0.0579287455","0.0579287455"
"231","0.0576980329","0.0576980329","0.0576980329"
"232","0.0578718916","0.0578718916","0.0578718916"
"233","0.0525287665","0.0525287665","0.0525287665"
"234","0.052980752","0.052980752","0.052980752"
"235","0.0536282181","0.0536282181","0.0536282181"
"236","0.0530298711","0.0530298711","0.0530298711"
"237","0.0560782497","0.0560782497","0.0560782497"
"238","0.0501350893","0.0501350893","0.0501350893"
"239","0.0504308428","0.0504308428","0.0504308428"
"240","0.0510459688","0.0510459688","0.0510459688"
"241","0.0524329394","0.0524329394","0.0524329394"
"242","0.0484904004","0.0484904004","0.0484904004"
"243","0.0490540043","0.0490540043","0.0490540043"
"244","0.0472094558","0.0472094558","0.0472094558"
"245","0.0480813968","0.0480813968","0.0480813968"
"246","0.045676015","0.045676015","0.045676015"
"247","0.0439491298","0.0439491298","0.0439491298"
"248","0.0483400139","0.0483400139","0.0483400139"
"249","0.0427306557","0.0427306557","0.0427306557"
"250","0.0472787642","0.0472787642","0.0472787642"
"251","0.0443034033","0.0443034033","0.0443034033"
"252","0.0478214639","0.0478214639","0.0478214639"
"253","0.0432831893","0.0432831893","0.0432831893"
"254","0.0413463636","0.0413463636","0.0413463636"
"255","0.0418098361","0.0418098361","0.0418098361"
"256","0.0400081979","0.0400081979","0.0400081979"
"257","0.0412944452","0.0412944452","0.0412944452"
"258","0.0400028891","0.0400028891","0.0400028891"
"259","0.0422434864","0.0422434864","0.0422434864"
"260","0.0382407729","0.0382407729","0.0382407729"
"261","0.0384551221","0.0384551221","0.0384551221"
"262","0.0370827134","0.0370827134","0.0370827134"
"263","0.0382810766","0.0382810766","0.0382810766"
"264","0.0391591492","0.0391591492","0.0391591492"
"265","0.0396563165","0.0396563165","0.0396563165"
"266","0.03784299","0.03784299","0.03784299"
"267","0.0353497399","0.0353497399","0.0353497399"
"268","0.0349202532","0.0349202532","0.0349202532"
"269","0.0365786373","0.0365786373","0.0365786373"
"270","0.0369940664","0.0369940664","0.0369940664"
"271","0.0323653004","0.0323653004","0.0323653004"
"272","0.0338064194","0.0338064194","0.0338064194"
"273","0.0334641394","0.0334641394","0.0334641394"
"274","0.0329807216","0.0329807216","0.0329807216"
"275","0.0335389639","0.0335389639","0.0335389639"
"276","0.0341955712","0.0341955712","0.0341955712"
"277","0.0323009311","0.0323009311","0.0323009311"
"278","0.0319427546","0.0319427546","0.0319427546"
"279","0.0329893847","0.0329893847","0.0329893847"
"280","0.0310915395","0.0310915395","0.0310915395"
"281","0.0298684682","0.0298684682","0.0298684682"
"282","0.0329255642","0.0329255642","0.0329255642"
"283","0.031643407","0.031643407","0.031643407"
"284","0.0333219371","0.0333219371","0.0333219371"
"285","0.0292484621","0.0292484621","0.0292484621"
"286","0.0291187979","0.0291187979","0.0291187979"
"287","0.0307555091","0.0307555091","0.0307555091"
"288","0.0321527211","0.0321527211","0.0321527211"
"289","0.0308164071","0.0308164071","0.0308164071"
"290","0.0313192612","0.0313192612","0.0313192612"
"291","0.0308105147","0.0308105147","0.0308105147"
"292","0.0272701095","0.0272701095","0.0272701095"
"293","0.0290849245","0.0290849245","0.0290849245"
"294","0.0279601732","0.0279601732","0.0279601732"
"295","0.0292766543","0.0292766543","0.0292766543"
"296","0.0282127273","0.0282127273","0.0282127273"
"297","0.0267621333","0.0267621333","0.0267621333"
"298","0.0273362013","0.0273362013","0.0273362013"
"299","0.0271934613","0.0271934613","0.0271934613"
"300","0.0284459497","0.0284459497","0.0284459497"
"301","0.0268354582","0.0268354582","0.0268354582"
"302","0.026235976","0.026235976","0.026235976"
"303","0.0288375389","0.0288375389","0.0288375389"
"304","0.0281852468","0.0281852468","0.0281852468"
"305","0.0261928457","0.0261928457","0.0261928457"
"306","0.0258085235","0.0258085235","0.0258085235"
"307","0.0257422836","0.0257422836","0.0257422836"
"308","0.0239201472","0.0239201472","0.0239201472"
"309","0.0255085282","0.0255085282","0.0255085282"
"310","0.0289724487","0.0289724487","0.0289724487"
"311","0.0244236747","0.0244236747","0.0244236747"
"312","0.0245248124","0.0245248124","0.0245248124"
"313","0.0261692868","0.0261692868","0.0261692868"
"314","0.0253308967","0.0253308967","0.0253308967"
"315","0.0243037487","0.0243037487","0.0243037487"
"316","0.0256442573","0.0256442573","0.0256442573"
"317","0.0250461107","0.0250461107","0.0250461107"
"318","0.0239345045","0.0239345045","0.0239345045"
"319","0.0227320958","0.0227320958","0.0227320958"
"320","0.021424054","0.021424054","0.021424054"
"321","0.0224564616","0.0224564616","0.0224564616"
"322","0.0234080957","0.0234080957","0.0234080957"
"323","0.0219635751","0.0219635751","0.0219635751"
"324","0.0223915673","0.0223915673","0.0223915673"
"325","0.0231136556","0.0231136556","0.0231136556"
"326","0.0203348397","0.0203348397","0.0203348397"
"327","0.0219455561","0.0219455561","0.0219455561"
"328","0.022482998","0.022482998","0.022482998"
"329","0.0214535912","0.0214535912","0.0214535912"
"330","0.0206093531","0.0206093531","0.0206093531"
"331","0.0207194764","0.0207194764","0.0207194764"
"332","0.0203224327","0.0203224327","0.0203224327"
"333","0.0189947467","0.0189947467","0.0189947467"
"334","0.0180074036","0.0180074036","0.0180074036"
"335","0.0205915066","0.0205915066","0.0205915066"
"336","0.0214473219","0.0214473219","0.0214473219"
"337","0.0203237933","0.0203237933","0.0203237933"
"338","0.0210664176","0.0210664176","0.0210664176"
"339","0.0186522297","0.0186522297","0.0186522297"
"340","0.0199234455","0.0199234455","0.0199234455"
"341","0.0197864293","0.0197864293","0.0197864293"
"342","0.0182055709","0.0182055709","0.0182055709"
"343","0.0182546182","0.0182546182","0.0182546182"
"344","0.018010518","0.018010518","0.018010518"
"345","0.019837129","0.019837129","0.019837129"
"346","0.0200228329","0.0200228329","0.0200228329"
"347","0.0182060771","0.0182060771","0.0182060771"
"348","0.0207820424","0.0207820424","0.0207820424"
"349","0.0200237265","0.0200237265","0.0200237265"
"350","0.0179609444","0.0179609444","0.0179609444"
"351","0.018621067","0.018621067","0.018621067"
"352","0.0178788331","0.0178788331","0.0178788331"
"353","0.0185769294","0.0185769294","0.0185769294"
"354","0.0282152828","0.0282152828","0.0282152828"
"355","0.0215297801","0.0215297801","0.0215297801"
"356","0.0210066019","0.0210066019","0.0210066019"
"357","0.0289912748","0.0289912748","0.0289912748"
"358","0.0223916096","0.0223916096","0.0223916096"
"359","0.0225532254","0.0225532254","0.0225532254"
"360","0.0209207999","0.0209207999","0.0209207999"
"361","0.0238247656","0.0238247656","0.0238247656"
"362","0.0284678246","0.0284678246","0.0284678246"
"363","0.0215969479","0.0215969479","0.0215969479"
"364","0.0212106591","0.0212106591","0.0212106591"
"365","0.0215209246","0.0215209246","0.0215209246"
"366","0.0205449516","0.0205449516","0.0205449516"
"367","0.0202280737","0.0202280737","0.0202280737"
"368","0.0201509499","0.0201509499","0.0201509499"
"369","0.0210898415","0.0210898415","0.0210898415"
"370","0.0241898581","0.0241898581","0.0241898581"
"371","0.0273609505","0.0273609505","0.0273609505"
"372","0.0231089362","0.0231089362","0.0231089362"
"373","0.0215555498","0.0215555498","0.0215555498"
"374","0.0259635998","0.0259635998","0.0259635998"
"375","0.0272841233","0.0272841233","0.0272841233"
"376","0.0226231158","0.0226231158","0.0226231158"
"377","0.0239128117","0.0239128117","0.0239128117"
"378","0.0235453417","0.0235453417","0.0235453417"
"379","0.0243677326","0.0243677326","0.0243677326"
"380","0.024608371","0.024608371","0.024608371"
"381","0.0232485934","0.0232485934","0.0232485934"
"382","0.0259412777","0.0259412777","0.0259412777"
"383","0.0235366879","0.0235366879","0.0235366879"
"384","0.0270600444","0.0270600444","0.0270600444"
"385","0.0247389693","0.0247389693","0.0247389693"
"386","0.0286480737","0.0286480737","0.0286480737"
"387","0.027917347","0.027917347","0.027917347"
"388","0.0282914262","0.0282914262","0.0282914262"
"389","0.023423677","0.023423677","0.023423677"
"390","0.0223504996","0.0223504996","0.0223504996"
"391","0.0236161237","0.0236161237","0.0236161237"
"392","0.0230043479","0.0230043479","0.0230043479"
"393","0.0226218538","0.0226218538","0.0226218538"
"394","0.0240348934","0.0240348934","0.0240348934"
"395","0.021541164","0.021541164","0.021541164"
"396","0.0221728048","0.0221728048","0.0221728048"
"397","0.0231595628","0.0231595628","0.0231595628"
"398","0.0247116411","0.0247116411","0.0247116411"
"399","0.0231081573","0.0231081573","0.0231081573"
"400","0.0272899353","0.0272899353","0.0272899353"
"401","0.0237091004","0.0237091004","0.0237091004"
"402","0.0262209622","0.0262209622","0.0262209622"
"403","0.0271589178","0.0271589178","0.0271589178"
"404","0.0257741504","0.0257741504","0.0257741504"
"405","0.0259749293","0.0259749293","0.0259749293"
"406","0.0262580008","0.0262580008","0.0262580008"
"407","0.0242102824","0.0242102824","0.0242102824"
"408","0.0280047279","0.0280047279","0.0280047279"
"409","0.0267092788","0.0267092788","0.0267092788"
"410","0.0280098515","0.0280098515","0.0280098515"
"411","0.0263945191","0.0263945191","0.0263945191"
"412","0.0260416339","0.0260416339","0.0260416339"
"413","0.0275898086","0.0275898086","0.0275898086"
"414","0.0285801834","0.0285801834","0.0285801834"
"415","0.0256746929","0.0256746929","0.0256746929"
"416","0.0258047364","0.0258047364","0.0258047364"
"417","0.027691091","0.027691091","0.027691091"
"418","0.0256565981","0.0256565981","0.0256565981"
"419","0.0237467056","0.0237467056","0.0237467056"
"420","0.0219164453","0.0219164453","0.0219164453"
"421","0.0239621485","0.0239621485","0.0239621485"
"422","0.0272893513","0.0272893513","0.0272893513"
"423","0.0230741532","0.0230741532","0.0230741532"
"424","0.0239320329","0.0239320329","0.0239320329"
"425","0.0237507913","0.0237507913","0.0237507913"
"426","0.0222191702","0.0222191702","0.0222191702"
"427","0.0210565176","0.0210565176","0.0210565176"
"428","0.0218086295","0.0218086295","0.0218086295"
"429","0.0205207124","0.0205207124","0.0205207124"
"430","0.0221840666","0.0221840666","0.0221840666"
"431","0.0233348362","0.0233348362","0.0233348362"
"432","0.021674066","0.021674066","0.021674066"
"433","0.0238428817","0.0238428817","0.0238428817"
"434","0.0213193126","0.0213193126","0.0213193126"
"435","0.0229918056","0.0229918056","0.0229918056"
"436","0.0232768397","0.0232768397","0.0232768397"
"437","0.0222108175","0.0222108175","0.0222108175"
"438","0.0254358586","0.0254358586","0.0254358586"
"439","0.0234130513","0.0234130513","0.0234130513"
"440","0.0265628002","0.0265628002","0.0265628002"
"441","0.0262691897","0.0262691897","0.0262691897"
"442","0.0236770508","0.0236770508","0.0236770508"
"443","0.021912442","0.021912442","0.021912442"
"444","0.0233532137","0.0233532137","0.0233532137"
"445","0.022329573","0.022329573","0.022329573"
"446","0.0210638941","0.0210638941","0.0210638941"
"447","0.0211975085","0.0211975085","0.0211975085"
"448","0.020145329","0.020145329","0.020145329"
"449","0.0228173657","0.0228173657","0.0228173657"
"450","0.0213323307","0.0213323307","0.0213323307"
"451","0.0212179304","0.0212179304","0.0212179304"
"452","0.022293876","0.022293876","0.022293876"
"453","0.0216902848","0.0216902848","0.0216902848"
"454","0.0213503261","0.0213503261","0.0213503261"
"455","0.0215484144","0.0215484144","0.0215484144"
"456","0.0210851467","0.0210851467","0.0210851467"
"457","0.0205031958","0.0205031958","0.0205031958"
"458","0.023252996","0.023252996","0.023252996"
"459","0.0232593823","0.0232593823","0.0232593823"
"460","0.0210902031","0.0210902031","0.0210902031"
"461","0.0222733311","0.0222733311","0.0222733311"
"462","0.0198959124","0.0198959124","0.0198959124"
"463","0.0193311886","0.0193311886","0.0193311886"
"464","0.0205215249","0.0205215249","0.0205215249"
"465","0.0203307693","0.0203307693","0.0203307693"
"466","0.0201609445","0.0201609445","0.0201609445"
"467","0.0196994167","0.0196994167","0.0196994167"
"468","0.0214998928","0.0214998928","0.0214998928"
"469","0.020431425","0.020431425","0.020431425"
"470","0.0193099631","0.0193099631","0.0193099631"
"471","0.0198708196","0.0198708196","0.0198708196"
"472","0.0178713917","0.0178713917","0.0178713917"
"473","0.0207326984","0.0207326984","0.0207326984"
"474","0.0188029241","0.0188029241","0.0188029241"
"475","0.0206803357","0.0206803357","0.0206803357"
"476","0.0197175768","0.0197175768","0.0197175768"
"477","0.0201215166","0.0201215166","0.0201215166"
"478","0.0191447213","0.0191447213","0.0191447213"
"479","0.0191948775","0.0191948775","0.0191948775"
"480","0.0238032496","0.0238032496","0.0238032496"
"481","0.0200808752","0.0200808752","0.0200808752"
"482","0.0194965507","0.0194965507","0.0194965507"
"483","0.0216414384","0.0216414384","0.0216414384"
"484","0.0206361904","0.0206361904","0.0206361904"
"485","0.0213238861","0.0213238861","0.0213238861"
"486","0.0197305234","0.0197305234","0.0197305234"
"487","0.0199657573","0.0199657573","0.0199657573"
"488","0.0200667241","0.0200667241","0.0200667241"
"489","0.0199765721","0.0199765721","0.0199765721"
"490","0.0200024692","0.0200024692","0.0200024692"
"491","0.0192498816","0.0192498816","0.0192498816"
"492","0.0191392868","0.0191392868","0.0191392868"
"493","0.0213123496","0.0213123496","0.0213123496"
"494","0.0189655913","0.0189655913","0.0189655913"
"495","0.0202419287","0.0202419287","0.0202419287"
"496","0.0186351468","0.0186351468","0.0186351468"
"497","0.0188861738","0.0188861738","0.0188861738"
"498","0.0189406997","0.0189406997","0.0189406997"
"499","0.0190576587","0.0190576587","0.0190576587"
"500","0.0190835395","0.0190835395","0.0190835395"
"501","0.0190869826","0.0190869826","0.0190869826"
"502","0.0199655706","0.0199655706","0.0199655706"
"503","0.0183456554","0.0183456554","0.0183456554"
"504","0.0174245187","0.0174245187","0.0174245187"
"505","0.0188824507","0.0188824507","0.0188824507"
"506","0.016773163","0.016773163","0.016773163"
"507","0.0174610104","0.0174610104","0.0174610104"
"508","0.0182468886","0.0182468886","0.0182468886"
"509","0.0166464469","0.0166464469","0.0166464469"
"510","0.0190419883","0.0190419883","0.0190419883"
"511","0.0197098255","0.0197098255","0.0197098255"
"512","0.0195592613","0.0195592613","0.0195592613"
"513","0.0198547456","0.0198547456","0.0198547456"
"514","0.0186405339","0.0186405339","0.0186405339"
"515","0.0182897084","0.0182897084","0.0182897084"
"516","0.0187646493","0.0187646493","0.0187646493"
"517","0.0170301264","0.0170301264","0.0170301264"
"518","0.0176316741","0.0176316741","0.0176316741"
"519","0.0176804896","0.0176804896","0.0176804896"
"520","0.0160152274","0.0160152274","0.0160152274"
"521","0.0170388032","0.0170388032","0.0170388032"
"522","0.0161352292","0.0161352292","0.0161352292"
"523","0.0166894567","0.0166894567","0.0166894567"
"524","0.0172531264","0.0172531264","0.0172531264"
"525","0.0157511084","0.0157511084","0.0157511084"
"526","0.0166682408","0.0166682408","0.0166682408"
"527","0.0159927874","0.0159927874","0.0159927874"
"528","0.0163317647","0.0163317647","0.0163317647"
"529","0.0186885119","0.0186885119","0.0186885119"
"530","0.017490885","0.017490885","0.017490885"
"531","0.0162258066","0.0162258066","0.0162258066"
"532","0.0167509219","0.0167509219","0.0167509219"
"533","0.0166524515","0.0166524515","0.0166524515"
"534","0.0172427707","0.0172427707","0.0172427707"
"535","0.0162409353","0.0162409353","0.0162409353"
"536","0.0159614032","0.0159614032","0.0159614032"
"537","0.0158127884","0.0158127884","0.0158127884"
"538","0.0170518445","0.0170518445","0.0170518445"
"539","0.0172678381","0.0172678381","0.0172678381"
"540","0.0154497388","0.0154497388","0.0154497388"
"541","0.0155987934","0.0155987934","0.0155987934"
"542","0.01528062","0.01528062","0.01528062"
"543","0.0161787657","0.0161787657","0.0161787657"
"544","0.0177246571","0.0177246571","0.0177246571"
"545","0.0164253597","0.0164253597","0.0164253597"
"546","0.0163923261","0.0163923261","0.0163923261"
"547","0.0184041175","0.0184041175","0.0184041175"
"548","0.0174245975","0.0174245975","0.0174245975"
"549","0.0166349379","0.0166349379","0.0166349379"
"550","0.0160988864","0.0160988864","0.0160988864"
"551","0.015198782","0.015198782","0.015198782"
"552","0.0174803145","0.0174803145","0.0174803145"
"553","0.0168317857","0.0168317857","0.0168317857"
"554","0.0165318558","0.0165318558","0.0165318558"
"555","0.0156762194","0.0156762194","0.0156762194"
"556","0.0158848245","0.0158848245","0.0158848245"
"557","0.015930575","0.015930575","0.015930575"
"558","0.0157146256","0.0157146256","0.0157146256"
"559","0.016055451","0.016055451","0.016055451"
"560","0.0151194646","0.0151194646","0.0151194646"
"561","0.0151864389","0.0151864389","0.0151864389"
"562","0.0145006547","0.0145006547","0.0145006547"
"563","0.0158619098","0.0158619098","0.0158619098"
"564","0.0150468158","0.0150468158","0.0150468158"
"565","0.0153833356","0.0153833356","0.0153833356"
"566","0.0158849852","0.0158849852","0.0158849852"
"567","0.0147166194","0.0147166194","0.0147166194"
"568","0.0155405907","0.0155405907","0.0155405907"
"569","0.0152553903","0.0152553903","0.0152553903"
"570","0.0146437544","0.0146437544","0.0146437544"
"571","0.0155991349","0.0155991349","0.0155991349"
"572","0.014174127","0.014174127","0.014174127"
"573","0.0139287714","0.0139287714","0.0139287714"
"574","0.0143307557","0.0143307557","0.0143307557"
"575","0.0154432021","0.0154432021","0.0154432021"
"576","0.0146433558","0.0146433558","0.0146433558"
"577","0.0152069251","0.0152069251","0.0152069251"
"578","0.0141452859","0.0141452859","0.0141452859"
"579","0.0151064439","0.0151064439","0.0151064439"
"580","0.0152016985","0.0152016985","0.0152016985"
"581","0.014871542","0.014871542","0.014871542"
"582","0.0161483509","0.0161483509","0.0161483509"
"583","0.0151195172","0.0151195172","0.0151195172"
"584","0.0151598119","0.0151598119","0.0151598119"
"585","0.0160590999","0.0160590999","0.0160590999"
"586","0.0139319925","0.0139319925","0.0139319925"
"587","0.0144687196","0.0144687196","0.0144687196"
"588","0.0150003078","0.0150003078","0.0150003078"
"589","0.0149233305","0.0149233305","0.0149233305"
"590","0.015118826","0.015118826","0.015118826"
"591","0.0141849134","0.0141849134","0.0141849134"
"592","0.013832431","0.013832431","0.013832431"
"593","0.0141670677","0.0141670677","0.0141670677"
"594","0.0143484359","0.0143484359","0.0143484359"
"595","0.0145863961","0.0145863961","0.0145863961"
"596","0.0140135752","0.0140135752","0.0140135752"
"597","0.0141533307","0.0141533307","0.0141533307"
"598","0.0150573206","0.0150573206","0.0150573206"
"599","0.0148730104","0.0148730104","0.0148730104"
"600","0.0141409931","0.0141409931","0.0141409931"
"601","0.014603392","0.014603392","0.014603392"
"602","0.0147705095","0.0147705095","0.0147705095"
"603","0.0148197598","0.0148197598","0.0148197598"
"604","0.014366289","0.014366289","0.014366289"
"605","0.0132277543","0.0132277543","0.0132277543"
"606","0.0137650216","0.0137650216","0.0137650216"
"607","0.0150790807","0.0150790807","0.0150790807"
"608","0.0149920868","0.0149920868","0.0149920868"
"609","0.0152107584","0.0152107584","0.0152107584"
"610","0.01472099","0.01472099","0.01472099"
"611","0.0152291652","0.0152291652","0.0152291652"
"612","0.0151514203","0.0151514203","0.0151514203"
"613","0.0142595294","0.0142595294","0.0142595294"
"614","0.014971383","0.014971383","0.014971383"
"615","0.0149530025","0.0149530025","0.0149530025"
"616","0.0140170717","0.0140170717","0.0140170717"
"617","0.0151332322","0.0151332322","0.0151332322"
"618","0.0160235657","0.0160235657","0.0160235657"
"619","0.2431643033","0.2431643033","0.2431643033"
"620","0.2221969841","0.2221969841","0.2221969841"
"621","0.2209878567","0.2209878567","0.2209878567"
"622","0.0167300916","0.0167300916","0.0167300916"
"623","0.6030105333","0.6030105333","0.6030105333"
"624","0.2115488487","0.2115488487","0.2115488487"
"625","0.2115696994","0.2115696994","0.2115696994"
"626","0.2115408626","0.2115408626","0.2115408626"
"627","0.2096161282","0.2096161282","0.2096161282"
"628","0.2101330958","0.2101330958","0.2101330958"
"629","0.0202958449","0.0202958449","0.0202958449"
"630","0.2121218411","0.2121218411","0.2121218411"
"631","0.0205964105","0.0205964105","0.0205964105"
"632","0.5869854801","0.5869854801","0.5869854801"
"633","0.2145231898","0.2145231898","0.2145231898"
"634","0.0241215792","0.0241215792","0.0241215792"
"635","0.1968777573","0.1968777573","0.1968777573"
"636","0.2220049698","0.2220049698","0.2220049698"
"637","0.0239612117","0.0239612117","0.0239612117"
"638","0.3978348367","0.3978348367","0.3978348367"
"639","0.2082844968","0.2082844968","0.2082844968"
"640","0.5617356346","0.5617356346","0.5617356346"
"641","0.0335391225","0.0335391225","0.0335391225"
"642","0.0259581568","0.0259581568","0.0259581568"
"643","0.0240333392","0.0240333392","0.0240333392"
"644","0.1996104309","0.1996104309","0.1996104309"
"645","0.0458007675","0.0458007675","0.0458007675"
"646","0.0254015357","0.0254015357","0.0254015357"
"647","0.2121561213","0.2121561213","0.2121561213"
"648","0.568041305","0.568041305","0.568041305"
"649","0.4184638738","0.4184638738","0.4184638738"
"650","0.4100101708","0.4100101708","0.4100101708"
"651","0.5811126918","0.5811126918","0.5811126918"
"652","0.3775403325","0.3775403325","0.3775403325"
"653","0.2253903366","0.2253903366","0.2253903366"
"654","0.2095861103","0.2095861103","0.2095861103"
"655","0.4123447631","0.4123447631","0.4123447631"
"656","1.1026530968","1.1026530968","1.1026530968"
"657","0.4019794984","0.4019794984","0.4019794984"
"658","0.3849695241","0.3849695241","0.3849695241"
"659","1.1123058602","1.1123058602","1.1123058602"
"660","0.7301248399","0.7301248399","0.7301248399"
"661","0.5686789367","0.5686789367","0.5686789367"
"662","0.7241300582","0.7241300582","0.7241300582"
"663","0.8865362618","0.8865362618","0.8865362618"
"664","0.3928040521","0.3928040521","0.3928040521"
"665","1.0760479679","1.0760479679","1.0760479679"
"666","0.0499760926","0.0499760926","0.0499760926"
"667","0.3835831839","0.3835831839","0.3835831839"
"668","0.8920746342","0.8920746342","0.8920746342"
"669","0.22239575","0.22239575","0.22239575"
"670","0.5205606575","0.5205606575","0.5205606575"
"671","0.883621713","0.883621713","0.883621713"
"672","0.5474388818","0.5474388818","0.5474388818"
"673","1.0030458234","1.0030458234","1.0030458234"
"674","0.7053124213","0.7053124213","0.7053124213"
"675","0.5234567348","0.5234567348","0.5234567348"
"676","1.3531543521","1.3531543521","1.3531543521"
"677","0.3679563109","0.3679563109","0.3679563109"
"678","0.3703926463","0.3703926463","0.3703926463"
"679","0.8131683906","0.8131683906","0.8131683906"
"680","0.3796116447","0.3796116447","0.3796116447"
"681","0.8153462916","0.8153462916","0.8153462916"
"682","0.8734836509","0.8734836509","0.8734836509"
"683","0.8212008114","0.8212008114","0.8212008114"
"684","1.1361750625","1.1361750625","1.1361750625"
"685","0.5177031028","0.5177031028","0.5177031028"
"686","0.3820024159","0.3820024159","0.3820024159"
"687","1.1117101075","1.1117101075","1.1117101075"
"688","0.2478998675","0.2478998675","0.2478998675"
"689","1.5061304865","1.5061304865","1.5061304865"
"690","1.205179685","1.205179685","1.205179685"
"691","1.1515259223","1.1515259223","1.1515259223"
"692","0.5301727788","0.5301727788","0.5301727788"
"693","1.2182295494","1.2182295494","1.2182295494"
"694","0.6468667984","0.6468667984","0.6468667984"
"695","0.6805204329","0.6805204329","0.6805204329"
"696","0.4401205459","0.4401205459","0.4401205459"
"697","1.5273421802","1.5273421802","1.5273421802"
"698","1.6156103475","1.6156103475","1.6156103475"
"699","1.5069087129","1.5069087129","1.5069087129"
"700","1.2015430962","1.2015430962","1.2015430962"
"701","0.6025860646","0.6025860646","0.6025860646"
"702","1.7134526657","1.7134526657","1.7134526657"
"703","1.7583332187","1.7583332187","1.7583332187"
"704","1.5772633889","1.5772633889","1.5772633889"
"705","1.9268957788","1.9268957788","1.9268957788"
"706","1.5774404858","1.5774404858","1.5774404858"
"707","1.1275239367","1.1275239367","1.1275239367"
"708","1.3693814828","1.3693814828","1.3693814828"
"709","1.1860802285","1.1860802285","1.1860802285"
"710","1.7167020613","1.7167020613","1.7167020613"
"711","1.2780025221","1.2780025221","1.2780025221"
"712","1.2613306571","1.2613306571","1.2613306571"
"713","1.1197183975","1.1197183975","1.1197183975"
"714","1.4455897496","1.4455897496","1.4455897496"
"715","1.6062965066","1.6062965066","1.6062965066"
"716","1.1192764756","1.1192764756","1.1192764756"
"717","1.4008266546","1.4008266546","1.4008266546"
"718","1.6680265622","1.6680265622","1.6680265622"
"719","1.7635596104","1.7635596104","1.7635596104"
"720","1.8658658866","1.8658658866","1.8658658866"
"721","1.4238805972","1.4238805972","1.4238805972"
"722","1.5100042047","1.5100042047","1.5100042047"
"723","1.6053124154","1.6053124154","1.6053124154"
"724","1.310052066","1.310052066","1.310052066"
"725","1.8710295432","1.8710295432","1.8710295432"
"726","2.1483578149","2.1483578149","2.1483578149"
"727","1.1450964847","1.1450964847","1.1450964847"
"728","1.2957265064","1.2957265064","1.2957265064"
"729","2.2696279303","2.2696279303","2.2696279303"
"730","1.9153473063","1.9153473063","1.9153473063"
"731","2.0094335066","2.0094335066","2.0094335066"
"732","2.688687209","2.688687209","2.688687209"
"733","1.5554945303","1.5554945303","1.5554945303"
"734","2.0217790441","2.0217790441","2.0217790441"
"735","2.102611693","2.102611693","2.102611693"
"736","1.3742497306","1.3742497306","1.3742497306"
"737","1.6256661323","1.6256661323","1.6256661323"
"738","1.8927362046","1.8927362046","1.8927362046"
"739","1.3022654005","1.3022654005","1.3022654005"
"740","2.0173833018","2.0173833018","2.0173833018"
"741","1.530719865","1.530719865","1.530719865"
"742","1.5688657372","1.5688657372","1.5688657372"
"743","2.0163020075","2.0163020075","2.0163020075"
"744","2.6272214665","2.6272214665","2.6272214665"
"745","1.9448506144","1.9448506144","1.9448506144"
"746","1.8778991041","1.8778991041","1.8778991041"
"747","1.9271841838","1.9271841838","1.9271841838"
"748","2.2940409218","2.2940409218","2.2940409218"
"749","1.7106719002","1.7106719002","1.7106719002"
"750","1.8936894636","1.8936894636","1.8936894636"
"751","1.9529204048","1.9529204048","1.9529204048"
"752","1.4405705111","1.4405705111","1.4405705111"
"753","1.9713241673","1.9713241673","1.9713241673"
"754","2.2072187658","2.2072187658","2.2072187658"
"755","1.6198208281","1.6198208281","1.6198208281"
"756","2.0066942134","2.0066942134","2.0066942134"
"757","1.906658316","1.906658316","1.906658316"
"758","1.9921404069","1.9921404069","1.9921404069"
"759","2.2193890494","2.2193890494","2.2193890494"
"760","1.8728514622","1.8728514622","1.8728514622"
"761","2.1287842826","2.1287842826","2.1287842826"
"762","1.9830202255","1.9830202255","1.9830202255"
"763","2.1094159543","2.1094159543","2.1094159543"
"764","2.069447555","2.069447555","2.069447555"
"765","2.684089927","2.684089927","2.684089927"
"766","2.0610857539","2.0610857539","2.0610857539"
"767","2.4244150271","2.4244150271","2.4244150271"
"768","2.0858653374","2.0858653374","2.0858653374"
"769","2.0881579965","2.0881579965","2.0881579965"
"770","2.3783258717","2.3783258717","2.3783258717"
"771","2.380863103","2.380863103","2.380863103"
"772","2.4035346575","2.4035346575","2.4035346575"
"773","2.0398473533","2.0398473533","2.0398473533"
"774","2.0346690473","2.0346690473","2.0346690473"
"775","1.7501219256","1.7501219256","1.7501219256"
"776","1.623471453","1.623471453","1.623471453"
"777","1.9826328214","1.9826328214","1.9826328214"
"778","1.9192640832","1.9192640832","1.9192640832"
"779","2.198317235","2.198317235","2.198317235"
"780","2.6545677342","2.6545677342","2.6545677342"
"781","2.4505632103","2.4505632103","2.4505632103"
"782","2.6273482425","2.6273482425","2.6273482425"
"783","1.6991181666","1.6991181666","1.6991181666"
"784","1.781844202","1.781844202","1.781844202"
"785","2.7903814547","2.7903814547","2.7903814547"
"786","2.0506710956","2.0506710956","2.0506710956"
"787","3.0428266055","3.0428266055","3.0428266055"
"788","2.450118297","2.450118297","2.450118297"
"789","2.3841534928","2.3841534928","2.3841534928"
"790","2.015680104","2.015680104","2.015680104"
"791","2.4585274032","2.4585274032","2.4585274032"
"792","1.9723890854","1.9723890854","1.9723890854"
"793","1.8467101477","1.8467101477","1.8467101477"
"794","2.2707553557","2.2707553557","2.2707553557"
"795","2.4592032002","2.4592032002","2.4592032002"
"796","2.1216706133","2.1216706133","2.1216706133"
"797","1.6556020001","1.6556020001","1.6556020001"
"798","2.494706509","2.494706509","2.494706509"
"799","1.9490145457","1.9490145457","1.9490145457"
"800","1.7386011455","1.7386011455","1.7386011455"
"801","2.0552710222","2.0552710222","2.0552710222"
"802","2.1881228825","2.1881228825","2.1881228825"
"803","1.9072298838","1.9072298838","1.9072298838"
"804","2.2211375199","2.2211375199","2.2211375199"
"805","2.2348668697","2.2348668697","2.2348668697"
"806","2.7651475225","2.7651475225","2.7651475225"
"807","1.7831496364","1.7831496364","1.7831496364"
"808","1.8485569242","1.8485569242","1.8485569242"
"809","2.8117451741","2.8117451741","2.8117451741"
"810","2.8109613144","2.8109613144","2.8109613144"
"811","2.054868596","2.054868596","2.054868596"
"812","1.8660743695","1.8660743695","1.8660743695"
"813","2.2646391174","2.2646391174","2.2646391174"
"814","1.8027741666","1.8027741666","1.8027741666"
"815","2.2020533755","2.2020533755","2.2020533755"
"816","2.269505489","2.269505489","2.269505489"
"817","1.9610645308","1.9610645308","1.9610645308"
"818","2.3092881159","2.3092881159","2.3092881159"
"819","2.4615121607","2.4615121607","2.4615121607"
"820","1.9535255231","1.9535255231","1.9535255231"
"821","2.2723176599","2.2723176599","2.2723176599"
"822","2.3115293375","2.3115293375","2.3115293375"
"823","2.3382280776","2.3382280776","2.3382280776"
"824","2.1367900528","2.1367900528","2.1367900528"
"825","2.2650950488","2.2650950488","2.2650950488"
"826","2.0786114322","2.0786114322","2.0786114322"
"827","2.0441519351","2.0441519351","2.0441519351"
"828","2.5293622227","2.5293622227","2.5293622227"
"829","2.0651095407","2.0651095407","2.0651095407"
"830","1.9941637549","1.9941637549","1.9941637549"
"831","2.152292538","2.152292538","2.152292538"
"832","1.8971490778","1.8971490778","1.8971490778"
"833","1.9901605788","1.9901605788","1.9901605788"
"834","2.1504953991","2.1504953991","2.1504953991"
"835","2.8002748409","2.8002748409","2.8002748409"
"836","2.2445199841","2.2445199841","2.2445199841"
"837","2.0391060358","2.0391060358","2.0391060358"
"838","2.2089732796","2.2089732796","2.2089732796"
"839","2.3979342467","2.3979342467","2.3979342467"
"840","2.1197484845","2.1197484845","2.1197484845"
"841","2.3692059109","2.3692059109","2.3692059109"
"842","2.1520632467","2.1520632467","2.1520632467"
"843","2.3910650294","2.3910650294","2.3910650294"
"844","2.3857716176","2.3857716176","2.3857716176"
"845","2.4455418675","2.4455418675","2.4455418675"
"846","1.7386596641","1.7386596641","1.7386596641"
"847","2.3281987116","2.3281987116","2.3281987116"
"848","2.2291254565","2.2291254565","2.2291254565"
"849","2.9088759318","2.9088759318","2.9088759318"
"850","2.3636543737","2.3636543737","2.3636543737"
"851","2.5458207263","2.5458207263","2.5458207263"
"852","2.2570101732","2.2570101732","2.2570101732"
"853","2.7559586872","2.7559586872","2.7559586872"
"854","2.1288543504","2.1288543504","2.1288543504"
"855","2.1873315984","2.1873315984","2.1873315984"
"856","2.2254803205","2.2254803205","2.2254803205"
"857","2.3100959226","2.3100959226","2.3100959226"
"858","2.7731979468","2.7731979468","2.7731979468"
"859","2.2868037099","2.2868037099","2.2868037099"
"860","2.6460633275","2.6460633275","2.6460633275"
"861","2.6384478384","2.6384478384","2.6384478384"
"862","2.7766203238","2.7766203238","2.7766203238"
"863","2.768789441","2.768789441","2.768789441"
"864","2.6147348076","2.6147348076","2.6147348076"
"865","2.2927109818","2.2927109818","2.2927109818"
"866","2.723360258","2.723360258","2.723360258"
"867","2.7762760001","2.7762760001","2.7762760001"
"868","2.2684403171","2.2684403171","2.2684403171"
"869","3.1395773655","3.1395773655","3.1395773655"
"870","2.1950636582","2.1950636582","2.1950636582"
"871","2.5893854478","2.5893854478","2.5893854478"
"872","2.5765195811","2.5765195811","2.5765195811"
"873","2.5255888873","2.5255888873","2.5255888873"
"874","2.2884499961","2.2884499961","2.2884499961"
"875","2.4870787975","2.4870787975","2.4870787975"
"876","2.5983729658","2.5983729658","2.5983729658"
"877","2.4682009849","2.4682009849","2.4682009849"
"878","2.4972505161","2.4972505161","2.4972505161"
"879","2.6475463264","2.6475463264","2.6475463264"
"880","3.0286856404","3.0286856404","3.0286856404"
"881","3.0730870844","3.0730870844","3.0730870844"
"882","2.475877977","2.475877977","2.475877977"
"883","2.2106368238","2.2106368238","2.2106368238"
"884","2.8973769948","2.8973769948","2.8973769948"
"885","2.3956095272","2.3956095272","2.3956095272"
"886","2.6175016299","2.6175016299","2.6175016299"
"887","2.5389158466","2.5389158466","2.5389158466"
"888","2.5699396841","2.5699396841","2.5699396841"
"889","2.4062994748","2.4062994748","2.4062994748"
"890","2.0428323194","2.0428323194","2.0428323194"
"891","2.6551678264","2.6551678264","2.6551678264"
"892","2.1712703516","2.1712703516","2.1712703516"
"893","2.6331541856","2.6331541856","2.6331541856"
"894","2.1500034018","2.1500034018","2.1500034018"
"895","2.7432052049","2.7432052049","2.7432052049"
"896","2.8060311638","2.8060311638","2.8060311638"
"897","2.0682549331","2.0682549331","2.0682549331"
"898","2.6250343487","2.6250343487","2.6250343487"
"899","2.6868460524","2.6868460524","2.6868460524"
"900","2.640318788","2.640318788","2.640318788"
"901","2.3332990995","2.3332990995","2.3332990995"
"902","3.1781385246","3.1781385246","3.1781385246"
"903","2.1494505167","2.1494505167","2.1494505167"
"904","2.5717897904","2.5717897904","2.5717897904"
"905","2.6687911916","2.6687911916","2.6687911916"
"906","2.1736357971","2.1736357971","2.1736357971"
"907","2.4232076026","2.4232076026","2.4232076026"
"908","2.7463514222","2.7463514222","2.7463514222"
"909","2.279240199","2.279240199","2.279240199"
"910","1.9086246568","1.9086246568","1.9086246568"
"911","2.1806067103","2.1806067103","2.1806067103"
"912","2.2385617912","2.2385617912","2.2385617912"
"913","2.4831568912","2.4831568912","2.4831568912"
"914","2.6934582005","2.6934582005","2.6934582005"
"915","2.3948273742","2.3948273742","2.3948273742"
"916","2.1005729929","2.1005729929","2.1005729929"
"917","2.457589764","2.457589764","2.457589764"
"918","2.4618972152","2.4618972152","2.4618972152"
"919","2.2137446226","2.2137446226","2.2137446226"
"920","3.0594333503","3.0594333503","3.0594333503"
"921","2.230516631","2.230516631","2.230516631"
"922","2.7002008903","2.7002008903","2.7002008903"
"923","2.6209727204","2.6209727204","2.6209727204"
"924","2.3921305627","2.3921305627","2.3921305627"
"925","2.3088560772","2.3088560772","2.3088560772"
"926","2.7458821678","2.7458821678","2.7458821678"
"927","2.162872694","2.162872694","2.162872694"
"928","2.5715210575","2.5715210575","2.5715210575"
"929","2.8607434067","2.8607434067","2.8607434067"
"930","2.508456935","2.508456935","2.508456935"
"931","2.6503850588","2.6503850588","2.6503850588"
"932","2.4114972639","2.4114972639","2.4114972639"
"933","2.1839568853","2.1839568853","2.1839568853"
"934","2.7081955069","2.7081955069","2.7081955069"
"935","2.6343335721","2.6343335721","2.6343335721"
"936","2.4040780029","2.4040780029","2.4040780029"
"937","2.6050069043","2.6050069043","2.6050069043"
"938","2.2268302128","2.2268302128","2.2268302128"
"939","2.2790660089","2.2790660089","2.2790660089"
"940","2.5882118757","2.5882118757","2.5882118757"
"941","2.4110870036","2.4110870036","2.4110870036"
"942","2.8723419756","2.8723419756","2.8723419756"
"943","1.9325910607","1.9325910607","1.9325910607"
"944","2.9335554495","2.9335554495","2.9335554495"
"945","2.1547912337","2.1547912337","2.1547912337"
"946","2.3806339587","2.3806339587","2.3806339587"
"947","2.7431207213","2.7431207213","2.7431207213"
"948","2.626638065","2.626638065","2.626638065"
"949","2.1941410902","2.1941410902","2.1941410902"
"950","2.4026117612","2.4026117612","2.4026117612"
"951","2.8324166584","2.8324166584","2.8324166584"
"952","2.6072715434","2.6072715434","2.6072715434"
"953","2.5090940678","2.5090940678","2.5090940678"
"954","2.816404939","2.816404939","2.816404939"
"955","2.4487713626","2.4487713626","2.4487713626"
"956","2.7232688904","2.7232688904","2.7232688904"
"957","2.6087447241","2.6087447241","2.6087447241"
"958","3.1349463364","3.1349463364","3.1349463364"
"959","2.3848041157","2.3848041157","2.3848041157"
"960","2.5329896979","2.5329896979","2.5329896979"
"961","2.4686882943","2.4686882943","2.4686882943"
"962","2.557831516","2.557831516","2.557831516"
"963","2.1289426687","2.1289426687","2.1289426687"
"964","2.2011093906","2.2011093906","2.2011093906"
"965","2.024375056","2.024375056","2.024375056"
"966","2.4354959449","2.4354959449","2.4354959449"
"967","2.3076437008","2.3076437008","2.3076437008"
"968","2.0000988328","2.0000988328","2.0000988328"
"969","2.140300419","2.140300419","2.140300419"
"970","2.0780746636","2.0780746636","2.0780746636"
"971","2.3438749865","2.3438749865","2.3438749865"
"972","1.993791258","1.993791258","1.993791258"
"973","2.0884775728","2.0884775728","2.0884775728"
"974","2.3401104629","2.3401104629","2.3401104629"
"975","2.4379056644","2.4379056644","2.4379056644"
"976","2.4381425691","2.4381425691","2.4381425691"
"977","2.6512490782","2.6512490782","2.6512490782"
"978","2.0610534094","2.0610534094","2.0610534094"
"979","2.1579934065","2.1579934065","2.1579934065"
"980","2.692036449","2.692036449","2.692036449"
"981","2.4687598726","2.4687598726","2.4687598726"
"982","2.2685807458","2.2685807458","2.2685807458"
"983","2.4235960615","2.4235960615","2.4235960615"
"984","2.505597769","2.505597769","2.505597769"
"985","1.8800997293","1.8800997293","1.8800997293"
"986","2.5050878334","2.5050878334","2.5050878334"
"987","1.9823608565","1.9823608565","1.9823608565"
"988","2.0345105678","2.0345105678","2.0345105678"
"989","2.2227129447","2.2227129447","2.2227129447"
"990","2.2291620567","2.2291620567","2.2291620567"
"991","2.3817311801","2.3817311801","2.3817311801"
"992","2.326221697","2.326221697","2.326221697"
"993","2.0492302525","2.0492302525","2.0492302525"
"994","2.4987897226","2.4987897226","2.4987897226"
"995","2.1014801222","2.1014801222","2.1014801222"
"996","2.4404737973","2.4404737973","2.4404737973"
"997","2.3432190248","2.3432190248","2.3432190248"
"998","2.0719355598","2.0719355598","2.0719355598"
"999","2.2737345076","2.2737345076","2.2737345076"