"Step","SAC_short_test_track - loss_critic","SAC_short_test_track - loss_critic__MIN","SAC_short_test_track - loss_critic__MAX"
"0","0.0005044042","0.0005044042","0.0005044042"
"1","0.0003436285","0.0003436285","0.0003436285"
"2","0.0003949004","0.0003949004","0.0003949004"
"3","0.0005032559","0.0005032559","0.0005032559"
"4","0.0006310638","0.0006310638","0.0006310638"
"5","0.0006644096","0.0006644096","0.0006644096"
"6","0.0007566394","0.0007566394","0.0007566394"
"7","0.00080925","0.00080925","0.00080925"
"8","0.0009357503","0.0009357503","0.0009357503"
"9","0.0010998617","0.0010998617","0.0010998617"
"10","0.0013757753","0.0013757753","0.0013757753"
"11","0.0013559896","0.0013559896","0.0013559896"
"12","0.0015579548","0.0015579548","0.0015579548"
"13","0.0014545188","0.0014545188","0.0014545188"
"14","0.0017683988","0.0017683988","0.0017683988"
"15","0.0022013918","0.0022013918","0.0022013918"
"16","0.0021827848","0.0021827848","0.0021827848"
"17","0.002629564","0.002629564","0.002629564"
"18","0.0027101977","0.0027101977","0.0027101977"
"19","0.0028253146","0.0028253146","0.0028253146"
"20","0.0033228474","0.0033228474","0.0033228474"
"21","0.0033860375","0.0033860375","0.0033860375"
"22","0.0039802692","0.0039802692","0.0039802692"
"23","0.0043091271","0.0043091271","0.0043091271"
"24","0.0045094585","0.0045094585","0.0045094585"
"25","0.0050807109","0.0050807109","0.0050807109"
"26","0.0050946905","0.0050946905","0.0050946905"
"27","0.005358312","0.005358312","0.005358312"
"28","0.0059477621","0.0059477621","0.0059477621"
"29","0.0062302739","0.0062302739","0.0062302739"
"30","0.005985874","0.005985874","0.005985874"
"31","0.0074761952","0.0074761952","0.0074761952"
"32","0.006565959","0.006565959","0.006565959"
"33","0.0065136898","0.0065136898","0.0065136898"
"34","0.0072786817","0.0072786817","0.0072786817"
"35","0.0073532921","0.0073532921","0.0073532921"
"36","0.00724327","0.00724327","0.00724327"
"37","0.0074289751","0.0074289751","0.0074289751"
"38","0.0076611917","0.0076611917","0.0076611917"
"39","0.0080450758","0.0080450758","0.0080450758"
"40","0.008048096","0.008048096","0.008048096"
"41","0.0080386378","0.0080386378","0.0080386378"
"42","0.0075961253","0.0075961253","0.0075961253"
"43","0.0075246114","0.0075246114","0.0075246114"
"44","0.0079004861","0.0079004861","0.0079004861"
"45","0.0078488991","0.0078488991","0.0078488991"
"46","0.0082486668","0.0082486668","0.0082486668"
"47","0.0076398475","0.0076398475","0.0076398475"
"48","0.0079242732","0.0079242732","0.0079242732"
"49","0.0080375839","0.0080375839","0.0080375839"
"50","0.0081883666","0.0081883666","0.0081883666"
"51","0.0081347793","0.0081347793","0.0081347793"
"52","0.0080763612","0.0080763612","0.0080763612"
"53","0.008244574","0.008244574","0.008244574"
"54","0.0082116228","0.0082116228","0.0082116228"
"55","0.0086084295","0.0086084295","0.0086084295"
"56","0.0081892594","0.0081892594","0.0081892594"
"57","0.0081332743","0.0081332743","0.0081332743"
"58","0.0087832396","0.0087832396","0.0087832396"
"59","0.0087248126","0.0087248126","0.0087248126"
"60","0.0085633069","0.0085633069","0.0085633069"
"61","0.0090532776","0.0090532776","0.0090532776"
"62","0.0093078536","0.0093078536","0.0093078536"
"63","0.0091717922","0.0091717922","0.0091717922"
"64","0.0089806562","0.0089806562","0.0089806562"
"65","0.0094580386","0.0094580386","0.0094580386"
"66","0.009443302","0.009443302","0.009443302"
"67","0.0092438516","0.0092438516","0.0092438516"
"68","0.0092565149","0.0092565149","0.0092565149"
"69","0.0098107771","0.0098107771","0.0098107771"
"70","0.0097197383","0.0097197383","0.0097197383"
"71","0.0093473585","0.0093473585","0.0093473585"
"72","0.0096786407","0.0096786407","0.0096786407"
"73","0.0094414191","0.0094414191","0.0094414191"
"74","0.00971519","0.00971519","0.00971519"
"75","0.0100095887","0.0100095887","0.0100095887"
"76","0.009813418","0.009813418","0.009813418"
"77","0.0097266347","0.0097266347","0.0097266347"
"78","0.010005963","0.010005963","0.010005963"
"79","0.0099212455","0.0099212455","0.0099212455"
"80","0.0103277027","0.0103277027","0.0103277027"
"81","0.0101080259","0.0101080259","0.0101080259"
"82","0.0099917043","0.0099917043","0.0099917043"
"83","0.010516039","0.010516039","0.010516039"
"84","0.0102426241","0.0102426241","0.0102426241"
"85","0.0103230693","0.0103230693","0.0103230693"
"86","0.010700913","0.010700913","0.010700913"
"87","0.0107328695","0.0107328695","0.0107328695"
"88","0.0113370834","0.0113370834","0.0113370834"
"89","0.0111970857","0.0111970857","0.0111970857"
"90","0.0111512626","0.0111512626","0.0111512626"
"91","0.0116998652","0.0116998652","0.0116998652"
"92","0.0118567","0.0118567","0.0118567"
"93","0.0116847731","0.0116847731","0.0116847731"
"94","0.0120670532","0.0120670532","0.0120670532"
"95","0.0126064399","0.0126064399","0.0126064399"
"96","0.0126668544","0.0126668544","0.0126668544"
"97","0.0119824472","0.0119824472","0.0119824472"
"98","0.0123614954","0.0123614954","0.0123614954"
"99","0.0117231835","0.0117231835","0.0117231835"
"100","0.0126157733","0.0126157733","0.0126157733"
"101","0.0130441813","0.0130441813","0.0130441813"
"102","0.0127509519","0.0127509519","0.0127509519"
"103","0.0126444722","0.0126444722","0.0126444722"
"104","0.0125287391","0.0125287391","0.0125287391"
"105","0.0125557055","0.0125557055","0.0125557055"
"106","0.0129728279","0.0129728279","0.0129728279"
"107","0.0129051404","0.0129051404","0.0129051404"
"108","0.0122620492","0.0122620492","0.0122620492"
"109","0.0132791333","0.0132791333","0.0132791333"
"110","0.0127174652","0.0127174652","0.0127174652"
"111","0.0122900089","0.0122900089","0.0122900089"
"112","0.0132976409","0.0132976409","0.0132976409"
"113","0.0130567381","0.0130567381","0.0130567381"
"114","0.0129100909","0.0129100909","0.0129100909"
"115","0.0122583304","0.0122583304","0.0122583304"
"116","0.0131573429","0.0131573429","0.0131573429"
"117","0.0133979715","0.0133979715","0.0133979715"
"118","0.0131686581","0.0131686581","0.0131686581"
"119","0.0135990924","0.0135990924","0.0135990924"
"120","0.0132356777","0.0132356777","0.0132356777"
"121","0.0134112259","0.0134112259","0.0134112259"
"122","0.0128040588","0.0128040588","0.0128040588"
"123","0.013475193","0.013475193","0.013475193"
"124","0.013903393","0.013903393","0.013903393"
"125","0.0135033234","0.0135033234","0.0135033234"
"126","0.0143354952","0.0143354952","0.0143354952"
"127","0.0140186254","0.0140186254","0.0140186254"
"128","0.0137011937","0.0137011937","0.0137011937"
"129","0.0146185459","0.0146185459","0.0146185459"
"130","0.0142359487","0.0142359487","0.0142359487"
"131","0.0147187631","0.0147187631","0.0147187631"
"132","0.0140434463","0.0140434463","0.0140434463"
"133","0.0141230597","0.0141230597","0.0141230597"
"134","0.0143175216","0.0143175216","0.0143175216"
"135","0.0147980455","0.0147980455","0.0147980455"
"136","0.0150364155","0.0150364155","0.0150364155"
"137","0.0149428185","0.0149428185","0.0149428185"
"138","0.0148444745","0.0148444745","0.0148444745"
"139","0.0151976524","0.0151976524","0.0151976524"
"140","0.0151557946","0.0151557946","0.0151557946"
"141","0.0143239538","0.0143239538","0.0143239538"
"142","0.0151283568","0.0151283568","0.0151283568"
"143","0.0155464937","0.0155464937","0.0155464937"
"144","0.0145601466","0.0145601466","0.0145601466"
"145","0.0147344942","0.0147344942","0.0147344942"
"146","0.0146382308","0.0146382308","0.0146382308"
"147","0.0151096601","0.0151096601","0.0151096601"
"148","0.0148705608","0.0148705608","0.0148705608"
"149","0.0154562567","0.0154562567","0.0154562567"
"150","0.0151984513","0.0151984513","0.0151984513"
"151","0.0153398433","0.0153398433","0.0153398433"
"152","0.0154443162","0.0154443162","0.0154443162"
"153","0.0154989567","0.0154989567","0.0154989567"
"154","0.0157828197","0.0157828197","0.0157828197"
"155","0.0154543976","0.0154543976","0.0154543976"
"156","0.0160480946","0.0160480946","0.0160480946"
"157","0.0159647479","0.0159647479","0.0159647479"
"158","0.0159831062","0.0159831062","0.0159831062"
"159","0.0164643623","0.0164643623","0.0164643623"
"160","0.0161234521","0.0161234521","0.0161234521"
"161","0.0154006904","0.0154006904","0.0154006904"
"162","0.0171857635","0.0171857635","0.0171857635"
"163","0.0171508707","0.0171508707","0.0171508707"
"164","0.0173206336","0.0173206336","0.0173206336"
"165","0.0175539481","0.0175539481","0.0175539481"
"166","0.0171671877","0.0171671877","0.0171671877"
"167","0.0178866685","0.0178866685","0.0178866685"
"168","0.0177127878","0.0177127878","0.0177127878"
"169","0.0171984579","0.0171984579","0.0171984579"
"170","0.0173355786","0.0173355786","0.0173355786"
"171","0.0172198271","0.0172198271","0.0172198271"
"172","0.0179156723","0.0179156723","0.0179156723"
"173","0.0185883317","0.0185883317","0.0185883317"
"174","0.0183767773","0.0183767773","0.0183767773"
"175","0.0196560159","0.0196560159","0.0196560159"
"176","0.0167507214","0.0167507214","0.0167507214"
"177","0.0179142083","0.0179142083","0.0179142083"
"178","0.0201381136","0.0201381136","0.0201381136"
"179","0.018319318","0.018319318","0.018319318"
"180","0.0188212507","0.0188212507","0.0188212507"
"181","0.0185027837","0.0185027837","0.0185027837"
"182","0.0191224708","0.0191224708","0.0191224708"
"183","0.0179795224","0.0179795224","0.0179795224"
"184","0.0191532391","0.0191532391","0.0191532391"
"185","0.0187783292","0.0187783292","0.0187783292"
"186","0.0195978358","0.0195978358","0.0195978358"
"187","0.0183906818","0.0183906818","0.0183906818"
"188","0.0191093872","0.0191093872","0.0191093872"
"189","0.0195233089","0.0195233089","0.0195233089"
"190","0.0189516447","0.0189516447","0.0189516447"
"191","0.020356493","0.020356493","0.020356493"
"192","0.0191603669","0.0191603669","0.0191603669"
"193","0.0195552504","0.0195552504","0.0195552504"
"194","0.0202288094","0.0202288094","0.0202288094"
"195","0.0194086346","0.0194086346","0.0194086346"
"196","0.0202694633","0.0202694633","0.0202694633"
"197","0.0195953844","0.0195953844","0.0195953844"
"198","0.0197588584","0.0197588584","0.0197588584"
"199","0.0188278292","0.0188278292","0.0188278292"
"200","0.0200724609","0.0200724609","0.0200724609"
"201","0.0200572603","0.0200572603","0.0200572603"
"202","0.0186571809","0.0186571809","0.0186571809"
"203","0.0194986522","0.0194986522","0.0194986522"
"204","0.0199746515","0.0199746515","0.0199746515"
"205","0.0195462532","0.0195462532","0.0195462532"
"206","0.0202743932","0.0202743932","0.0202743932"
"207","0.0207471126","0.0207471126","0.0207471126"
"208","0.0203638252","0.0203638252","0.0203638252"
"209","0.0194551656","0.0194551656","0.0194551656"
"210","0.0202179947","0.0202179947","0.0202179947"
"211","0.0193745017","0.0193745017","0.0193745017"
"212","0.0194037523","0.0194037523","0.0194037523"
"213","0.0189719097","0.0189719097","0.0189719097"
"214","0.0211042567","0.0211042567","0.0211042567"
"215","0.020273341","0.020273341","0.020273341"
"216","0.0205542755","0.0205542755","0.0205542755"
"217","0.0197335661","0.0197335661","0.0197335661"
"218","0.0205262606","0.0205262606","0.0205262606"
"219","0.0204442877","0.0204442877","0.0204442877"
"220","0.0209706874","0.0209706874","0.0209706874"
"221","0.0202450672","0.0202450672","0.0202450672"
"222","0.0199371292","0.0199371292","0.0199371292"
"223","0.0201364112","0.0201364112","0.0201364112"
"224","0.020257584","0.020257584","0.020257584"
"225","0.0201449379","0.0201449379","0.0201449379"
"226","0.0204905358","0.0204905358","0.0204905358"
"227","0.0198866126","0.0198866126","0.0198866126"
"228","0.0200424615","0.0200424615","0.0200424615"
"229","0.0200292841","0.0200292841","0.0200292841"
"230","0.0193684021","0.0193684021","0.0193684021"
"231","0.0199182552","0.0199182552","0.0199182552"
"232","0.0198276415","0.0198276415","0.0198276415"
"233","0.0204887446","0.0204887446","0.0204887446"
"234","0.0197125698","0.0197125698","0.0197125698"
"235","0.0206250166","0.0206250166","0.0206250166"
"236","0.0202485137","0.0202485137","0.0202485137"
"237","0.0204365405","0.0204365405","0.0204365405"
"238","0.0205980948","0.0205980948","0.0205980948"
"239","0.020119386","0.020119386","0.020119386"
"240","0.0198546031","0.0198546031","0.0198546031"
"241","0.020955792","0.020955792","0.020955792"
"242","0.0210646656","0.0210646656","0.0210646656"
"243","0.0210049916","0.0210049916","0.0210049916"
"244","0.0201041146","0.0201041146","0.0201041146"
"245","0.0214278879","0.0214278879","0.0214278879"
"246","0.0213580967","0.0213580967","0.0213580967"
"247","0.0207196833","0.0207196833","0.0207196833"
"248","0.0204105162","0.0204105162","0.0204105162"
"249","0.0200971288","0.0200971288","0.0200971288"
"250","0.0209853055","0.0209853055","0.0209853055"
"251","0.0199343021","0.0199343021","0.0199343021"
"252","0.0210250385","0.0210250385","0.0210250385"
"253","0.0211221932","0.0211221932","0.0211221932"
"254","0.4063892791","0.4063892791","0.4063892791"
"255","0.3926573662","0.3926573662","0.3926573662"
"256","0.0206938649","0.0206938649","0.0206938649"
"257","0.7426679696","0.7426679696","0.7426679696"
"258","1.7707112371","1.7707112371","1.7707112371"
"259","0.3710031371","0.3710031371","0.3710031371"
"260","1.9212305309","1.9212305309","1.9212305309"
"261","0.0470888845","0.0470888845","0.0470888845"
"262","1.1461318354","1.1461318354","1.1461318354"
"263","0.0546224588","0.0546224588","0.0546224588"
"264","0.5511890947","0.5511890947","0.5511890947"
"265","0.4942284738","0.4942284738","0.4942284738"
"266","0.0619502798","0.0619502798","0.0619502798"
"267","0.0493124007","0.0493124007","0.0493124007"
"268","0.4840856374","0.4840856374","0.4840856374"
"269","0.5232759211","0.5232759211","0.5232759211"
"270","0.4267345254","0.4267345254","0.4267345254"
"271","0.0847010203","0.0847010203","0.0847010203"
"272","0.0658067331","0.0658067331","0.0658067331"
"273","0.1188705845","0.1188705845","0.1188705845"
"274","0.1418805498","0.1418805498","0.1418805498"
"275","0.0606601804","0.0606601804","0.0606601804"
"276","0.1075141462","0.1075141462","0.1075141462"
"277","0.0672877541","0.0672877541","0.0672877541"
"278","0.0721568009","0.0721568009","0.0721568009"
"279","0.0656786632","0.0656786632","0.0656786632"
"280","0.0642774424","0.0642774424","0.0642774424"
"281","0.0648756255","0.0648756255","0.0648756255"
"282","0.0604797822","0.0604797822","0.0604797822"
"283","0.0687847752","0.0687847752","0.0687847752"
"284","0.0609313575","0.0609313575","0.0609313575"
"285","0.1293539434","0.1293539434","0.1293539434"
"286","0.0570862867","0.0570862867","0.0570862867"
"287","0.0837424018","0.0837424018","0.0837424018"
"288","0.0843693419","0.0843693419","0.0843693419"
"289","0.06189957","0.06189957","0.06189957"
"290","0.071367272","0.071367272","0.071367272"
"291","0.0708527826","0.0708527826","0.0708527826"
"292","0.0685126257","0.0685126257","0.0685126257"
"293","0.0601034341","0.0601034341","0.0601034341"
"294","0.068094155","0.068094155","0.068094155"
"295","0.0695048421","0.0695048421","0.0695048421"
"296","0.0636328069","0.0636328069","0.0636328069"
"297","0.0890142176","0.0890142176","0.0890142176"
"298","0.067715847","0.067715847","0.067715847"
"299","0.0842940073","0.0842940073","0.0842940073"
"300","0.0787814468","0.0787814468","0.0787814468"
"301","0.1277909054","0.1277909054","0.1277909054"
"302","0.0862449728","0.0862449728","0.0862449728"
"303","0.0542287453","0.0542287453","0.0542287453"
"304","0.0579533206","0.0579533206","0.0579533206"
"305","0.0879487779","0.0879487779","0.0879487779"
"306","0.0835261648","0.0835261648","0.0835261648"
"307","0.0530708468","0.0530708468","0.0530708468"
"308","0.0583958939","0.0583958939","0.0583958939"
"309","0.1120988958","0.1120988958","0.1120988958"
"310","0.0684135291","0.0684135291","0.0684135291"
"311","0.0601212413","0.0601212413","0.0601212413"
"312","0.0763317527","0.0763317527","0.0763317527"
"313","0.0498373544","0.0498373544","0.0498373544"
"314","0.1046364955","0.1046364955","0.1046364955"
"315","0.0490449602","0.0490449602","0.0490449602"
"316","0.0794514242","0.0794514242","0.0794514242"
"317","0.0595999048","0.0595999048","0.0595999048"
"318","0.0684072429","0.0684072429","0.0684072429"
"319","0.0691126228","0.0691126228","0.0691126228"
"320","0.0944216841","0.0944216841","0.0944216841"
"321","0.0636641449","0.0636641449","0.0636641449"
"322","0.0862450959","0.0862450959","0.0862450959"
"323","0.0575136417","0.0575136417","0.0575136417"
"324","0.1202496375","0.1202496375","0.1202496375"
"325","0.0804675766","0.0804675766","0.0804675766"
"326","0.1230944838","0.1230944838","0.1230944838"
"327","0.0684629105","0.0684629105","0.0684629105"
"328","0.0566609432","0.0566609432","0.0566609432"
"329","0.0635567685","0.0635567685","0.0635567685"
"330","0.0701247629","0.0701247629","0.0701247629"
"331","0.061721703","0.061721703","0.061721703"
"332","0.05024947","0.05024947","0.05024947"
"333","0.0691551663","0.0691551663","0.0691551663"
"334","0.0650601765","0.0650601765","0.0650601765"
"335","0.0699478703","0.0699478703","0.0699478703"
"336","0.0817588022","0.0817588022","0.0817588022"
"337","0.0909109407","0.0909109407","0.0909109407"
"338","0.0945930488","0.0945930488","0.0945930488"
"339","0.0762422492","0.0762422492","0.0762422492"
"340","0.0592191262","0.0592191262","0.0592191262"
"341","0.0799424588","0.0799424588","0.0799424588"
"342","0.078242423","0.078242423","0.078242423"
"343","0.04756963","0.04756963","0.04756963"
"344","0.0556850252","0.0556850252","0.0556850252"
"345","0.0828343666","0.0828343666","0.0828343666"
"346","0.4797068242","0.4797068242","0.4797068242"
"347","0.4898419725","0.4898419725","0.4898419725"
"348","0.0511618286","0.0511618286","0.0511618286"
"349","0.0961752303","0.0961752303","0.0961752303"
"350","0.0763091984","0.0763091984","0.0763091984"
"351","0.0880732683","0.0880732683","0.0880732683"
"352","0.0575455327","0.0575455327","0.0575455327"
"353","0.4632597497","0.4632597497","0.4632597497"
"354","0.1158657011","0.1158657011","0.1158657011"
"355","0.0862641781","0.0862641781","0.0862641781"
"356","0.442063074","0.442063074","0.442063074"
"357","0.8534574222","0.8534574222","0.8534574222"
"358","0.049462462","0.049462462","0.049462462"
"359","0.4184386974","0.4184386974","0.4184386974"
"360","0.0662242169","0.0662242169","0.0662242169"
"361","0.0539678945","0.0539678945","0.0539678945"
"362","0.8098244928","0.8098244928","0.8098244928"
"363","0.4486481547","0.4486481547","0.4486481547"
"364","0.0681621079","0.0681621079","0.0681621079"
"365","0.4919306632","0.4919306632","0.4919306632"
"366","0.0742107051","0.0742107051","0.0742107051"
"367","0.0623911002","0.0623911002","0.0623911002"
"368","0.7418052214","0.7418052214","0.7418052214"
"369","0.4842684671","0.4842684671","0.4842684671"
"370","0.3744519555","0.3744519555","0.3744519555"
"371","0.122226358","0.122226358","0.122226358"
"372","0.0767037154","0.0767037154","0.0767037154"
"373","0.7551910204","0.7551910204","0.7551910204"
"374","0.3047316094","0.3047316094","0.3047316094"
"375","0.1067204138","0.1067204138","0.1067204138"
"376","0.7077579715","0.7077579715","0.7077579715"
"377","0.0961865458","0.0961865458","0.0961865458"
"378","0.073459677","0.073459677","0.073459677"
"379","0.0955660602","0.0955660602","0.0955660602"
"380","0.056504683","0.056504683","0.056504683"
"381","0.0603247814","0.0603247814","0.0603247814"
"382","0.4166595092","0.4166595092","0.4166595092"
"383","0.495602814","0.495602814","0.495602814"
"384","0.6026037937","0.6026037937","0.6026037937"
"385","0.6281123237","0.6281123237","0.6281123237"
"386","0.1238245884","0.1238245884","0.1238245884"
"387","0.4321110358","0.4321110358","0.4321110358"
"388","0.4293504155","0.4293504155","0.4293504155"
"389","0.3476226602","0.3476226602","0.3476226602"
"390","0.0761116367","0.0761116367","0.0761116367"
"391","0.2568684501","0.2568684501","0.2568684501"
"392","0.3721774982","0.3721774982","0.3721774982"
"393","0.6244551789","0.6244551789","0.6244551789"
"394","0.0584527531","0.0584527531","0.0584527531"
"395","1.2075419984","1.2075419984","1.2075419984"
"396","0.1091048985","0.1091048985","0.1091048985"
"397","0.3229951453","0.3229951453","0.3229951453"
"398","0.6419568364","0.6419568364","0.6419568364"
"399","0.3535893936","0.3535893936","0.3535893936"
"400","0.5329311586","0.5329311586","0.5329311586"
"401","0.1017383555","0.1017383555","0.1017383555"
"402","0.5749831484","0.5749831484","0.5749831484"
"403","0.1122323204","0.1122323204","0.1122323204"
"404","0.5551710794","0.5551710794","0.5551710794"
"405","0.1012652781","0.1012652781","0.1012652781"
"406","0.0980966604","0.0980966604","0.0980966604"
"407","0.1267984202","0.1267984202","0.1267984202"
"408","0.8816073458","0.8816073458","0.8816073458"
"409","0.2417497002","0.2417497002","0.2417497002"
"410","0.1206308052","0.1206308052","0.1206308052"
"411","0.1504023816","0.1504023816","0.1504023816"
"412","0.1186136364","0.1186136364","0.1186136364"
"413","0.417940438","0.417940438","0.417940438"
"414","0.3785186234","0.3785186234","0.3785186234"
"415","0.2154132729","0.2154132729","0.2154132729"
"416","0.2267058931","0.2267058931","0.2267058931"
"417","0.3478544453","0.3478544453","0.3478544453"
"418","0.291261477","0.291261477","0.291261477"
"419","0.1744054069","0.1744054069","0.1744054069"
"420","0.3044517986","0.3044517986","0.3044517986"
"421","0.1901244777","0.1901244777","0.1901244777"
"422","0.2094491778","0.2094491778","0.2094491778"
"423","0.1816569624","0.1816569624","0.1816569624"
"424","0.2210551437","0.2210551437","0.2210551437"
"425","0.1559534332","0.1559534332","0.1559534332"
"426","0.1611211573","0.1611211573","0.1611211573"
"427","0.1540536353","0.1540536353","0.1540536353"
"428","0.2173052204","0.2173052204","0.2173052204"
"429","0.1895498017","0.1895498017","0.1895498017"
"430","0.1777013806","0.1777013806","0.1777013806"
"431","0.5547089938","0.5547089938","0.5547089938"
"432","0.9901564864","0.9901564864","0.9901564864"
"433","0.1769655873","0.1769655873","0.1769655873"
"434","0.4839718606","0.4839718606","0.4839718606"
"435","0.2691056642","0.2691056642","0.2691056642"
"436","0.690330866","0.690330866","0.690330866"
"437","0.2309663946","0.2309663946","0.2309663946"
"438","0.1804659981","0.1804659981","0.1804659981"
"439","0.3784051329","0.3784051329","0.3784051329"
"440","0.3320818457","0.3320818457","0.3320818457"
"441","0.3026648916","0.3026648916","0.3026648916"
"442","0.3673610464","0.3673610464","0.3673610464"
"443","0.2471916499","0.2471916499","0.2471916499"
"444","0.5281560603","0.5281560603","0.5281560603"
"445","0.1855112582","0.1855112582","0.1855112582"
"446","0.2540877326","0.2540877326","0.2540877326"
"447","0.1735325426","0.1735325426","0.1735325426"
"448","0.1624446601","0.1624446601","0.1624446601"
"449","0.2241532269","0.2241532269","0.2241532269"
"450","0.2314711032","0.2314711032","0.2314711032"
"451","0.3402336525","0.3402336525","0.3402336525"
"452","0.2165865845","0.2165865845","0.2165865845"
"453","0.4606404632","0.4606404632","0.4606404632"
"454","0.1890462064","0.1890462064","0.1890462064"
"455","0.3111924922","0.3111924922","0.3111924922"
"456","0.1922615752","0.1922615752","0.1922615752"
"457","0.3781123691","0.3781123691","0.3781123691"
"458","0.2354120132","0.2354120132","0.2354120132"
"459","0.2813139767","0.2813139767","0.2813139767"
"460","0.6432339427","0.6432339427","0.6432339427"
"461","0.7370335571","0.7370335571","0.7370335571"
"462","0.2310875097","0.2310875097","0.2310875097"
"463","0.2171925461","0.2171925461","0.2171925461"
"464","0.2293005303","0.2293005303","0.2293005303"
"465","0.1969712355","0.1969712355","0.1969712355"
"466","0.2104695061","0.2104695061","0.2104695061"
"467","0.195966487","0.195966487","0.195966487"
"468","0.630182533","0.630182533","0.630182533"
"469","0.1833974139","0.1833974139","0.1833974139"
"470","0.192985074","0.192985074","0.192985074"
"471","0.5654008028","0.5654008028","0.5654008028"
"472","0.6817960583","0.6817960583","0.6817960583"
"473","0.8489666266","0.8489666266","0.8489666266"
"474","0.337525431","0.337525431","0.337525431"
"475","0.4498556326","0.4498556326","0.4498556326"
"476","0.2965119337","0.2965119337","0.2965119337"
"477","0.6780857463","0.6780857463","0.6780857463"
"478","0.4133734335","0.4133734335","0.4133734335"
"479","0.4434299003","0.4434299003","0.4434299003"
"480","0.4478695598","0.4478695598","0.4478695598"
"481","0.7951073689","0.7951073689","0.7951073689"
"482","0.277244981","0.277244981","0.277244981"
"483","0.2904950537","0.2904950537","0.2904950537"
"484","0.3091637291","0.3091637291","0.3091637291"
"485","0.2445996378","0.2445996378","0.2445996378"
"486","0.2644689869","0.2644689869","0.2644689869"
"487","0.2519289713","0.2519289713","0.2519289713"
"488","0.3052893696","0.3052893696","0.3052893696"
"489","0.1853846865","0.1853846865","0.1853846865"
"490","0.2721836027","0.2721836027","0.2721836027"
"491","0.2604381787","0.2604381787","0.2604381787"
"492","0.2115050125","0.2115050125","0.2115050125"
"493","0.2901431055","0.2901431055","0.2901431055"
"494","0.363613133","0.363613133","0.363613133"
"495","0.291759832","0.291759832","0.291759832"
"496","0.2353085643","0.2353085643","0.2353085643"
"497","0.1966173271","0.1966173271","0.1966173271"
"498","0.268046841","0.268046841","0.268046841"
"499","0.2299069151","0.2299069151","0.2299069151"
"500","0.26953196","0.26953196","0.26953196"
"501","0.4046463636","0.4046463636","0.4046463636"
"502","0.2545175722","0.2545175722","0.2545175722"
"503","0.2660034832","0.2660034832","0.2660034832"
"504","0.269681741","0.269681741","0.269681741"
"505","0.2513808409","0.2513808409","0.2513808409"
"506","0.2502076893","0.2502076893","0.2502076893"
"507","0.2595872143","0.2595872143","0.2595872143"
"508","0.2433212462","0.2433212462","0.2433212462"
"509","0.2927494623","0.2927494623","0.2927494623"
"510","0.4841247157","0.4841247157","0.4841247157"
"511","0.2566637986","0.2566637986","0.2566637986"
"512","0.2248135163","0.2248135163","0.2248135163"
"513","0.2953949173","0.2953949173","0.2953949173"
"514","0.2593614995","0.2593614995","0.2593614995"
"515","0.3030008529","0.3030008529","0.3030008529"
"516","0.2604637475","0.2604637475","0.2604637475"
"517","0.345272825","0.345272825","0.345272825"
"518","0.343774543","0.343774543","0.343774543"
"519","1.0735810804","1.0735810804","1.0735810804"
"520","0.2627773503","0.2627773503","0.2627773503"
"521","0.9251923822","0.9251923822","0.9251923822"
"522","0.3460957467","0.3460957467","0.3460957467"
"523","0.2394446133","0.2394446133","0.2394446133"
"524","0.6315360614","0.6315360614","0.6315360614"
"525","0.2853656995","0.2853656995","0.2853656995"
"526","0.3630365092","0.3630365092","0.3630365092"
"527","0.3584643143","0.3584643143","0.3584643143"
"528","0.4161443802","0.4161443802","0.4161443802"
"529","0.4852172231","0.4852172231","0.4852172231"
"530","0.3202243494","0.3202243494","0.3202243494"
"531","0.3742394337","0.3742394337","0.3742394337"
"532","0.4070564673","0.4070564673","0.4070564673"
"533","0.7359026456","0.7359026456","0.7359026456"
"534","0.65381155","0.65381155","0.65381155"
"535","0.2871367244","0.2871367244","0.2871367244"
"536","0.3836099826","0.3836099826","0.3836099826"
"537","0.313892081","0.313892081","0.313892081"
"538","0.2815913837","0.2815913837","0.2815913837"
"539","0.4111269454","0.4111269454","0.4111269454"
"540","0.3914682557","0.3914682557","0.3914682557"
"541","0.2766128439","0.2766128439","0.2766128439"
"542","0.3450658023","0.3450658023","0.3450658023"
"543","0.4082315733","0.4082315733","0.4082315733"
"544","0.3452487795","0.3452487795","0.3452487795"
"545","0.6731821082","0.6731821082","0.6731821082"
"546","0.3305846969","0.3305846969","0.3305846969"
"547","0.7487052961","0.7487052961","0.7487052961"
"548","0.3101408897","0.3101408897","0.3101408897"
"549","0.3461149085","0.3461149085","0.3461149085"
"550","0.2960964468","0.2960964468","0.2960964468"
"551","0.3558992277","0.3558992277","0.3558992277"
"552","0.4786859749","0.4786859749","0.4786859749"
"553","0.5018296939","0.5018296939","0.5018296939"
"554","0.4579117998","0.4579117998","0.4579117998"
"555","0.3148842483","0.3148842483","0.3148842483"
"556","0.4059711787","0.4059711787","0.4059711787"
"557","0.7011817204","0.7011817204","0.7011817204"
"558","0.5053362492","0.5053362492","0.5053362492"
"559","0.3429434012","0.3429434012","0.3429434012"
"560","0.4336424217","0.4336424217","0.4336424217"
"561","0.3845241693","0.3845241693","0.3845241693"
"562","0.5182064886","0.5182064886","0.5182064886"
"563","0.4729027894","0.4729027894","0.4729027894"
"564","0.3961856938","0.3961856938","0.3961856938"
"565","0.3636894322","0.3636894322","0.3636894322"
"566","0.3973451988","0.3973451988","0.3973451988"
"567","0.4760843931","0.4760843931","0.4760843931"
"568","0.478142536","0.478142536","0.478142536"
"569","0.4373924596","0.4373924596","0.4373924596"
"570","0.4614539346","0.4614539346","0.4614539346"
"571","0.565668309","0.565668309","0.565668309"
"572","0.3929544613","0.3929544613","0.3929544613"
"573","0.4641239056","0.4641239056","0.4641239056"
"574","0.4989851545","0.4989851545","0.4989851545"
"575","0.4236375797","0.4236375797","0.4236375797"
"576","0.4186369441","0.4186369441","0.4186369441"
"577","0.4457985521","0.4457985521","0.4457985521"
"578","0.8372152552","0.8372152552","0.8372152552"
"579","0.479613478","0.479613478","0.479613478"
"580","0.4976322729","0.4976322729","0.4976322729"
"581","0.7734691045","0.7734691045","0.7734691045"
"582","0.4683884044","0.4683884044","0.4683884044"
"583","0.5803328227","0.5803328227","0.5803328227"
"584","0.5063700479","0.5063700479","0.5063700479"
"585","0.5257661325","0.5257661325","0.5257661325"
"586","0.5977326739","0.5977326739","0.5977326739"
"587","0.5881474988","0.5881474988","0.5881474988"
"588","0.6373080449","0.6373080449","0.6373080449"
"589","0.6765228606","0.6765228606","0.6765228606"
"590","0.9727996373","0.9727996373","0.9727996373"
"591","0.6221946205","0.6221946205","0.6221946205"
"592","0.5702305477","0.5702305477","0.5702305477"
"593","1.0250871846","1.0250871846","1.0250871846"
"594","0.6950026747","0.6950026747","0.6950026747"
"595","0.739297388","0.739297388","0.739297388"
"596","0.5842586295","0.5842586295","0.5842586295"
"597","0.6791298946","0.6791298946","0.6791298946"
"598","0.5625051329","0.5625051329","0.5625051329"
"599","0.5906885263","0.5906885263","0.5906885263"
"600","0.6603473336","0.6603473336","0.6603473336"
"601","0.7221244931","0.7221244931","0.7221244931"
"602","0.7158397564","0.7158397564","0.7158397564"
"603","0.5090900523","0.5090900523","0.5090900523"
"604","0.7663616721","0.7663616721","0.7663616721"
"605","0.6095758639","0.6095758639","0.6095758639"
"606","0.7302440567","0.7302440567","0.7302440567"
"607","0.6936017855","0.6936017855","0.6936017855"
"608","0.9131074749","0.9131074749","0.9131074749"
"609","0.6864649501","0.6864649501","0.6864649501"
"610","1.0815519951","1.0815519951","1.0815519951"
"611","0.9873527214","0.9873527214","0.9873527214"
"612","0.6094689193","0.6094689193","0.6094689193"
"613","0.6922625913","0.6922625913","0.6922625913"
"614","0.9762789929","0.9762789929","0.9762789929"
"615","0.7549318176","0.7549318176","0.7549318176"
"616","0.6396688074","0.6396688074","0.6396688074"
"617","0.8346948295","0.8346948295","0.8346948295"
"618","0.6338269386","0.6338269386","0.6338269386"
"619","1.0078349278","1.0078349278","1.0078349278"
"620","0.8940802777","0.8940802777","0.8940802777"
"621","0.8400978512","0.8400978512","0.8400978512"
"622","0.9692281006","0.9692281006","0.9692281006"
"623","0.629143821","0.629143821","0.629143821"
"624","0.6229183741","0.6229183741","0.6229183741"
"625","0.7100900542","0.7100900542","0.7100900542"
"626","0.6555646303","0.6555646303","0.6555646303"
"627","0.709347271","0.709347271","0.709347271"
"628","0.7368700884","0.7368700884","0.7368700884"
"629","0.9139391861","0.9139391861","0.9139391861"
"630","0.6358885711","0.6358885711","0.6358885711"
"631","0.7696049836","0.7696049836","0.7696049836"
"632","0.7119857398","0.7119857398","0.7119857398"
"633","0.6980869876","0.6980869876","0.6980869876"
"634","0.9001875324","0.9001875324","0.9001875324"
"635","0.5804422039","0.5804422039","0.5804422039"
"636","1.2637725731","1.2637725731","1.2637725731"
"637","0.6927475538","0.6927475538","0.6927475538"
"638","0.4876412281","0.4876412281","0.4876412281"
"639","0.7544361747","0.7544361747","0.7544361747"
"640","0.470802827","0.470802827","0.470802827"
"641","0.6583498454","0.6583498454","0.6583498454"
"642","0.6843537785","0.6843537785","0.6843537785"
"643","0.6601747949","0.6601747949","0.6601747949"
"644","0.5611191409","0.5611191409","0.5611191409"
"645","0.5472923384","0.5472923384","0.5472923384"
"646","0.7445361582","0.7445361582","0.7445361582"
"647","0.5815792918","0.5815792918","0.5815792918"
"648","0.8283072145","0.8283072145","0.8283072145"
"649","0.6008103405","0.6008103405","0.6008103405"
"650","0.5532310144","0.5532310144","0.5532310144"
"651","0.5326938754","0.5326938754","0.5326938754"
"652","0.6293892653","0.6293892653","0.6293892653"
"653","0.6504819462","0.6504819462","0.6504819462"
"654","0.614462144","0.614462144","0.614462144"
"655","0.5673053282","0.5673053282","0.5673053282"
"656","0.6823242796","0.6823242796","0.6823242796"
"657","0.4560433627","0.4560433627","0.4560433627"
"658","0.7683253489","0.7683253489","0.7683253489"
"659","0.4462459015","0.4462459015","0.4462459015"
"660","0.7643707438","0.7643707438","0.7643707438"
"661","0.6105386208","0.6105386208","0.6105386208"
"662","0.5956229752","0.5956229752","0.5956229752"
"663","0.5213848532","0.5213848532","0.5213848532"
"664","0.6329732387","0.6329732387","0.6329732387"
"665","0.7948699681","0.7948699681","0.7948699681"
"666","0.5122067234","0.5122067234","0.5122067234"
"667","0.4793752473","0.4793752473","0.4793752473"
"668","0.58851942","0.58851942","0.58851942"
"669","0.5816905537","0.5816905537","0.5816905537"
"670","0.5653295336","0.5653295336","0.5653295336"
"671","0.5120384468","0.5120384468","0.5120384468"
"672","0.4566790143","0.4566790143","0.4566790143"
"673","0.4795910838","0.4795910838","0.4795910838"
"674","0.4728649016","0.4728649016","0.4728649016"
"675","0.5089275383","0.5089275383","0.5089275383"
"676","0.4929189023","0.4929189023","0.4929189023"
"677","0.6685584175","0.6685584175","0.6685584175"
"678","0.5800463286","0.5800463286","0.5800463286"
"679","0.623967753","0.623967753","0.623967753"
"680","0.7014157668","0.7014157668","0.7014157668"
"681","0.8156805991","0.8156805991","0.8156805991"
"682","0.4735789864","0.4735789864","0.4735789864"
"683","0.4870741441","0.4870741441","0.4870741441"
"684","0.4890419229","0.4890419229","0.4890419229"
"685","0.4947163899","0.4947163899","0.4947163899"
"686","0.6201940472","0.6201940472","0.6201940472"
"687","0.5675216557","0.5675216557","0.5675216557"
"688","0.656047736","0.656047736","0.656047736"
"689","0.6936675258","0.6936675258","0.6936675258"
"690","0.5104585227","0.5104585227","0.5104585227"
"691","0.4920359237","0.4920359237","0.4920359237"
"692","0.7403962317","0.7403962317","0.7403962317"
"693","0.5997200913","0.5997200913","0.5997200913"
"694","0.4868733629","0.4868733629","0.4868733629"
"695","0.4887391044","0.4887391044","0.4887391044"
"696","0.4181460636","0.4181460636","0.4181460636"
"697","0.4586282917","0.4586282917","0.4586282917"
"698","0.4552118586","0.4552118586","0.4552118586"
"699","0.6006530713","0.6006530713","0.6006530713"
"700","0.5630190788","0.5630190788","0.5630190788"
"701","0.5294278659","0.5294278659","0.5294278659"
"702","0.5111070233","0.5111070233","0.5111070233"
"703","0.3889575931","0.3889575931","0.3889575931"
"704","0.6079326509","0.6079326509","0.6079326509"
"705","0.5031903014","0.5031903014","0.5031903014"
"706","0.4389138239","0.4389138239","0.4389138239"
"707","0.4085974799","0.4085974799","0.4085974799"
"708","0.3539919523","0.3539919523","0.3539919523"
"709","0.4298770516","0.4298770516","0.4298770516"
"710","0.4319803035","0.4319803035","0.4319803035"
"711","0.4050705497","0.4050705497","0.4050705497"
"712","0.4687899888","0.4687899888","0.4687899888"
"713","0.3834093501","0.3834093501","0.3834093501"
"714","0.4650307432","0.4650307432","0.4650307432"
"715","0.3829238501","0.3829238501","0.3829238501"
"716","0.4356980674","0.4356980674","0.4356980674"
"717","0.4919506655","0.4919506655","0.4919506655"
"718","0.5365708734","0.5365708734","0.5365708734"
"719","0.4150244154","0.4150244154","0.4150244154"
"720","0.3599391957","0.3599391957","0.3599391957"
"721","0.3515801559","0.3515801559","0.3515801559"
"722","0.3734017248","0.3734017248","0.3734017248"
"723","0.5307440408","0.5307440408","0.5307440408"
"724","0.3206126083","0.3206126083","0.3206126083"
"725","0.3720256642","0.3720256642","0.3720256642"
"726","0.4399257945","0.4399257945","0.4399257945"
"727","0.3975867848","0.3975867848","0.3975867848"
"728","0.4093311489","0.4093311489","0.4093311489"
"729","0.3921439834","0.3921439834","0.3921439834"
"730","0.4793082067","0.4793082067","0.4793082067"
"731","0.3891541561","0.3891541561","0.3891541561"
"732","0.3932384979","0.3932384979","0.3932384979"
"733","0.4770838173","0.4770838173","0.4770838173"
"734","0.4404866643","0.4404866643","0.4404866643"
"735","0.4329182991","0.4329182991","0.4329182991"
"736","0.4303359948","0.4303359948","0.4303359948"
"737","0.4789912098","0.4789912098","0.4789912098"
"738","0.3914740416","0.3914740416","0.3914740416"
"739","0.3410754195","0.3410754195","0.3410754195"
"740","0.4305139278","0.4305139278","0.4305139278"
"741","0.4510418014","0.4510418014","0.4510418014"
"742","0.4056963147","0.4056963147","0.4056963147"
"743","0.3697719996","0.3697719996","0.3697719996"
"744","0.3303575451","0.3303575451","0.3303575451"
"745","0.5234580095","0.5234580095","0.5234580095"
"746","0.4071695407","0.4071695407","0.4071695407"
"747","0.4099389452","0.4099389452","0.4099389452"
"748","0.4625886706","0.4625886706","0.4625886706"
"749","0.3879836025","0.3879836025","0.3879836025"
"750","0.379734367","0.379734367","0.379734367"
"751","0.3828716593","0.3828716593","0.3828716593"
"752","0.3522389103","0.3522389103","0.3522389103"
"753","0.3723510305","0.3723510305","0.3723510305"
"754","0.4383763452","0.4383763452","0.4383763452"
"755","0.5074692214","0.5074692214","0.5074692214"
"756","0.393204791","0.393204791","0.393204791"
"757","0.3656366443","0.3656366443","0.3656366443"
"758","0.3481069659","0.3481069659","0.3481069659"
"759","0.3925248101","0.3925248101","0.3925248101"
"760","0.3860965256","0.3860965256","0.3860965256"
"761","0.346153401","0.346153401","0.346153401"
"762","0.4760502466","0.4760502466","0.4760502466"
"763","0.4341603429","0.4341603429","0.4341603429"
"764","0.3956931202","0.3956931202","0.3956931202"
"765","0.4180629537","0.4180629537","0.4180629537"
"766","0.3529523901","0.3529523901","0.3529523901"
"767","0.307645513","0.307645513","0.307645513"
"768","0.4201820838","0.4201820838","0.4201820838"
"769","0.3413584147","0.3413584147","0.3413584147"
"770","0.4096861893","0.4096861893","0.4096861893"
"771","0.2791092433","0.2791092433","0.2791092433"
"772","0.3340169882","0.3340169882","0.3340169882"
"773","0.3168418919","0.3168418919","0.3168418919"
"774","0.4083115096","0.4083115096","0.4083115096"
"775","0.388451419","0.388451419","0.388451419"
"776","0.3472917007","0.3472917007","0.3472917007"
"777","0.3480258882","0.3480258882","0.3480258882"
"778","0.4558602868","0.4558602868","0.4558602868"
"779","0.3715107633","0.3715107633","0.3715107633"
"780","0.4037824668","0.4037824668","0.4037824668"
"781","0.3505198321","0.3505198321","0.3505198321"
"782","0.3596301905","0.3596301905","0.3596301905"
"783","0.3466256181","0.3466256181","0.3466256181"
"784","0.3233456611","0.3233456611","0.3233456611"
"785","0.3209364615","0.3209364615","0.3209364615"
"786","0.3437640635","0.3437640635","0.3437640635"
"787","0.3528442263","0.3528442263","0.3528442263"
"788","0.4220413347","0.4220413347","0.4220413347"
"789","0.4862364656","0.4862364656","0.4862364656"
"790","0.298931365","0.298931365","0.298931365"
"791","0.3338089437","0.3338089437","0.3338089437"
"792","0.333566007","0.333566007","0.333566007"
"793","0.4122515893","0.4122515893","0.4122515893"
"794","0.3047551606","0.3047551606","0.3047551606"
"795","0.2972994229","0.2972994229","0.2972994229"
"796","0.2493209889","0.2493209889","0.2493209889"
"797","0.3223210455","0.3223210455","0.3223210455"
"798","0.3075651404","0.3075651404","0.3075651404"
"799","0.3981297568","0.3981297568","0.3981297568"
"800","0.3188656995","0.3188656995","0.3188656995"
"801","0.2968118467","0.2968118467","0.2968118467"
"802","0.4039519165","0.4039519165","0.4039519165"
"803","0.4052020817","0.4052020817","0.4052020817"
"804","0.2505729406","0.2505729406","0.2505729406"
"805","0.2649856121","0.2649856121","0.2649856121"
"806","0.281952176","0.281952176","0.281952176"
"807","0.374069646","0.374069646","0.374069646"
"808","0.3685184487","0.3685184487","0.3685184487"
"809","0.3911465972","0.3911465972","0.3911465972"
"810","0.3449462975","0.3449462975","0.3449462975"
"811","0.3743474769","0.3743474769","0.3743474769"
"812","0.5300446205","0.5300446205","0.5300446205"
"813","0.4681726559","0.4681726559","0.4681726559"
"814","0.2894863001","0.2894863001","0.2894863001"
"815","0.3104785926","0.3104785926","0.3104785926"
"816","0.312930838","0.312930838","0.312930838"
"817","0.2675629438","0.2675629438","0.2675629438"
"818","0.2592977027","0.2592977027","0.2592977027"
"819","0.2468737853","0.2468737853","0.2468737853"
"820","0.2529891441","0.2529891441","0.2529891441"
"821","0.2504520117","0.2504520117","0.2504520117"
"822","0.2694286736","0.2694286736","0.2694286736"
"823","0.311501539","0.311501539","0.311501539"
"824","0.2748945751","0.2748945751","0.2748945751"
"825","0.2707621339","0.2707621339","0.2707621339"
"826","0.3922125948","0.3922125948","0.3922125948"
"827","0.3698079472","0.3698079472","0.3698079472"
"828","0.286620925","0.286620925","0.286620925"
"829","0.336946402","0.336946402","0.336946402"
"830","0.270799562","0.270799562","0.270799562"
"831","0.259606404","0.259606404","0.259606404"
"832","0.353458103","0.353458103","0.353458103"
"833","0.3427375298","0.3427375298","0.3427375298"
"834","0.262416268","0.262416268","0.262416268"
"835","0.3346851395","0.3346851395","0.3346851395"
"836","0.3069377426","0.3069377426","0.3069377426"
"837","0.2508182639","0.2508182639","0.2508182639"
"838","0.3415232749","0.3415232749","0.3415232749"
"839","0.3381404917","0.3381404917","0.3381404917"
"840","0.345617575","0.345617575","0.345617575"
"841","0.3933603362","0.3933603362","0.3933603362"
"842","0.4392183137","0.4392183137","0.4392183137"
"843","0.3243043416","0.3243043416","0.3243043416"
"844","0.3297047773","0.3297047773","0.3297047773"
"845","0.2790999688","0.2790999688","0.2790999688"
"846","0.2559047012","0.2559047012","0.2559047012"
"847","0.2929065418","0.2929065418","0.2929065418"
"848","0.391990834","0.391990834","0.391990834"
"849","0.3355432628","0.3355432628","0.3355432628"
"850","0.3175281889","0.3175281889","0.3175281889"
"851","0.4379778671","0.4379778671","0.4379778671"
"852","0.2746871794","0.2746871794","0.2746871794"
"853","0.2718525911","0.2718525911","0.2718525911"
"854","0.2602173317","0.2602173317","0.2602173317"
"855","0.2524557679","0.2524557679","0.2524557679"
"856","0.2526339334","0.2526339334","0.2526339334"
"857","0.3370390638","0.3370390638","0.3370390638"
"858","0.2741560229","0.2741560229","0.2741560229"
"859","0.2374528906","0.2374528906","0.2374528906"
"860","0.4063112058","0.4063112058","0.4063112058"
"861","0.3730260941","0.3730260941","0.3730260941"
"862","0.3147965351","0.3147965351","0.3147965351"
"863","0.2714018963","0.2714018963","0.2714018963"
"864","0.2867502833","0.2867502833","0.2867502833"
"865","0.2717893062","0.2717893062","0.2717893062"
"866","0.2567977086","0.2567977086","0.2567977086"
"867","0.2637657235","0.2637657235","0.2637657235"
"868","0.3765180531","0.3765180531","0.3765180531"
"869","0.4123276311","0.4123276311","0.4123276311"
"870","0.3476069775","0.3476069775","0.3476069775"
"871","0.3551886888","0.3551886888","0.3551886888"
"872","0.2977737299","0.2977737299","0.2977737299"
"873","0.2929624552","0.2929624552","0.2929624552"
"874","0.3017570468","0.3017570468","0.3017570468"
"875","0.3483979428","0.3483979428","0.3483979428"
"876","0.4018782692","0.4018782692","0.4018782692"
"877","0.476027419","0.476027419","0.476027419"
"878","0.3045350012","0.3045350012","0.3045350012"
"879","0.3481873445","0.3481873445","0.3481873445"
"880","0.4395422381","0.4395422381","0.4395422381"
"881","0.3206487875","0.3206487875","0.3206487875"
"882","0.255821891","0.255821891","0.255821891"
"883","0.2974080565","0.2974080565","0.2974080565"
"884","0.3282345062","0.3282345062","0.3282345062"
"885","0.5717415815","0.5717415815","0.5717415815"
"886","0.3489998023","0.3489998023","0.3489998023"
"887","0.3886224751","0.3886224751","0.3886224751"
"888","0.3433195168","0.3433195168","0.3433195168"
"889","0.2371723296","0.2371723296","0.2371723296"
"890","0.2826785766","0.2826785766","0.2826785766"
"891","0.2874399634","0.2874399634","0.2874399634"
"892","0.3231488688","0.3231488688","0.3231488688"
"893","0.3966040643","0.3966040643","0.3966040643"
"894","0.3020986939","0.3020986939","0.3020986939"
"895","0.276985792","0.276985792","0.276985792"
"896","0.3000282779","0.3000282779","0.3000282779"
"897","0.3777957042","0.3777957042","0.3777957042"
"898","0.269635226","0.269635226","0.269635226"
"899","0.2863943012","0.2863943012","0.2863943012"
"900","0.4021951449","0.4021951449","0.4021951449"
"901","0.3579610321","0.3579610321","0.3579610321"
"902","0.3517482438","0.3517482438","0.3517482438"
"903","0.2385223856","0.2385223856","0.2385223856"
"904","0.29601211","0.29601211","0.29601211"
"905","0.2821388458","0.2821388458","0.2821388458"
"906","0.2644886763","0.2644886763","0.2644886763"
"907","0.2428975545","0.2428975545","0.2428975545"
"908","0.4697826998","0.4697826998","0.4697826998"
"909","0.3640075909","0.3640075909","0.3640075909"
"910","0.2554517751","0.2554517751","0.2554517751"
"911","0.2759842503","0.2759842503","0.2759842503"
"912","0.2893710539","0.2893710539","0.2893710539"
"913","0.402196063","0.402196063","0.402196063"
"914","0.411724565","0.411724565","0.411724565"
"915","0.274999195","0.274999195","0.274999195"
"916","0.3274818644","0.3274818644","0.3274818644"
"917","0.2640472254","0.2640472254","0.2640472254"
"918","0.2715889614","0.2715889614","0.2715889614"
"919","0.4942926214","0.4942926214","0.4942926214"
"920","0.475776147","0.475776147","0.475776147"
"921","0.5385012909","0.5385012909","0.5385012909"
"922","0.3135434302","0.3135434302","0.3135434302"
"923","0.2790477653","0.2790477653","0.2790477653"
"924","0.2541214269","0.2541214269","0.2541214269"
"925","0.2896146791","0.2896146791","0.2896146791"
"926","0.3305782703","0.3305782703","0.3305782703"
"927","0.2432713652","0.2432713652","0.2432713652"
"928","0.3652809658","0.3652809658","0.3652809658"
"929","0.2979215143","0.2979215143","0.2979215143"
"930","0.237072816","0.237072816","0.237072816"
"931","0.2704136499","0.2704136499","0.2704136499"
"932","0.2178582347","0.2178582347","0.2178582347"
"933","0.2339632533","0.2339632533","0.2339632533"
"934","0.2675981871","0.2675981871","0.2675981871"
"935","0.2602077966","0.2602077966","0.2602077966"
"936","0.2654284227","0.2654284227","0.2654284227"
"937","0.3214794353","0.3214794353","0.3214794353"
"938","0.2318940852","0.2318940852","0.2318940852"
"939","0.3406120868","0.3406120868","0.3406120868"
"940","0.3293177461","0.3293177461","0.3293177461"
"941","0.2715594245","0.2715594245","0.2715594245"
"942","0.2938281167","0.2938281167","0.2938281167"
"943","0.3077479212","0.3077479212","0.3077479212"
"944","0.3216943495","0.3216943495","0.3216943495"
"945","0.297055892","0.297055892","0.297055892"
"946","0.2902489459","0.2902489459","0.2902489459"
"947","0.2692214246","0.2692214246","0.2692214246"
"948","0.3156634869","0.3156634869","0.3156634869"
"949","0.2699795825","0.2699795825","0.2699795825"
"950","0.3288015811","0.3288015811","0.3288015811"
"951","0.3229328543","0.3229328543","0.3229328543"
"952","0.4329509241","0.4329509241","0.4329509241"
"953","0.4718249433","0.4718249433","0.4718249433"
"954","0.3892177044","0.3892177044","0.3892177044"
"955","0.3162155128","0.3162155128","0.3162155128"
"956","0.4594545272","0.4594545272","0.4594545272"
"957","0.2988942979","0.2988942979","0.2988942979"
"958","0.3120337813","0.3120337813","0.3120337813"
"959","0.3083757588","0.3083757588","0.3083757588"
"960","0.2797350487","0.2797350487","0.2797350487"
"961","0.2516102262","0.2516102262","0.2516102262"
"962","0.3954606003","0.3954606003","0.3954606003"
"963","0.2822556835","0.2822556835","0.2822556835"
"964","0.3012276999","0.3012276999","0.3012276999"
"965","0.2974736063","0.2974736063","0.2974736063"
"966","0.2943863912","0.2943863912","0.2943863912"
"967","0.2975491549","0.2975491549","0.2975491549"
"968","0.3164351026","0.3164351026","0.3164351026"
"969","0.286748569","0.286748569","0.286748569"
"970","0.3430937516","0.3430937516","0.3430937516"
"971","0.3018037242","0.3018037242","0.3018037242"
"972","0.2745574396","0.2745574396","0.2745574396"
"973","0.3296321902","0.3296321902","0.3296321902"
"974","0.2712828844","0.2712828844","0.2712828844"
"975","0.3187114438","0.3187114438","0.3187114438"
"976","0.2571122291","0.2571122291","0.2571122291"
"977","0.4262775807","0.4262775807","0.4262775807"
"978","0.6060058913","0.6060058913","0.6060058913"
"979","0.3206561879","0.3206561879","0.3206561879"
"980","0.3231542474","0.3231542474","0.3231542474"
"981","0.3180650499","0.3180650499","0.3180650499"
"982","0.2864527047","0.2864527047","0.2864527047"
"983","0.3106489673","0.3106489673","0.3106489673"
"984","0.4649171951","0.4649171951","0.4649171951"
"985","0.4398472673","0.4398472673","0.4398472673"
"986","0.3062655028","0.3062655028","0.3062655028"
"987","0.3458915341","0.3458915341","0.3458915341"
"988","0.2721463597","0.2721463597","0.2721463597"
"989","0.2800467345","0.2800467345","0.2800467345"
"990","0.3170063385","0.3170063385","0.3170063385"
"991","0.3612443772","0.3612443772","0.3612443772"
"992","0.3383988437","0.3383988437","0.3383988437"
"993","0.3774815921","0.3774815921","0.3774815921"
"994","0.3356224856","0.3356224856","0.3356224856"
"995","0.298095125","0.298095125","0.298095125"
"996","0.3179076865","0.3179076865","0.3179076865"
"997","0.3605720657","0.3605720657","0.3605720657"
"998","0.3017900802","0.3017900802","0.3017900802"
"999","0.4740455217","0.4740455217","0.4740455217"