"Step","SAC_short_test_track - loss_actor","SAC_short_test_track - loss_actor__MIN","SAC_short_test_track - loss_actor__MAX"
"0","-0.1283929087","-0.1283929087","-0.1283929087"
"1","-0.1622953676","-0.1622953676","-0.1622953676"
"2","-0.1910038368","-0.1910038368","-0.1910038368"
"3","-0.2225872834","-0.2225872834","-0.2225872834"
"4","-0.2559112266","-0.2559112266","-0.2559112266"
"5","-0.2905724938","-0.2905724938","-0.2905724938"
"6","-0.3245250167","-0.3245250167","-0.3245250167"
"7","-0.3608925641","-0.3608925641","-0.3608925641"
"8","-0.3989653577","-0.3989653577","-0.3989653577"
"9","-0.4336790532","-0.4336790532","-0.4336790532"
"10","-0.4642366058","-0.4642366058","-0.4642366058"
"11","-0.5062640975","-0.5062640975","-0.5062640975"
"12","-0.5399172673","-0.5399172673","-0.5399172673"
"13","-0.5713515335","-0.5713515335","-0.5713515335"
"14","-0.601053856","-0.601053856","-0.601053856"
"15","-0.634927066","-0.634927066","-0.634927066"
"16","-0.66744499","-0.66744499","-0.66744499"
"17","-0.6975632513","-0.6975632513","-0.6975632513"
"18","-0.7256769067","-0.7256769067","-0.7256769067"
"19","-0.7535439244","-0.7535439244","-0.7535439244"
"20","-0.7847561136","-0.7847561136","-0.7847561136"
"21","-0.8126268899","-0.8126268899","-0.8126268899"
"22","-0.8415454024","-0.8415454024","-0.8415454024"
"23","-0.8691076663","-0.8691076663","-0.8691076663"
"24","-0.8955832747","-0.8955832747","-0.8955832747"
"25","-0.9183551115","-0.9183551115","-0.9183551115"
"26","-0.9464582372","-0.9464582372","-0.9464582372"
"27","-0.9721114528","-0.9721114528","-0.9721114528"
"28","-0.9989251545","-0.9989251545","-0.9989251545"
"29","-1.0119319701","-1.0119319701","-1.0119319701"
"30","-1.0331330442","-1.0331330442","-1.0331330442"
"31","-1.0454029909","-1.0454029909","-1.0454029909"
"32","-1.067980687","-1.067980687","-1.067980687"
"33","-1.0906928355","-1.0906928355","-1.0906928355"
"34","-1.0990147901","-1.0990147901","-1.0990147901"
"35","-1.1089918953","-1.1089918953","-1.1089918953"
"36","-1.1334452993","-1.1334452993","-1.1334452993"
"37","-1.1460058314","-1.1460058314","-1.1460058314"
"38","-1.1498043823","-1.1498043823","-1.1498043823"
"39","-1.1397383547","-1.1397383547","-1.1397383547"
"40","-1.1581998438","-1.1581998438","-1.1581998438"
"41","-1.1456578141","-1.1456578141","-1.1456578141"
"42","-1.1680669326","-1.1680669326","-1.1680669326"
"43","-1.1888487226","-1.1888487226","-1.1888487226"
"44","-1.1772991604","-1.1772991604","-1.1772991604"
"45","-1.1887640059","-1.1887640059","-1.1887640059"
"46","-1.1873151928","-1.1873151928","-1.1873151928"
"47","-1.2086098981","-1.2086098981","-1.2086098981"
"48","-1.2213377982","-1.2213377982","-1.2213377982"
"49","-1.2344817299","-1.2344817299","-1.2344817299"
"50","-1.2436413568","-1.2436413568","-1.2436413568"
"51","-1.2539821887","-1.2539821887","-1.2539821887"
"52","-1.2713873738","-1.2713873738","-1.2713873738"
"53","-1.2775740916","-1.2775740916","-1.2775740916"
"54","-1.3035468906","-1.3035468906","-1.3035468906"
"55","-1.2971412736","-1.2971412736","-1.2971412736"
"56","-1.3186314106","-1.3186314106","-1.3186314106"
"57","-1.3330472034","-1.3330472034","-1.3330472034"
"58","-1.3487242931","-1.3487242931","-1.3487242931"
"59","-1.3596380335","-1.3596380335","-1.3596380335"
"60","-1.3837358606","-1.3837358606","-1.3837358606"
"61","-1.3965069157","-1.3965069157","-1.3965069157"
"62","-1.4069987053","-1.4069987053","-1.4069987053"
"63","-1.4197012025","-1.4197012025","-1.4197012025"
"64","-1.4341543424","-1.4341543424","-1.4341543424"
"65","-1.4481923419","-1.4481923419","-1.4481923419"
"66","-1.4631794828","-1.4631794828","-1.4631794828"
"67","-1.4837656015","-1.4837656015","-1.4837656015"
"68","-1.5001292866","-1.5001292866","-1.5001292866"
"69","-1.5179702735","-1.5179702735","-1.5179702735"
"70","-1.5376187563","-1.5376187563","-1.5376187563"
"71","-1.5558613634","-1.5558613634","-1.5558613634"
"72","-1.572182079","-1.572182079","-1.572182079"
"73","-1.592144056","-1.592144056","-1.592144056"
"74","-1.6087640119","-1.6087640119","-1.6087640119"
"75","-1.6266504413","-1.6266504413","-1.6266504413"
"76","-1.6428556186","-1.6428556186","-1.6428556186"
"77","-1.6630501813","-1.6630501813","-1.6630501813"
"78","-1.6778052545","-1.6778052545","-1.6778052545"
"79","-1.6934202892","-1.6934202892","-1.6934202892"
"80","-1.7087913239","-1.7087913239","-1.7087913239"
"81","-1.7277498782","-1.7277498782","-1.7277498782"
"82","-1.7465785426","-1.7465785426","-1.7465785426"
"83","-1.7653414148","-1.7653414148","-1.7653414148"
"84","-1.7812570143","-1.7812570143","-1.7812570143"
"85","-1.8023570514","-1.8023570514","-1.8023570514"
"86","-1.8154149967","-1.8154149967","-1.8154149967"
"87","-1.8296708781","-1.8296708781","-1.8296708781"
"88","-1.8462332636","-1.8462332636","-1.8462332636"
"89","-1.8639757186","-1.8639757186","-1.8639757186"
"90","-1.8768452013","-1.8768452013","-1.8768452013"
"91","-1.8985993785","-1.8985993785","-1.8985993785"
"92","-1.9100555617","-1.9100555617","-1.9100555617"
"93","-1.9276940423","-1.9276940423","-1.9276940423"
"94","-1.9403109562","-1.9403109562","-1.9403109562"
"95","-1.961671294","-1.961671294","-1.961671294"
"96","-1.9724441648","-1.9724441648","-1.9724441648"
"97","-1.9902675617","-1.9902675617","-1.9902675617"
"98","-2.0055977798","-2.0055977798","-2.0055977798"
"99","-2.0183183938","-2.0183183938","-2.0183183938"
"100","-2.034614467","-2.034614467","-2.034614467"
"101","-2.0465269256","-2.0465269256","-2.0465269256"
"102","-2.067520262","-2.067520262","-2.067520262"
"103","-2.0723046118","-2.0723046118","-2.0723046118"
"104","-2.091280995","-2.091280995","-2.091280995"
"105","-2.1035460031","-2.1035460031","-2.1035460031"
"106","-2.117106359","-2.117106359","-2.117106359"
"107","-2.1243337071","-2.1243337071","-2.1243337071"
"108","-2.150527482","-2.150527482","-2.150527482"
"109","-2.1547989619","-2.1547989619","-2.1547989619"
"110","-2.1724137509","-2.1724137509","-2.1724137509"
"111","-2.1837298226","-2.1837298226","-2.1837298226"
"112","-2.2035191655","-2.2035191655","-2.2035191655"
"113","-2.2105435956","-2.2105435956","-2.2105435956"
"114","-2.2249873674","-2.2249873674","-2.2249873674"
"115","-2.2433709693","-2.2433709693","-2.2433709693"
"116","-2.2443723083","-2.2443723083","-2.2443723083"
"117","-2.2609474957","-2.2609474957","-2.2609474957"
"118","-2.278082515","-2.278082515","-2.278082515"
"119","-2.2840155125","-2.2840155125","-2.2840155125"
"120","-2.2998474038","-2.2998474038","-2.2998474038"
"121","-2.3130034947","-2.3130034947","-2.3130034947"
"122","-2.3257616949","-2.3257616949","-2.3257616949"
"123","-2.3396882534","-2.3396882534","-2.3396882534"
"124","-2.3520637703","-2.3520637703","-2.3520637703"
"125","-2.360372504","-2.360372504","-2.360372504"
"126","-2.3721619916","-2.3721619916","-2.3721619916"
"127","-2.3893332314","-2.3893332314","-2.3893332314"
"128","-2.3961071908","-2.3961071908","-2.3961071908"
"129","-2.4163582087","-2.4163582087","-2.4163582087"
"130","-2.4178505695","-2.4178505695","-2.4178505695"
"131","-2.4209645772","-2.4209645772","-2.4209645772"
"132","-2.4396153498","-2.4396153498","-2.4396153498"
"133","-2.4488600588","-2.4488600588","-2.4488600588"
"134","-2.4604789567","-2.4604789567","-2.4604789567"
"135","-2.4772153616","-2.4772153616","-2.4772153616"
"136","-2.483545351","-2.483545351","-2.483545351"
"137","-2.4888136053","-2.4888136053","-2.4888136053"
"138","-2.5017727709","-2.5017727709","-2.5017727709"
"139","-2.5043601656","-2.5043601656","-2.5043601656"
"140","-2.5222437572","-2.5222437572","-2.5222437572"
"141","-2.5267631245","-2.5267631245","-2.5267631245"
"142","-2.5418186057","-2.5418186057","-2.5418186057"
"143","-2.5505279148","-2.5505279148","-2.5505279148"
"144","-2.5637408996","-2.5637408996","-2.5637408996"
"145","-2.5755836391","-2.5755836391","-2.5755836391"
"146","-2.5738584745","-2.5738584745","-2.5738584745"
"147","-2.5872889566","-2.5872889566","-2.5872889566"
"148","-2.6064800239","-2.6064800239","-2.6064800239"
"149","-2.6109087491","-2.6109087491","-2.6109087491"
"150","-2.6191188169","-2.6191188169","-2.6191188169"
"151","-2.6401050103","-2.6401050103","-2.6401050103"
"152","-2.6391875935","-2.6391875935","-2.6391875935"
"153","-2.6577682364","-2.6577682364","-2.6577682364"
"154","-2.6509631658","-2.6509631658","-2.6509631658"
"155","-2.6750717711","-2.6750717711","-2.6750717711"
"156","-2.6735938764","-2.6735938764","-2.6735938764"
"157","-2.6873559034","-2.6873559034","-2.6873559034"
"158","-2.6971087813","-2.6971087813","-2.6971087813"
"159","-2.6964561641","-2.6964561641","-2.6964561641"
"160","-2.7088094068","-2.7088094068","-2.7088094068"
"161","-2.7238308346","-2.7238308346","-2.7238308346"
"162","-2.7306194675","-2.7306194675","-2.7306194675"
"163","-2.7349111366","-2.7349111366","-2.7349111366"
"164","-2.7518791616","-2.7518791616","-2.7518791616"
"165","-2.7549855542","-2.7549855542","-2.7549855542"
"166","-2.7654759037","-2.7654759037","-2.7654759037"
"167","-2.7750811362","-2.7750811362","-2.7750811362"
"168","-2.7820416403","-2.7820416403","-2.7820416403"
"169","-2.7825634885","-2.7825634885","-2.7825634885"
"170","-2.7843446732","-2.7843446732","-2.7843446732"
"171","-2.789172287","-2.789172287","-2.789172287"
"172","-2.803633486","-2.803633486","-2.803633486"
"173","-2.8086821568","-2.8086821568","-2.8086821568"
"174","-2.8118081748","-2.8118081748","-2.8118081748"
"175","-2.8298577011","-2.8298577011","-2.8298577011"
"176","-2.82975088","-2.82975088","-2.82975088"
"177","-2.8338222635","-2.8338222635","-2.8338222635"
"178","-2.848897773","-2.848897773","-2.848897773"
"179","-2.8429065692","-2.8429065692","-2.8429065692"
"180","-2.8466995752","-2.8466995752","-2.8466995752"
"181","-2.8557691908","-2.8557691908","-2.8557691908"
"182","-2.8641509128","-2.8641509128","-2.8641509128"
"183","-2.8763335836","-2.8763335836","-2.8763335836"
"184","-2.8791670215","-2.8791670215","-2.8791670215"
"185","-2.8690499103","-2.8690499103","-2.8690499103"
"186","-2.8848417485","-2.8848417485","-2.8848417485"
"187","-2.8976871169","-2.8976871169","-2.8976871169"
"188","-2.8942821693","-2.8942821693","-2.8942821693"
"189","-2.8974817026","-2.8974817026","-2.8974817026"
"190","-2.9113051045","-2.9113051045","-2.9113051045"
"191","-2.9229432845","-2.9229432845","-2.9229432845"
"192","-2.9222658455","-2.9222658455","-2.9222658455"
"193","-2.9317882097","-2.9317882097","-2.9317882097"
"194","-2.9200880694","-2.9200880694","-2.9200880694"
"195","-2.9288762784","-2.9288762784","-2.9288762784"
"196","-2.9268580317","-2.9268580317","-2.9268580317"
"197","-2.9374347615","-2.9374347615","-2.9374347615"
"198","-2.9396733236","-2.9396733236","-2.9396733236"
"199","-2.9484635353","-2.9484635353","-2.9484635353"
"200","-2.9555553317","-2.9555553317","-2.9555553317"
"201","-2.9583449459","-2.9583449459","-2.9583449459"
"202","-2.9666224968","-2.9666224968","-2.9666224968"
"203","-2.9652167153","-2.9652167153","-2.9652167153"
"204","-2.9756194568","-2.9756194568","-2.9756194568"
"205","-2.9738243473","-2.9738243473","-2.9738243473"
"206","-2.9751771057","-2.9751771057","-2.9751771057"
"207","-2.9818044317","-2.9818044317","-2.9818044317"
"208","-2.9902416074","-2.9902416074","-2.9902416074"
"209","-2.9994306719","-2.9994306719","-2.9994306719"
"210","-3.0025065446","-3.0025065446","-3.0025065446"
"211","-3.0050886166","-3.0050886166","-3.0050886166"
"212","-3.0103651536","-3.0103651536","-3.0103651536"
"213","-3.0104908824","-3.0104908824","-3.0104908824"
"214","-3.0102753115","-3.0102753115","-3.0102753115"
"215","-3.022800523","-3.022800523","-3.022800523"
"216","-3.0264405048","-3.0264405048","-3.0264405048"
"217","-3.0342069197","-3.0342069197","-3.0342069197"
"218","-3.0377177894","-3.0377177894","-3.0377177894"
"219","-3.0331356859","-3.0331356859","-3.0331356859"
"220","-3.0440399384","-3.0440399384","-3.0440399384"
"221","-3.0396288168","-3.0396288168","-3.0396288168"
"222","-3.0575210941","-3.0575210941","-3.0575210941"
"223","-3.0635063481","-3.0635063481","-3.0635063481"
"224","-3.0534490669","-3.0534490669","-3.0534490669"
"225","-3.0712466192","-3.0712466192","-3.0712466192"
"226","-3.0757883716","-3.0757883716","-3.0757883716"
"227","-3.0725483799","-3.0725483799","-3.0725483799"
"228","-3.0705102563","-3.0705102563","-3.0705102563"
"229","-3.0942495406","-3.0942495406","-3.0942495406"
"230","-3.0860037017","-3.0860037017","-3.0860037017"
"231","-3.0852911568","-3.0852911568","-3.0852911568"
"232","-3.0960690737","-3.0960690737","-3.0960690737"
"233","-3.0977896786","-3.0977896786","-3.0977896786"
"234","-3.088772378","-3.088772378","-3.088772378"
"235","-3.0962224019","-3.0962224019","-3.0962224019"
"236","-3.1048797154","-3.1048797154","-3.1048797154"
"237","-3.1074859285","-3.1074859285","-3.1074859285"
"238","-3.1027770329","-3.1027770329","-3.1027770329"
"239","-3.1201305711","-3.1201305711","-3.1201305711"
"240","-3.1184642267","-3.1184642267","-3.1184642267"
"241","-3.1177561629","-3.1177561629","-3.1177561629"
"242","-3.1205280244","-3.1205280244","-3.1205280244"
"243","-3.1295206022","-3.1295206022","-3.1295206022"
"244","-3.1307582152","-3.1307582152","-3.1307582152"
"245","-3.1411396003","-3.1411396003","-3.1411396003"
"246","-3.1381356525","-3.1381356525","-3.1381356525"
"247","-3.1421803236","-3.1421803236","-3.1421803236"
"248","-3.141516186","-3.141516186","-3.141516186"
"249","-3.1517198968","-3.1517198968","-3.1517198968"
"250","-3.1536821759","-3.1536821759","-3.1536821759"
"251","-3.15976982","-3.15976982","-3.15976982"
"252","-3.1646576023","-3.1646576023","-3.1646576023"
"253","-3.1721596146","-3.1721596146","-3.1721596146"
"254","-3.1582803178","-3.1582803178","-3.1582803178"
"255","-3.1842403281","-3.1842403281","-3.1842403281"
"256","-3.1876276338","-3.1876276338","-3.1876276338"
"257","-3.1790456331","-3.1790456331","-3.1790456331"
"258","-3.1845652938","-3.1845652938","-3.1845652938"
"259","-3.2058816719","-3.2058816719","-3.2058816719"
"260","-3.2058967865","-3.2058967865","-3.2058967865"
"261","-3.222899282","-3.222899282","-3.222899282"
"262","-3.2234639549","-3.2234639549","-3.2234639549"
"263","-3.2142335963","-3.2142335963","-3.2142335963"
"264","-3.1836833084","-3.1836833084","-3.1836833084"
"265","-3.1545386481","-3.1545386481","-3.1545386481"
"266","-3.1478360164","-3.1478360164","-3.1478360164"
"267","-3.1017454386","-3.1017454386","-3.1017454386"
"268","-3.0746309268","-3.0746309268","-3.0746309268"
"269","-3.0734453988","-3.0734453988","-3.0734453988"
"270","-3.0595728219","-3.0595728219","-3.0595728219"
"271","-3.0186720705","-3.0186720705","-3.0186720705"
"272","-2.9743491304","-2.9743491304","-2.9743491304"
"273","-2.9417093277","-2.9417093277","-2.9417093277"
"274","-2.9217878306","-2.9217878306","-2.9217878306"
"275","-2.8752730978","-2.8752730978","-2.8752730978"
"276","-2.855301125","-2.855301125","-2.855301125"
"277","-2.8232408488","-2.8232408488","-2.8232408488"
"278","-2.8065151179","-2.8065151179","-2.8065151179"
"279","-2.7599773574","-2.7599773574","-2.7599773574"
"280","-2.7219055116","-2.7219055116","-2.7219055116"
"281","-2.6968128383","-2.6968128383","-2.6968128383"
"282","-2.6766909111","-2.6766909111","-2.6766909111"
"283","-2.6677064729","-2.6677064729","-2.6677064729"
"284","-2.6370776904","-2.6370776904","-2.6370776904"
"285","-2.6142241514","-2.6142241514","-2.6142241514"
"286","-2.6032345057","-2.6032345057","-2.6032345057"
"287","-2.5928645539","-2.5928645539","-2.5928645539"
"288","-2.5674784625","-2.5674784625","-2.5674784625"
"289","-2.5825996649","-2.5825996649","-2.5825996649"
"290","-2.5517101455","-2.5517101455","-2.5517101455"
"291","-2.5415482378","-2.5415482378","-2.5415482378"
"292","-2.5154289961","-2.5154289961","-2.5154289961"
"293","-2.516552316","-2.516552316","-2.516552316"
"294","-2.5072681546","-2.5072681546","-2.5072681546"
"295","-2.4722204876","-2.4722204876","-2.4722204876"
"296","-2.4681839359","-2.4681839359","-2.4681839359"
"297","-2.4588293207","-2.4588293207","-2.4588293207"
"298","-2.4753343213","-2.4753343213","-2.4753343213"
"299","-2.4797110033","-2.4797110033","-2.4797110033"
"300","-2.4443201518","-2.4443201518","-2.4443201518"
"301","-2.434903599","-2.434903599","-2.434903599"
"302","-2.4190505123","-2.4190505123","-2.4190505123"
"303","-2.4222692943","-2.4222692943","-2.4222692943"
"304","-2.3857012761","-2.3857012761","-2.3857012761"
"305","-2.3701070642","-2.3701070642","-2.3701070642"
"306","-2.375654161","-2.375654161","-2.375654161"
"307","-2.3539695978","-2.3539695978","-2.3539695978"
"308","-2.3565967047","-2.3565967047","-2.3565967047"
"309","-2.3561909068","-2.3561909068","-2.3561909068"
"310","-2.360826211","-2.360826211","-2.360826211"
"311","-2.3506360066","-2.3506360066","-2.3506360066"
"312","-2.3177681863","-2.3177681863","-2.3177681863"
"313","-2.3210237646","-2.3210237646","-2.3210237646"
"314","-2.3299354768","-2.3299354768","-2.3299354768"
"315","-2.3269448256","-2.3269448256","-2.3269448256"
"316","-2.3074423492","-2.3074423492","-2.3074423492"
"317","-2.2870356584","-2.2870356584","-2.2870356584"
"318","-2.2854431319","-2.2854431319","-2.2854431319"
"319","-2.2762806511","-2.2762806511","-2.2762806511"
"320","-2.2949240321","-2.2949240321","-2.2949240321"
"321","-2.2883251822","-2.2883251822","-2.2883251822"
"322","-2.2699321288","-2.2699321288","-2.2699321288"
"323","-2.2804994011","-2.2804994011","-2.2804994011"
"324","-2.251963743","-2.251963743","-2.251963743"
"325","-2.2619975758","-2.2619975758","-2.2619975758"
"326","-2.2614378572","-2.2614378572","-2.2614378572"
"327","-2.2504229057","-2.2504229057","-2.2504229057"
"328","-2.2427715027","-2.2427715027","-2.2427715027"
"329","-2.2485239768","-2.2485239768","-2.2485239768"
"330","-2.2440761495","-2.2440761495","-2.2440761495"
"331","-2.2440671313","-2.2440671313","-2.2440671313"
"332","-2.2289000338","-2.2289000338","-2.2289000338"
"333","-2.216425218","-2.216425218","-2.216425218"
"334","-2.2374537611","-2.2374537611","-2.2374537611"
"335","-2.2165719891","-2.2165719891","-2.2165719891"
"336","-2.2313194215","-2.2313194215","-2.2313194215"
"337","-2.2333908284","-2.2333908284","-2.2333908284"
"338","-2.204791289","-2.204791289","-2.204791289"
"339","-2.2455270141","-2.2455270141","-2.2455270141"
"340","-2.2270544088","-2.2270544088","-2.2270544088"
"341","-2.230046702","-2.230046702","-2.230046702"
"342","-2.2331323498","-2.2331323498","-2.2331323498"
"343","-2.23595245","-2.23595245","-2.23595245"
"344","-2.2251449233","-2.2251449233","-2.2251449233"
"345","-2.2368308002","-2.2368308002","-2.2368308002"
"346","-2.2152883768","-2.2152883768","-2.2152883768"
"347","-2.2476708108","-2.2476708108","-2.2476708108"
"348","-2.2583850861","-2.2583850861","-2.2583850861"
"349","-2.2794941783","-2.2794941783","-2.2794941783"
"350","-2.2750836039","-2.2750836039","-2.2750836039"
"351","-2.2664740729","-2.2664740729","-2.2664740729"
"352","-2.2626863521","-2.2626863521","-2.2626863521"
"353","-2.2933231652","-2.2933231652","-2.2933231652"
"354","-2.2898271519","-2.2898271519","-2.2898271519"
"355","-2.2638283908","-2.2638283908","-2.2638283908"
"356","-2.2881723541","-2.2881723541","-2.2881723541"
"357","-2.2964543927","-2.2964543927","-2.2964543927"
"358","-2.2811598146","-2.2811598146","-2.2811598146"
"359","-2.2879529214","-2.2879529214","-2.2879529214"
"360","-2.3212442899","-2.3212442899","-2.3212442899"
"361","-2.3069499469","-2.3069499469","-2.3069499469"
"362","-2.2919687325","-2.2919687325","-2.2919687325"
"363","-2.2856322551","-2.2856322551","-2.2856322551"
"364","-2.3071492696","-2.3071492696","-2.3071492696"
"365","-2.3059853685","-2.3059853685","-2.3059853685"
"366","-2.2985925961","-2.2985925961","-2.2985925961"
"367","-2.3262708354","-2.3262708354","-2.3262708354"
"368","-2.3228055596","-2.3228055596","-2.3228055596"
"369","-2.2757046783","-2.2757046783","-2.2757046783"
"370","-2.2902145863","-2.2902145863","-2.2902145863"
"371","-2.2955861747","-2.2955861747","-2.2955861747"
"372","-2.2991367626","-2.2991367626","-2.2991367626"
"373","-2.3181949461","-2.3181949461","-2.3181949461"
"374","-2.3217667365","-2.3217667365","-2.3217667365"
"375","-2.2954650617","-2.2954650617","-2.2954650617"
"376","-2.2956497908","-2.2956497908","-2.2956497908"
"377","-2.2967237449","-2.2967237449","-2.2967237449"
"378","-2.2961168396","-2.2961168396","-2.2961168396"
"379","-2.2979021966","-2.2979021966","-2.2979021966"
"380","-2.287557205","-2.287557205","-2.287557205"
"381","-2.2970828867","-2.2970828867","-2.2970828867"
"382","-2.2784447515","-2.2784447515","-2.2784447515"
"383","-2.2942209315","-2.2942209315","-2.2942209315"
"384","-2.307070148","-2.307070148","-2.307070148"
"385","-2.2999545473","-2.2999545473","-2.2999545473"
"386","-2.3308946228","-2.3308946228","-2.3308946228"
"387","-2.3175124896","-2.3175124896","-2.3175124896"
"388","-2.2995135045","-2.2995135045","-2.2995135045"
"389","-2.3257798219","-2.3257798219","-2.3257798219"
"390","-2.3158900654","-2.3158900654","-2.3158900654"
"391","-2.2919356966","-2.2919356966","-2.2919356966"
"392","-2.3038552964","-2.3038552964","-2.3038552964"
"393","-2.2886985922","-2.2886985922","-2.2886985922"
"394","-2.2926039624","-2.2926039624","-2.2926039624"
"395","-2.2908465207","-2.2908465207","-2.2908465207"
"396","-2.2952165115","-2.2952165115","-2.2952165115"
"397","-2.3061092877","-2.3061092877","-2.3061092877"
"398","-2.2615157151","-2.2615157151","-2.2615157151"
"399","-2.2786312413","-2.2786312413","-2.2786312413"
"400","-2.263579033","-2.263579033","-2.263579033"
"401","-2.2577452523","-2.2577452523","-2.2577452523"
"402","-2.2392251247","-2.2392251247","-2.2392251247"
"403","-2.2383235049","-2.2383235049","-2.2383235049"
"404","-2.2278357822","-2.2278357822","-2.2278357822"
"405","-2.2272137141","-2.2272137141","-2.2272137141"
"406","-2.2225175345","-2.2225175345","-2.2225175345"
"407","-2.2073336107","-2.2073336107","-2.2073336107"
"408","-2.2182777673","-2.2182777673","-2.2182777673"
"409","-2.2189444017","-2.2189444017","-2.2189444017"
"410","-2.2093203616","-2.2093203616","-2.2093203616"
"411","-2.1948118997","-2.1948118997","-2.1948118997"
"412","-2.232045359","-2.232045359","-2.232045359"
"413","-2.223829301","-2.223829301","-2.223829301"
"414","-2.1886373878","-2.1886373878","-2.1886373878"
"415","-2.1898417556","-2.1898417556","-2.1898417556"
"416","-2.2172758871","-2.2172758871","-2.2172758871"
"417","-2.1889502364","-2.1889502364","-2.1889502364"
"418","-2.1773761153","-2.1773761153","-2.1773761153"
"419","-2.1921622872","-2.1921622872","-2.1921622872"
"420","-2.170528599","-2.170528599","-2.170528599"
"421","-2.2069117832","-2.2069117832","-2.2069117832"
"422","-2.1819335955","-2.1819335955","-2.1819335955"
"423","-2.170157578","-2.170157578","-2.170157578"
"424","-2.1965297353","-2.1965297353","-2.1965297353"
"425","-2.1794026309","-2.1794026309","-2.1794026309"
"426","-2.1744639248","-2.1744639248","-2.1744639248"
"427","-2.1667424351","-2.1667424351","-2.1667424351"
"428","-2.1699193323","-2.1699193323","-2.1699193323"
"429","-2.2122277129","-2.2122277129","-2.2122277129"
"430","-2.1919679981","-2.1919679981","-2.1919679981"
"431","-2.1916458237","-2.1916458237","-2.1916458237"
"432","-2.1718348801","-2.1718348801","-2.1718348801"
"433","-2.2022104675","-2.2022104675","-2.2022104675"
"434","-2.1946437889","-2.1946437889","-2.1946437889"
"435","-2.1781367183","-2.1781367183","-2.1781367183"
"436","-2.1774090558","-2.1774090558","-2.1774090558"
"437","-2.198597343","-2.198597343","-2.198597343"
"438","-2.1880670267","-2.1880670267","-2.1880670267"
"439","-2.1959001356","-2.1959001356","-2.1959001356"
"440","-2.2074792767","-2.2074792767","-2.2074792767"
"441","-2.1879937261","-2.1879937261","-2.1879937261"
"442","-2.2054070318","-2.2054070318","-2.2054070318"
"443","-2.217677536","-2.217677536","-2.217677536"
"444","-2.194649452","-2.194649452","-2.194649452"
"445","-2.1872826469","-2.1872826469","-2.1872826469"
"446","-2.2065915841","-2.2065915841","-2.2065915841"
"447","-2.223889097","-2.223889097","-2.223889097"
"448","-2.2238811457","-2.2238811457","-2.2238811457"
"449","-2.2326599926","-2.2326599926","-2.2326599926"
"450","-2.2179950911","-2.2179950911","-2.2179950911"
"451","-2.201082471","-2.201082471","-2.201082471"
"452","-2.2207866174","-2.2207866174","-2.2207866174"
"453","-2.2676439524","-2.2676439524","-2.2676439524"
"454","-2.278411262","-2.278411262","-2.278411262"
"455","-2.2664309937","-2.2664309937","-2.2664309937"
"456","-2.2386322421","-2.2386322421","-2.2386322421"
"457","-2.2474921626","-2.2474921626","-2.2474921626"
"458","-2.2665585798","-2.2665585798","-2.2665585798"
"459","-2.2471883494","-2.2471883494","-2.2471883494"
"460","-2.2779232925","-2.2779232925","-2.2779232925"
"461","-2.2241356587","-2.2241356587","-2.2241356587"
"462","-2.2573900747","-2.2573900747","-2.2573900747"
"463","-2.2225508702","-2.2225508702","-2.2225508702"
"464","-2.2667572868","-2.2667572868","-2.2667572868"
"465","-2.2545540404","-2.2545540404","-2.2545540404"
"466","-2.2484679449","-2.2484679449","-2.2484679449"
"467","-2.283342455","-2.283342455","-2.283342455"
"468","-2.2819770306","-2.2819770306","-2.2819770306"
"469","-2.2836378151","-2.2836378151","-2.2836378151"
"470","-2.3035541743","-2.3035541743","-2.3035541743"
"471","-2.3016494018","-2.3016494018","-2.3016494018"
"472","-2.2917497981","-2.2917497981","-2.2917497981"
"473","-2.3190930963","-2.3190930963","-2.3190930963"
"474","-2.3238618535","-2.3238618535","-2.3238618535"
"475","-2.3488107467","-2.3488107467","-2.3488107467"
"476","-2.3432722837","-2.3432722837","-2.3432722837"
"477","-2.3094503498","-2.3094503498","-2.3094503498"
"478","-2.2972249007","-2.2972249007","-2.2972249007"
"479","-2.3533996427","-2.3533996427","-2.3533996427"
"480","-2.3285819548","-2.3285819548","-2.3285819548"
"481","-2.3753765053","-2.3753765053","-2.3753765053"
"482","-2.3384169233","-2.3384169233","-2.3384169233"
"483","-2.3542174006","-2.3542174006","-2.3542174006"
"484","-2.3312812281","-2.3312812281","-2.3312812281"
"485","-2.3646552026","-2.3646552026","-2.3646552026"
"486","-2.3661417067","-2.3661417067","-2.3661417067"
"487","-2.3816834754","-2.3816834754","-2.3816834754"
"488","-2.3367311299","-2.3367311299","-2.3367311299"
"489","-2.3277912867","-2.3277912867","-2.3277912867"
"490","-2.3604873931","-2.3604873931","-2.3604873931"
"491","-2.3599196118","-2.3599196118","-2.3599196118"
"492","-2.3537537253","-2.3537537253","-2.3537537253"
"493","-2.3680668163","-2.3680668163","-2.3680668163"
"494","-2.3652003205","-2.3652003205","-2.3652003205"
"495","-2.369825902","-2.369825902","-2.369825902"
"496","-2.4090456796","-2.4090456796","-2.4090456796"
"497","-2.3941165358","-2.3941165358","-2.3941165358"
"498","-2.4197112751","-2.4197112751","-2.4197112751"
"499","-2.414534359","-2.414534359","-2.414534359"
"500","-2.3867958081","-2.3867958081","-2.3867958081"
"501","-2.4039724785","-2.4039724785","-2.4039724785"
"502","-2.3858153188","-2.3858153188","-2.3858153188"
"503","-2.3982439959","-2.3982439959","-2.3982439959"
"504","-2.4123101026","-2.4123101026","-2.4123101026"
"505","-2.4090293664","-2.4090293664","-2.4090293664"
"506","-2.3922035718","-2.3922035718","-2.3922035718"
"507","-2.4351974022","-2.4351974022","-2.4351974022"
"508","-2.4185032338","-2.4185032338","-2.4185032338"
"509","-2.4490544713","-2.4490544713","-2.4490544713"
"510","-2.4085109049","-2.4085109049","-2.4085109049"
"511","-2.4436199594","-2.4436199594","-2.4436199594"
"512","-2.4638282394","-2.4638282394","-2.4638282394"
"513","-2.4169514871","-2.4169514871","-2.4169514871"
"514","-2.4739635515","-2.4739635515","-2.4739635515"
"515","-2.4657599628","-2.4657599628","-2.4657599628"
"516","-2.474314177","-2.474314177","-2.474314177"
"517","-2.4646939671","-2.4646939671","-2.4646939671"
"518","-2.4903378272","-2.4903378272","-2.4903378272"
"519","-2.4900960553","-2.4900960553","-2.4900960553"
"520","-2.4504990768","-2.4504990768","-2.4504990768"
"521","-2.4802512968","-2.4802512968","-2.4802512968"
"522","-2.4866027904","-2.4866027904","-2.4866027904"
"523","-2.5021895981","-2.5021895981","-2.5021895981"
"524","-2.4777711701","-2.4777711701","-2.4777711701"
"525","-2.4847831774","-2.4847831774","-2.4847831774"
"526","-2.5157548261","-2.5157548261","-2.5157548261"
"527","-2.4775455749","-2.4775455749","-2.4775455749"
"528","-2.5307756853","-2.5307756853","-2.5307756853"
"529","-2.5657521808","-2.5657521808","-2.5657521808"
"530","-2.5493220961","-2.5493220961","-2.5493220961"
"531","-2.5358970308","-2.5358970308","-2.5358970308"
"532","-2.579371779","-2.579371779","-2.579371779"
"533","-2.5581152058","-2.5581152058","-2.5581152058"
"534","-2.5545099163","-2.5545099163","-2.5545099163"
"535","-2.5915338087","-2.5915338087","-2.5915338087"
"536","-2.6044493294","-2.6044493294","-2.6044493294"
"537","-2.584949739","-2.584949739","-2.584949739"
"538","-2.5740474451","-2.5740474451","-2.5740474451"
"539","-2.5594707227","-2.5594707227","-2.5594707227"
"540","-2.5675454843","-2.5675454843","-2.5675454843"
"541","-2.6259810293","-2.6259810293","-2.6259810293"
"542","-2.582351377","-2.582351377","-2.582351377"
"543","-2.5763484037","-2.5763484037","-2.5763484037"
"544","-2.6303001261","-2.6303001261","-2.6303001261"
"545","-2.610960294","-2.610960294","-2.610960294"
"546","-2.5803215766","-2.5803215766","-2.5803215766"
"547","-2.6524426401","-2.6524426401","-2.6524426401"
"548","-2.6482817411","-2.6482817411","-2.6482817411"
"549","-2.6867446244","-2.6867446244","-2.6867446244"
"550","-2.6286157751","-2.6286157751","-2.6286157751"
"551","-2.6531237543","-2.6531237543","-2.6531237543"
"552","-2.6762509978","-2.6762509978","-2.6762509978"
"553","-2.724577781","-2.724577781","-2.724577781"
"554","-2.7434822965","-2.7434822965","-2.7434822965"
"555","-2.7081757581","-2.7081757581","-2.7081757581"
"556","-2.7097490442","-2.7097490442","-2.7097490442"
"557","-2.7105336523","-2.7105336523","-2.7105336523"
"558","-2.7765193081","-2.7765193081","-2.7765193081"
"559","-2.748792783","-2.748792783","-2.748792783"
"560","-2.7391292739","-2.7391292739","-2.7391292739"
"561","-2.7489137137","-2.7489137137","-2.7489137137"
"562","-2.727495079","-2.727495079","-2.727495079"
"563","-2.7481648815","-2.7481648815","-2.7481648815"
"564","-2.7537792003","-2.7537792003","-2.7537792003"
"565","-2.791789037","-2.791789037","-2.791789037"
"566","-2.7843161881","-2.7843161881","-2.7843161881"
"567","-2.7940638041","-2.7940638041","-2.7940638041"
"568","-2.8720532048","-2.8720532048","-2.8720532048"
"569","-2.8293728209","-2.8293728209","-2.8293728209"
"570","-2.8081056046","-2.8081056046","-2.8081056046"
"571","-2.8047630703","-2.8047630703","-2.8047630703"
"572","-2.783015734","-2.783015734","-2.783015734"
"573","-2.8450928664","-2.8450928664","-2.8450928664"
"574","-2.8687953246","-2.8687953246","-2.8687953246"
"575","-2.8456318676","-2.8456318676","-2.8456318676"
"576","-2.8844001353","-2.8844001353","-2.8844001353"
"577","-2.8612168217","-2.8612168217","-2.8612168217"
"578","-2.8824913025","-2.8824913025","-2.8824913025"
"579","-2.8620499504","-2.8620499504","-2.8620499504"
"580","-2.9229157889","-2.9229157889","-2.9229157889"
"581","-2.8892596996","-2.8892596996","-2.8892596996"
"582","-2.8839957571","-2.8839957571","-2.8839957571"
"583","-2.9108622551","-2.9108622551","-2.9108622551"
"584","-2.9578312218","-2.9578312218","-2.9578312218"
"585","-2.967863723","-2.967863723","-2.967863723"
"586","-2.9238514078","-2.9238514078","-2.9238514078"
"587","-2.9861531842","-2.9861531842","-2.9861531842"
"588","-2.9389253497","-2.9389253497","-2.9389253497"
"589","-2.9712785769","-2.9712785769","-2.9712785769"
"590","-2.9344159317","-2.9344159317","-2.9344159317"
"591","-2.9380312097","-2.9380312097","-2.9380312097"
"592","-2.9697336411","-2.9697336411","-2.9697336411"
"593","-3.0158120012","-3.0158120012","-3.0158120012"
"594","-2.9531195354","-2.9531195354","-2.9531195354"
"595","-3.0186799538","-3.0186799538","-3.0186799538"
"596","-3.0491981411","-3.0491981411","-3.0491981411"
"597","-2.9976605821","-2.9976605821","-2.9976605821"
"598","-3.0265814245","-3.0265814245","-3.0265814245"
"599","-2.9726303077","-2.9726303077","-2.9726303077"
"600","-3.0245340371","-3.0245340371","-3.0245340371"
"601","-3.0178202677","-3.0178202677","-3.0178202677"
"602","-2.9758616066","-2.9758616066","-2.9758616066"
"603","-3.0546805358","-3.0546805358","-3.0546805358"
"604","-3.0788871539","-3.0788871539","-3.0788871539"
"605","-3.022768333","-3.022768333","-3.022768333"
"606","-3.0248966062","-3.0248966062","-3.0248966062"
"607","-3.0400245965","-3.0400245965","-3.0400245965"
"608","-3.0645584655","-3.0645584655","-3.0645584655"
"609","-3.0227126527","-3.0227126527","-3.0227126527"
"610","-2.9749753869","-2.9749753869","-2.9749753869"
"611","-2.9886037457","-2.9886037457","-2.9886037457"
"612","-2.9838061869","-2.9838061869","-2.9838061869"
"613","-3.0322339118","-3.0322339118","-3.0322339118"
"614","-3.030252744","-3.030252744","-3.030252744"
"615","-3.0179167092","-3.0179167092","-3.0179167092"
"616","-3.0016075683","-3.0016075683","-3.0016075683"
"617","-3.0337290692","-3.0337290692","-3.0337290692"
"618","-2.9500063109","-2.9500063109","-2.9500063109"
"619","-3.0809942389","-3.0809942389","-3.0809942389"
"620","-2.9686214042","-2.9686214042","-2.9686214042"
"621","-3.013911711","-3.013911711","-3.013911711"
"622","-3.0907833552","-3.0907833552","-3.0907833552"
"623","-3.0893645918","-3.0893645918","-3.0893645918"
"624","-3.0545613837","-3.0545613837","-3.0545613837"
"625","-2.9858804703","-2.9858804703","-2.9858804703"
"626","-3.0270550811","-3.0270550811","-3.0270550811"
"627","-2.9954700017","-2.9954700017","-2.9954700017"
"628","-3.100339061","-3.100339061","-3.100339061"
"629","-3.0385111284","-3.0385111284","-3.0385111284"
"630","-3.0134323037","-3.0134323037","-3.0134323037"
"631","-3.0022914302","-3.0022914302","-3.0022914302"
"632","-3.0165657103","-3.0165657103","-3.0165657103"
"633","-2.9485580361","-2.9485580361","-2.9485580361"
"634","-3.0486329615","-3.0486329615","-3.0486329615"
"635","-3.0325207543","-3.0325207543","-3.0325207543"
"636","-3.0545174766","-3.0545174766","-3.0545174766"
"637","-2.969207412","-2.969207412","-2.969207412"
"638","-2.9910884809","-2.9910884809","-2.9910884809"
"639","-2.9913541663","-2.9913541663","-2.9913541663"
"640","-2.9445074725","-2.9445074725","-2.9445074725"
"641","-3.0387297642","-3.0387297642","-3.0387297642"
"642","-2.9361372358","-2.9361372358","-2.9361372358"
"643","-2.9636126316","-2.9636126316","-2.9636126316"
"644","-3.0137273824","-3.0137273824","-3.0137273824"
"645","-2.9868685204","-2.9868685204","-2.9868685204"
"646","-2.9512177134","-2.9512177134","-2.9512177134"
"647","-2.9907819617","-2.9907819617","-2.9907819617"
"648","-2.9751826572","-2.9751826572","-2.9751826572"
"649","-2.9664363396","-2.9664363396","-2.9664363396"
"650","-2.9768438399","-2.9768438399","-2.9768438399"
"651","-2.9828018844","-2.9828018844","-2.9828018844"
"652","-3.0155901766","-3.0155901766","-3.0155901766"
"653","-2.9283670688","-2.9283670688","-2.9283670688"
"654","-3.0221482658","-3.0221482658","-3.0221482658"
"655","-3.0249695182","-3.0249695182","-3.0249695182"
"656","-3.0155188501","-3.0155188501","-3.0155188501"
"657","-3.0224026132","-3.0224026132","-3.0224026132"
"658","-3.015777427","-3.015777427","-3.015777427"
"659","-3.0439052331","-3.0439052331","-3.0439052331"
"660","-2.99036412","-2.99036412","-2.99036412"
"661","-2.9653336453","-2.9653336453","-2.9653336453"
"662","-2.9771127534","-2.9771127534","-2.9771127534"
"663","-2.9724722934","-2.9724722934","-2.9724722934"
"664","-2.9954978096","-2.9954978096","-2.9954978096"
"665","-2.9638128114","-2.9638128114","-2.9638128114"
"666","-3.0113850856","-3.0113850856","-3.0113850856"
"667","-3.0173602521","-3.0173602521","-3.0173602521"
"668","-3.0239873147","-3.0239873147","-3.0239873147"
"669","-3.0287053549","-3.0287053549","-3.0287053549"
"670","-3.0341639221","-3.0341639221","-3.0341639221"
"671","-3.0444257247","-3.0444257247","-3.0444257247"
"672","-3.0156717956","-3.0156717956","-3.0156717956"
"673","-3.068608048","-3.068608048","-3.068608048"
"674","-2.9946867967","-2.9946867967","-2.9946867967"
"675","-3.0220131862","-3.0220131862","-3.0220131862"
"676","-3.0115203476","-3.0115203476","-3.0115203476"
"677","-2.995350697","-2.995350697","-2.995350697"
"678","-3.0269249821","-3.0269249821","-3.0269249821"
"679","-3.0058311236","-3.0058311236","-3.0058311236"
"680","-3.0398071861","-3.0398071861","-3.0398071861"
"681","-2.997451582","-2.997451582","-2.997451582"
"682","-3.0201645064","-3.0201645064","-3.0201645064"
"683","-3.0462244487","-3.0462244487","-3.0462244487"
"684","-2.9893962586","-2.9893962586","-2.9893962586"
"685","-3.0523704159","-3.0523704159","-3.0523704159"
"686","-3.0707987517","-3.0707987517","-3.0707987517"
"687","-2.9899826491","-2.9899826491","-2.9899826491"
"688","-3.0690528381","-3.0690528381","-3.0690528381"
"689","-3.0138862538","-3.0138862538","-3.0138862538"
"690","-3.0797549713","-3.0797549713","-3.0797549713"
"691","-3.0014969981","-3.0014969981","-3.0014969981"
"692","-3.0364021385","-3.0364021385","-3.0364021385"
"693","-3.0748754585","-3.0748754585","-3.0748754585"
"694","-3.076591047","-3.076591047","-3.076591047"
"695","-3.056883266","-3.056883266","-3.056883266"
"696","-3.0797566164","-3.0797566164","-3.0797566164"
"697","-3.0336640191","-3.0336640191","-3.0336640191"
"698","-3.0818956375","-3.0818956375","-3.0818956375"
"699","-3.0653728378","-3.0653728378","-3.0653728378"
"700","-3.0503127909","-3.0503127909","-3.0503127909"
"701","-3.0828528917","-3.0828528917","-3.0828528917"
"702","-3.0554579067","-3.0554579067","-3.0554579067"
"703","-3.017244606","-3.017244606","-3.017244606"
"704","-3.0698197043","-3.0698197043","-3.0698197043"
"705","-3.0493940842","-3.0493940842","-3.0493940842"
"706","-3.0423172843","-3.0423172843","-3.0423172843"
"707","-3.0778966892","-3.0778966892","-3.0778966892"
"708","-3.0513627911","-3.0513627911","-3.0513627911"
"709","-3.1157705343","-3.1157705343","-3.1157705343"
"710","-2.9828144538","-2.9828144538","-2.9828144538"
"711","-3.0334089303","-3.0334089303","-3.0334089303"
"712","-3.0821489418","-3.0821489418","-3.0821489418"
"713","-3.0386482358","-3.0386482358","-3.0386482358"
"714","-3.0594153297","-3.0594153297","-3.0594153297"
"715","-3.0042247641","-3.0042247641","-3.0042247641"
"716","-3.0329375911","-3.0329375911","-3.0329375911"
"717","-3.0501783991","-3.0501783991","-3.0501783991"
"718","-3.0345732296","-3.0345732296","-3.0345732296"
"719","-3.0093843675","-3.0093843675","-3.0093843675"
"720","-3.0465364218","-3.0465364218","-3.0465364218"
"721","-3.0400686145","-3.0400686145","-3.0400686145"
"722","-3.0411468029","-3.0411468029","-3.0411468029"
"723","-3.0680996597","-3.0680996597","-3.0680996597"
"724","-2.9916230524","-2.9916230524","-2.9916230524"
"725","-3.0352333248","-3.0352333248","-3.0352333248"
"726","-3.0551502442","-3.0551502442","-3.0551502442"
"727","-3.0216782868","-3.0216782868","-3.0216782868"
"728","-3.0185961688","-3.0185961688","-3.0185961688"
"729","-3.0456611454","-3.0456611454","-3.0456611454"
"730","-3.0639198637","-3.0639198637","-3.0639198637"
"731","-3.0305362928","-3.0305362928","-3.0305362928"
"732","-3.0095778024","-3.0095778024","-3.0095778024"
"733","-3.0784269619","-3.0784269619","-3.0784269619"
"734","-3.1282863688","-3.1282863688","-3.1282863688"
"735","-3.0615621662","-3.0615621662","-3.0615621662"
"736","-3.029860239","-3.029860239","-3.029860239"
"737","-3.094393369","-3.094393369","-3.094393369"
"738","-3.0226802206","-3.0226802206","-3.0226802206"
"739","-3.04881603","-3.04881603","-3.04881603"
"740","-3.0671170974","-3.0671170974","-3.0671170974"
"741","-3.0911831868","-3.0911831868","-3.0911831868"
"742","-3.0549394703","-3.0549394703","-3.0549394703"
"743","-3.0860891616","-3.0860891616","-3.0860891616"
"744","-3.0159564316","-3.0159564316","-3.0159564316"
"745","-3.0634601307","-3.0634601307","-3.0634601307"
"746","-3.0514505899","-3.0514505899","-3.0514505899"
"747","-3.0878871417","-3.0878871417","-3.0878871417"
"748","-3.1207906353","-3.1207906353","-3.1207906353"
"749","-3.0801170897","-3.0801170897","-3.0801170897"
"750","-3.1156192291","-3.1156192291","-3.1156192291"
"751","-3.1697646022","-3.1697646022","-3.1697646022"
"752","-3.1668416655","-3.1668416655","-3.1668416655"
"753","-3.0812322724","-3.0812322724","-3.0812322724"
"754","-3.0924607325","-3.0924607325","-3.0924607325"
"755","-3.0680802023","-3.0680802023","-3.0680802023"
"756","-3.1772344446","-3.1772344446","-3.1772344446"
"757","-3.1538760996","-3.1538760996","-3.1538760996"
"758","-3.1235539901","-3.1235539901","-3.1235539901"
"759","-3.1683145082","-3.1683145082","-3.1683145082"
"760","-3.2179311585","-3.2179311585","-3.2179311585"
"761","-3.0734421813","-3.0734421813","-3.0734421813"
"762","-3.167172364","-3.167172364","-3.167172364"
"763","-3.1345593381","-3.1345593381","-3.1345593381"
"764","-3.1784358132","-3.1784358132","-3.1784358132"
"765","-3.1434995759","-3.1434995759","-3.1434995759"
"766","-3.189049958","-3.189049958","-3.189049958"
"767","-3.1761910415","-3.1761910415","-3.1761910415"
"768","-3.1276936495","-3.1276936495","-3.1276936495"
"769","-3.1330760992","-3.1330760992","-3.1330760992"
"770","-3.1230019069","-3.1230019069","-3.1230019069"
"771","-3.1324882662","-3.1324882662","-3.1324882662"
"772","-3.1537397313","-3.1537397313","-3.1537397313"
"773","-3.1523111498","-3.1523111498","-3.1523111498"
"774","-3.1492905772","-3.1492905772","-3.1492905772"
"775","-3.1747481477","-3.1747481477","-3.1747481477"
"776","-3.1544305027","-3.1544305027","-3.1544305027"
"777","-3.1436682975","-3.1436682975","-3.1436682975"
"778","-3.1466737103","-3.1466737103","-3.1466737103"
"779","-3.2205039251","-3.2205039251","-3.2205039251"
"780","-3.1713125777","-3.1713125777","-3.1713125777"
"781","-3.2772992635","-3.2772992635","-3.2772992635"
"782","-3.215202477","-3.215202477","-3.215202477"
"783","-3.229686451","-3.229686451","-3.229686451"
"784","-3.2526103413","-3.2526103413","-3.2526103413"
"785","-3.2404899228","-3.2404899228","-3.2404899228"
"786","-3.182464503","-3.182464503","-3.182464503"
"787","-3.2450274718","-3.2450274718","-3.2450274718"
"788","-3.2143389857","-3.2143389857","-3.2143389857"
"789","-3.2130439496","-3.2130439496","-3.2130439496"
"790","-3.2453786612","-3.2453786612","-3.2453786612"
"791","-3.2110111415","-3.2110111415","-3.2110111415"
"792","-3.2137836885","-3.2137836885","-3.2137836885"
"793","-3.2272588527","-3.2272588527","-3.2272588527"
"794","-3.228040874","-3.228040874","-3.228040874"
"795","-3.2862349737","-3.2862349737","-3.2862349737"
"796","-3.2892738628","-3.2892738628","-3.2892738628"
"797","-3.3121706724","-3.3121706724","-3.3121706724"
"798","-3.2695988405","-3.2695988405","-3.2695988405"
"799","-3.2441435039","-3.2441435039","-3.2441435039"
"800","-3.1906367183","-3.1906367183","-3.1906367183"
"801","-3.3000741816","-3.3000741816","-3.3000741816"
"802","-3.2739987397","-3.2739987397","-3.2739987397"
"803","-3.1778860939","-3.1778860939","-3.1778860939"
"804","-3.3067343235","-3.3067343235","-3.3067343235"
"805","-3.3276666617","-3.3276666617","-3.3276666617"
"806","-3.3512163544","-3.3512163544","-3.3512163544"
"807","-3.2163669121","-3.2163669121","-3.2163669121"
"808","-3.3151767671","-3.3151767671","-3.3151767671"
"809","-3.3197264969","-3.3197264969","-3.3197264969"
"810","-3.2947260451","-3.2947260451","-3.2947260451"
"811","-3.2844323218","-3.2844323218","-3.2844323218"
"812","-3.2843379807","-3.2843379807","-3.2843379807"
"813","-3.2701325595","-3.2701325595","-3.2701325595"
"814","-3.3638368356","-3.3638368356","-3.3638368356"
"815","-3.3292270076","-3.3292270076","-3.3292270076"
"816","-3.3167135739","-3.3167135739","-3.3167135739"
"817","-3.2562562263","-3.2562562263","-3.2562562263"
"818","-3.3938225234","-3.3938225234","-3.3938225234"
"819","-3.3265070641","-3.3265070641","-3.3265070641"
"820","-3.3218085718","-3.3218085718","-3.3218085718"
"821","-3.3396327984","-3.3396327984","-3.3396327984"
"822","-3.3640869129","-3.3640869129","-3.3640869129"
"823","-3.388058579","-3.388058579","-3.388058579"
"824","-3.3723623097","-3.3723623097","-3.3723623097"
"825","-3.3380117524","-3.3380117524","-3.3380117524"
"826","-3.3352394342","-3.3352394342","-3.3352394342"
"827","-3.3835018659","-3.3835018659","-3.3835018659"
"828","-3.3984189332","-3.3984189332","-3.3984189332"
"829","-3.4530023515","-3.4530023515","-3.4530023515"
"830","-3.453060919","-3.453060919","-3.453060919"
"831","-3.4369917858","-3.4369917858","-3.4369917858"
"832","-3.4088599539","-3.4088599539","-3.4088599539"
"833","-3.4686357486","-3.4686357486","-3.4686357486"
"834","-3.4486700261","-3.4486700261","-3.4486700261"
"835","-3.4763031578","-3.4763031578","-3.4763031578"
"836","-3.5253746271","-3.5253746271","-3.5253746271"
"837","-3.4380073416","-3.4380073416","-3.4380073416"
"838","-3.4777676618","-3.4777676618","-3.4777676618"
"839","-3.5122277224","-3.5122277224","-3.5122277224"
"840","-3.4771239066","-3.4771239066","-3.4771239066"
"841","-3.413868041","-3.413868041","-3.413868041"
"842","-3.5403064346","-3.5403064346","-3.5403064346"
"843","-3.4576002848","-3.4576002848","-3.4576002848"
"844","-3.501926074","-3.501926074","-3.501926074"
"845","-3.6163389003","-3.6163389003","-3.6163389003"
"846","-3.5584901464","-3.5584901464","-3.5584901464"
"847","-3.5568290091","-3.5568290091","-3.5568290091"
"848","-3.5640356374","-3.5640356374","-3.5640356374"
"849","-3.6230019724","-3.6230019724","-3.6230019724"
"850","-3.5836903846","-3.5836903846","-3.5836903846"
"851","-3.5844505036","-3.5844505036","-3.5844505036"
"852","-3.6169270051","-3.6169270051","-3.6169270051"
"853","-3.6447337425","-3.6447337425","-3.6447337425"
"854","-3.6139258099","-3.6139258099","-3.6139258099"
"855","-3.6304926324","-3.6304926324","-3.6304926324"
"856","-3.6227206838","-3.6227206838","-3.6227206838"
"857","-3.6736356807","-3.6736356807","-3.6736356807"
"858","-3.6203251028","-3.6203251028","-3.6203251028"
"859","-3.6293025243","-3.6293025243","-3.6293025243"
"860","-3.7120973217","-3.7120973217","-3.7120973217"
"861","-3.5992727554","-3.5992727554","-3.5992727554"
"862","-3.5981839561","-3.5981839561","-3.5981839561"
"863","-3.6906303132","-3.6906303132","-3.6906303132"
"864","-3.7023101234","-3.7023101234","-3.7023101234"
"865","-3.7370196748","-3.7370196748","-3.7370196748"
"866","-3.7036101496","-3.7036101496","-3.7036101496"
"867","-3.7019647014","-3.7019647014","-3.7019647014"
"868","-3.6995155346","-3.6995155346","-3.6995155346"
"869","-3.6876501286","-3.6876501286","-3.6876501286"
"870","-3.7062371731","-3.7062371731","-3.7062371731"
"871","-3.6866582978","-3.6866582978","-3.6866582978"
"872","-3.6963565791","-3.6963565791","-3.6963565791"
"873","-3.659451263","-3.659451263","-3.659451263"
"874","-3.667134546","-3.667134546","-3.667134546"
"875","-3.670568167","-3.670568167","-3.670568167"
"876","-3.7880666041","-3.7880666041","-3.7880666041"
"877","-3.7503172278","-3.7503172278","-3.7503172278"
"878","-3.730580647","-3.730580647","-3.730580647"
"879","-3.7459912598","-3.7459912598","-3.7459912598"
"880","-3.7528440392","-3.7528440392","-3.7528440392"
"881","-3.8015124452","-3.8015124452","-3.8015124452"
"882","-3.7662006891","-3.7662006891","-3.7662006891"
"883","-3.7300880837","-3.7300880837","-3.7300880837"
"884","-3.8122976196","-3.8122976196","-3.8122976196"
"885","-3.7431478369","-3.7431478369","-3.7431478369"
"886","-3.8055757737","-3.8055757737","-3.8055757737"
"887","-3.7860126936","-3.7860126936","-3.7860126936"
"888","-3.7747988188","-3.7747988188","-3.7747988188"
"889","-3.7527652657","-3.7527652657","-3.7527652657"
"890","-3.8207968497","-3.8207968497","-3.8207968497"
"891","-3.8623169208","-3.8623169208","-3.8623169208"
"892","-3.8679607642","-3.8679607642","-3.8679607642"
"893","-3.7826720691","-3.7826720691","-3.7826720691"
"894","-3.7295894873","-3.7295894873","-3.7295894873"
"895","-3.8461668706","-3.8461668706","-3.8461668706"
"896","-3.7739646506","-3.7739646506","-3.7739646506"
"897","-3.8806259668","-3.8806259668","-3.8806259668"
"898","-3.7911145544","-3.7911145544","-3.7911145544"
"899","-3.8466384137","-3.8466384137","-3.8466384137"
"900","-3.8850733256","-3.8850733256","-3.8850733256"
"901","-3.8317449498","-3.8317449498","-3.8317449498"
"902","-3.8711799753","-3.8711799753","-3.8711799753"
"903","-3.8789867318","-3.8789867318","-3.8789867318"
"904","-3.9564810371","-3.9564810371","-3.9564810371"
"905","-3.8639023864","-3.8639023864","-3.8639023864"
"906","-3.9052049983","-3.9052049983","-3.9052049983"
"907","-3.8882649553","-3.8882649553","-3.8882649553"
"908","-3.8837577438","-3.8837577438","-3.8837577438"
"909","-3.8902363193","-3.8902363193","-3.8902363193"
"910","-3.9331960917","-3.9331960917","-3.9331960917"
"911","-3.9150255442","-3.9150255442","-3.9150255442"
"912","-3.9071381462","-3.9071381462","-3.9071381462"
"913","-3.9010014844","-3.9010014844","-3.9010014844"
"914","-3.9557077324","-3.9557077324","-3.9557077324"
"915","-3.9829159462","-3.9829159462","-3.9829159462"
"916","-3.9044999897","-3.9044999897","-3.9044999897"
"917","-4.0125554943","-4.0125554943","-4.0125554943"
"918","-3.9206339872","-3.9206339872","-3.9206339872"
"919","-3.9998380256","-3.9998380256","-3.9998380256"
"920","-3.9470653796","-3.9470653796","-3.9470653796"
"921","-3.902317872","-3.902317872","-3.902317872"
"922","-4.0081135178","-4.0081135178","-4.0081135178"
"923","-3.9915831494","-3.9915831494","-3.9915831494"
"924","-3.9585120451","-3.9585120451","-3.9585120451"
"925","-3.8981290257","-3.8981290257","-3.8981290257"
"926","-3.9865417552","-3.9865417552","-3.9865417552"
"927","-3.9770961881","-3.9770961881","-3.9770961881"
"928","-4.0762037742","-4.0762037742","-4.0762037742"
"929","-3.9994859064","-3.9994859064","-3.9994859064"
"930","-4.0601639092","-4.0601639092","-4.0601639092"
"931","-3.9981382024","-3.9981382024","-3.9981382024"
"932","-3.9722219431","-3.9722219431","-3.9722219431"
"933","-4.0177845335","-4.0177845335","-4.0177845335"
"934","-4.0552398682","-4.0552398682","-4.0552398682"
"935","-3.9734152818","-3.9734152818","-3.9734152818"
"936","-4.0804563057","-4.0804563057","-4.0804563057"
"937","-4.0640894866","-4.0640894866","-4.0640894866"
"938","-3.986839577","-3.986839577","-3.986839577"
"939","-4.0233100557","-4.0233100557","-4.0233100557"
"940","-4.0303560066","-4.0303560066","-4.0303560066"
"941","-3.9806216037","-3.9806216037","-3.9806216037"
"942","-4.0940018928","-4.0940018928","-4.0940018928"
"943","-4.0216277206","-4.0216277206","-4.0216277206"
"944","-4.0760912752","-4.0760912752","-4.0760912752"
"945","-4.0275487411","-4.0275487411","-4.0275487411"
"946","-4.0796262646","-4.0796262646","-4.0796262646"
"947","-4.0879480207","-4.0879480207","-4.0879480207"
"948","-4.1179598796","-4.1179598796","-4.1179598796"
"949","-4.0212348819","-4.0212348819","-4.0212348819"
"950","-4.086346941","-4.086346941","-4.086346941"
"951","-4.1469537222","-4.1469537222","-4.1469537222"
"952","-4.0792159593","-4.0792159593","-4.0792159593"
"953","-4.1463637686","-4.1463637686","-4.1463637686"
"954","-4.1289832473","-4.1289832473","-4.1289832473"
"955","-4.0928567696","-4.0928567696","-4.0928567696"
"956","-4.1176380885","-4.1176380885","-4.1176380885"
"957","-4.1077098739","-4.1077098739","-4.1077098739"
"958","-4.1628467548","-4.1628467548","-4.1628467548"
"959","-3.9756024587","-3.9756024587","-3.9756024587"
"960","-4.0809893692","-4.0809893692","-4.0809893692"
"961","-4.0931505454","-4.0931505454","-4.0931505454"
"962","-4.1974634469","-4.1974634469","-4.1974634469"
"963","-4.1169213915","-4.1169213915","-4.1169213915"
"964","-4.1100788593","-4.1100788593","-4.1100788593"
"965","-4.1065420568","-4.1065420568","-4.1065420568"
"966","-4.1730904639","-4.1730904639","-4.1730904639"
"967","-4.185021044","-4.185021044","-4.185021044"
"968","-4.2081910706","-4.2081910706","-4.2081910706"
"969","-4.1278659236","-4.1278659236","-4.1278659236"
"970","-4.0866206241","-4.0866206241","-4.0866206241"
"971","-4.1238773382","-4.1238773382","-4.1238773382"
"972","-4.1139712512","-4.1139712512","-4.1139712512"
"973","-4.2153608739","-4.2153608739","-4.2153608739"
"974","-4.171283797","-4.171283797","-4.171283797"
"975","-4.152034955","-4.152034955","-4.152034955"
"976","-4.0948992229","-4.0948992229","-4.0948992229"
"977","-4.1840124667","-4.1840124667","-4.1840124667"
"978","-4.1966636813","-4.1966636813","-4.1966636813"
"979","-4.1669918156","-4.1669918156","-4.1669918156"
"980","-4.2092247736","-4.2092247736","-4.2092247736"
"981","-4.2320128405","-4.2320128405","-4.2320128405"
"982","-4.1780563796","-4.1780563796","-4.1780563796"
"983","-4.2758868527","-4.2758868527","-4.2758868527"
"984","-4.1994967151","-4.1994967151","-4.1994967151"
"985","-4.2192639613","-4.2192639613","-4.2192639613"
"986","-4.2102134871","-4.2102134871","-4.2102134871"
"987","-4.2824653924","-4.2824653924","-4.2824653924"
"988","-4.2495058489","-4.2495058489","-4.2495058489"
"989","-4.2031631863","-4.2031631863","-4.2031631863"
"990","-4.2182736099","-4.2182736099","-4.2182736099"
"991","-4.3011644411","-4.3011644411","-4.3011644411"
"992","-4.2651408303","-4.2651408303","-4.2651408303"
"993","-4.2981690538","-4.2981690538","-4.2981690538"
"994","-4.258899709","-4.258899709","-4.258899709"
"995","-4.3072840631","-4.3072840631","-4.3072840631"
"996","-4.3722516894","-4.3722516894","-4.3722516894"
"997","-4.2608976328","-4.2608976328","-4.2608976328"
"998","-4.3452534711","-4.3452534711","-4.3452534711"
"999","-4.3134264326","-4.3134264326","-4.3134264326"