"Step","DDPG_short_test_track_LIDAR - loss_critic","DDPG_short_test_track_LIDAR - loss_critic__MIN","DDPG_short_test_track_LIDAR - loss_critic__MAX"
"0","7.2912535226","7.2912535226","7.2912535226"
"1","2.3127001679","2.3127001679","2.3127001679"
"2","2.5879704028","2.5879704028","2.5879704028"
"3","2.8195362115","2.8195362115","2.8195362115"
"4","2.6411405057","2.6411405057","2.6411405057"
"5","2.6329342705","2.6329342705","2.6329342705"
"6","2.6806667066","2.6806667066","2.6806667066"
"7","2.739798407","2.739798407","2.739798407"
"8","2.5810725403","2.5810725403","2.5810725403"
"9","2.4578739893","2.4578739893","2.4578739893"
"10","2.2424015194","2.2424015194","2.2424015194"
"11","1.9909892172","1.9909892172","1.9909892172"
"12","1.9521220037","1.9521220037","1.9521220037"
"13","1.730316993","1.730316993","1.730316993"
"14","1.6427208138","1.6427208138","1.6427208138"
"15","1.4294211397","1.4294211397","1.4294211397"
"16","1.4994115451","1.4994115451","1.4994115451"
"17","1.2313733089","1.2313733089","1.2313733089"
"18","1.227399154","1.227399154","1.227399154"
"19","1.0307204357","1.0307204357","1.0307204357"
"20","0.9770785832","0.9770785832","0.9770785832"
"21","0.981915641","0.981915641","0.981915641"
"22","0.8390250644","0.8390250644","0.8390250644"
"23","0.9966850579","0.9966850579","0.9966850579"
"24","0.8098486608","0.8098486608","0.8098486608"
"25","0.9329405065","0.9329405065","0.9329405065"
"26","0.8450426479","0.8450426479","0.8450426479"
"27","1.0391915904","1.0391915904","1.0391915904"
"28","0.7844663858","0.7844663858","0.7844663858"
"29","0.8175647222","0.8175647222","0.8175647222"
"30","0.7116776197","0.7116776197","0.7116776197"
"31","0.7976283132","0.7976283132","0.7976283132"
"32","0.6691479726","0.6691479726","0.6691479726"
"33","0.7267695737","0.7267695737","0.7267695737"
"34","0.5823376586","0.5823376586","0.5823376586"
"35","0.64298057","0.64298057","0.64298057"
"36","0.533084906","0.533084906","0.533084906"
"37","0.5702336812","0.5702336812","0.5702336812"
"38","0.4576218607","0.4576218607","0.4576218607"
"39","0.4496553117","0.4496553117","0.4496553117"
"40","0.3782242727","0.3782242727","0.3782242727"
"41","0.4932781633","0.4932781633","0.4932781633"
"42","0.3631558862","0.3631558862","0.3631558862"
"43","0.3890295517","0.3890295517","0.3890295517"
"44","0.3287765984","0.3287765984","0.3287765984"
"45","0.5003152744","0.5003152744","0.5003152744"
"46","0.3268753143","0.3268753143","0.3268753143"
"47","0.2993025963","0.2993025963","0.2993025963"
"48","0.3160230158","0.3160230158","0.3160230158"
"49","0.2640813475","0.2640813475","0.2640813475"
"50","0.3346565358","0.3346565358","0.3346565358"
"51","0.2424994491","0.2424994491","0.2424994491"
"52","0.3449291015","0.3449291015","0.3449291015"
"53","0.2432935925","0.2432935925","0.2432935925"
"54","0.3889872921","0.3889872921","0.3889872921"
"55","0.2606546547","0.2606546547","0.2606546547"
"56","0.3281440108","0.3281440108","0.3281440108"
"57","0.2509734433","0.2509734433","0.2509734433"
"58","0.2540279992","0.2540279992","0.2540279992"
"59","0.2283398954","0.2283398954","0.2283398954"
"60","0.2713818073","0.2713818073","0.2713818073"
"61","0.2238959442","0.2238959442","0.2238959442"
"62","0.2064965887","0.2064965887","0.2064965887"
"63","0.2187228884","0.2187228884","0.2187228884"
"64","0.2067022483","0.2067022483","0.2067022483"
"65","0.22932225","0.22932225","0.22932225"
"66","0.1950486401","0.1950486401","0.1950486401"
"67","0.213436884","0.213436884","0.213436884"
"68","0.16917124","0.16917124","0.16917124"
"69","0.1486072262","0.1486072262","0.1486072262"
"70","0.2271398558","0.2271398558","0.2271398558"
"71","0.1542558018","0.1542558018","0.1542558018"
"72","0.2726570858","0.2726570858","0.2726570858"
"73","0.1970505778","0.1970505778","0.1970505778"
"74","0.1960738631","0.1960738631","0.1960738631"
"75","0.1604193323","0.1604193323","0.1604193323"
"76","0.1808062809","0.1808062809","0.1808062809"
"77","0.1511999621","0.1511999621","0.1511999621"
"78","0.1505920784","0.1505920784","0.1505920784"
"79","0.143089604","0.143089604","0.143089604"
"80","0.1375899926","0.1375899926","0.1375899926"
"81","0.1204074914","0.1204074914","0.1204074914"
"82","0.1729675094","0.1729675094","0.1729675094"
"83","0.1358660387","0.1358660387","0.1358660387"
"84","0.1336086483","0.1336086483","0.1336086483"
"85","0.120238767","0.120238767","0.120238767"
"86","0.1958630262","0.1958630262","0.1958630262"
"87","0.1187595404","0.1187595404","0.1187595404"
"88","0.1846390535","0.1846390535","0.1846390535"
"89","0.137117286","0.137117286","0.137117286"
"90","0.1649110839","0.1649110839","0.1649110839"
"91","0.1202485733","0.1202485733","0.1202485733"
"92","0.1159458094","0.1159458094","0.1159458094"
"93","0.1820709323","0.1820709323","0.1820709323"
"94","0.1214167326","0.1214167326","0.1214167326"
"95","0.1823834648","0.1823834648","0.1823834648"
"96","0.1365367352","0.1365367352","0.1365367352"
"97","0.1924198695","0.1924198695","0.1924198695"
"98","0.1221789221","0.1221789221","0.1221789221"
"99","0.1145519617","0.1145519617","0.1145519617"
"100","0.1016312442","0.1016312442","0.1016312442"
"101","0.1472422422","0.1472422422","0.1472422422"
"102","0.1017503226","0.1017503226","0.1017503226"
"103","0.1615395753","0.1615395753","0.1615395753"
"104","0.1157565773","0.1157565773","0.1157565773"
"105","0.1487067972","0.1487067972","0.1487067972"
"106","0.1188222711","0.1188222711","0.1188222711"
"107","0.129041944","0.129041944","0.129041944"
"108","0.1174691669","0.1174691669","0.1174691669"
"109","0.1402340619","0.1402340619","0.1402340619"
"110","0.1096681004","0.1096681004","0.1096681004"
"111","0.1089539056","0.1089539056","0.1089539056"
"112","0.0977653827","0.0977653827","0.0977653827"
"113","0.1080709277","0.1080709277","0.1080709277"
"114","0.1403363546","0.1403363546","0.1403363546"
"115","0.1194756405","0.1194756405","0.1194756405"
"116","0.1068026186","0.1068026186","0.1068026186"
"117","0.1296252605","0.1296252605","0.1296252605"
"118","0.1053352706","0.1053352706","0.1053352706"
"119","0.104176291","0.104176291","0.104176291"
"120","0.1095372168","0.1095372168","0.1095372168"
"121","0.1004037749","0.1004037749","0.1004037749"
"122","0.1013751565","0.1013751565","0.1013751565"
"123","0.0950614949","0.0950614949","0.0950614949"
"124","0.0986626571","0.0986626571","0.0986626571"
"125","0.1168001597","0.1168001597","0.1168001597"
"126","0.0880353229","0.0880353229","0.0880353229"
"127","0.0873284134","0.0873284134","0.0873284134"
"128","0.0916900197","0.0916900197","0.0916900197"
"129","0.0779401246","0.0779401246","0.0779401246"
"130","0.0905830889","0.0905830889","0.0905830889"
"131","0.0772572115","0.0772572115","0.0772572115"
"132","0.0764926266","0.0764926266","0.0764926266"
"133","0.0918846263","0.0918846263","0.0918846263"
"134","0.0819239477","0.0819239477","0.0819239477"
"135","0.0800932911","0.0800932911","0.0800932911"
"136","0.0682556423","0.0682556423","0.0682556423"
"137","0.0676352392","0.0676352392","0.0676352392"
"138","0.0722286576","0.0722286576","0.0722286576"
"139","0.0644239615","0.0644239615","0.0644239615"
"140","0.0809947648","0.0809947648","0.0809947648"
"141","0.0611985818","0.0611985818","0.0611985818"
"142","0.0634688551","0.0634688551","0.0634688551"
"143","0.0599430818","0.0599430818","0.0599430818"
"144","0.0502030686","0.0502030686","0.0502030686"
"145","0.0523267416","0.0523267416","0.0523267416"
"146","0.0624473594","0.0624473594","0.0624473594"
"147","0.0548467868","0.0548467868","0.0548467868"
"148","0.0755789909","0.0755789909","0.0755789909"
"149","0.0537358967","0.0537358967","0.0537358967"
"150","0.0787854859","0.0787854859","0.0787854859"
"151","0.0921335176","0.0921335176","0.0921335176"
"152","0.1087143582","0.1087143582","0.1087143582"
"153","0.0838057766","0.0838057766","0.0838057766"
"154","0.0699472646","0.0699472646","0.0699472646"
"155","0.0594346548","0.0594346548","0.0594346548"
"156","0.1256130015","0.1256130015","0.1256130015"
"157","0.0806886263","0.0806886263","0.0806886263"
"158","0.1414012418","0.1414012418","0.1414012418"
"159","0.0985854081","0.0985854081","0.0985854081"
"160","0.1012124873","0.1012124873","0.1012124873"
"161","0.0806187859","0.0806187859","0.0806187859"
"162","0.0724789508","0.0724789508","0.0724789508"
"163","0.0742021119","0.0742021119","0.0742021119"
"164","0.0734887741","0.0734887741","0.0734887741"
"165","0.0807302936","0.0807302936","0.0807302936"
"166","0.0658366058","0.0658366058","0.0658366058"
"167","0.0662686805","0.0662686805","0.0662686805"
"168","0.0765116693","0.0765116693","0.0765116693"
"169","0.0688889576","0.0688889576","0.0688889576"
"170","0.0641762551","0.0641762551","0.0641762551"
"171","0.0612268245","0.0612268245","0.0612268245"
"172","0.062155418","0.062155418","0.062155418"
"173","0.0825667217","0.0825667217","0.0825667217"
"174","0.0804602385","0.0804602385","0.0804602385"
"175","0.0664243963","0.0664243963","0.0664243963"
"176","0.0612258985","0.0612258985","0.0612258985"
"177","0.0732436207","0.0732436207","0.0732436207"
"178","0.0676052846","0.0676052846","0.0676052846"
"179","0.0751571317","0.0751571317","0.0751571317"
"180","0.0640604742","0.0640604742","0.0640604742"
"181","0.0887099665","0.0887099665","0.0887099665"
"182","0.0737207814","0.0737207814","0.0737207814"
"183","0.0735341465","0.0735341465","0.0735341465"
"184","0.0693314005","0.0693314005","0.0693314005"
"185","0.0688147731","0.0688147731","0.0688147731"
"186","0.0674958528","0.0674958528","0.0674958528"
"187","0.0866744875","0.0866744875","0.0866744875"
"188","0.0835274922","0.0835274922","0.0835274922"
"189","0.080470266","0.080470266","0.080470266"
"190","0.074777279","0.074777279","0.074777279"
"191","0.0765412038","0.0765412038","0.0765412038"
"192","0.0717932107","0.0717932107","0.0717932107"
"193","0.0896354939","0.0896354939","0.0896354939"
"194","0.0763593902","0.0763593902","0.0763593902"
"195","0.098507062","0.098507062","0.098507062"
"196","0.0802183634","0.0802183634","0.0802183634"
"197","0.0753431796","0.0753431796","0.0753431796"
"198","0.0882051563","0.0882051563","0.0882051563"
"199","0.0820408919","0.0820408919","0.0820408919"
"200","0.0837424349","0.0837424349","0.0837424349"
"201","0.078445411","0.078445411","0.078445411"
"202","0.0776898941","0.0776898941","0.0776898941"
"203","0.1122481779","0.1122481779","0.1122481779"
"204","0.107311024","0.107311024","0.107311024"
"205","0.094153695","0.094153695","0.094153695"
"206","0.0862514029","0.0862514029","0.0862514029"
"207","0.0947505672","0.0947505672","0.0947505672"
"208","0.0956950337","0.0956950337","0.0956950337"
"209","0.0937445171","0.0937445171","0.0937445171"
"210","0.1051417009","0.1051417009","0.1051417009"
"211","0.1061698977","0.1061698977","0.1061698977"
"212","0.0954154664","0.0954154664","0.0954154664"
"213","0.0958375223","0.0958375223","0.0958375223"
"214","0.0928245696","0.0928245696","0.0928245696"
"215","0.0857771239","0.0857771239","0.0857771239"
"216","0.1025399045","0.1025399045","0.1025399045"
"217","0.0994420244","0.0994420244","0.0994420244"
"218","0.1210810953","0.1210810953","0.1210810953"
"219","0.1112671489","0.1112671489","0.1112671489"
"220","0.1001174232","0.1001174232","0.1001174232"
"221","0.1083887261","0.1083887261","0.1083887261"
"222","0.1021312091","0.1021312091","0.1021312091"
"223","0.099329576","0.099329576","0.099329576"
"224","0.103274355","0.103274355","0.103274355"
"225","0.1021550726","0.1021550726","0.1021550726"
"226","0.121823437","0.121823437","0.121823437"
"227","0.119635079","0.119635079","0.119635079"
"228","0.0990169286","0.0990169286","0.0990169286"
"229","0.1195026081","0.1195026081","0.1195026081"
"230","0.1078778376","0.1078778376","0.1078778376"
"231","0.113582078","0.113582078","0.113582078"
"232","0.1116218408","0.1116218408","0.1116218408"
"233","0.0994352929","0.0994352929","0.0994352929"
"234","0.1391502523","0.1391502523","0.1391502523"
"235","0.1203119813","0.1203119813","0.1203119813"
"236","0.1222161089","0.1222161089","0.1222161089"
"237","0.1100781961","0.1100781961","0.1100781961"
"238","0.128851596","0.128851596","0.128851596"
"239","0.1169160762","0.1169160762","0.1169160762"
"240","0.1120003481","0.1120003481","0.1120003481"
"241","0.1128824511","0.1128824511","0.1128824511"
"242","0.1150308955","0.1150308955","0.1150308955"
"243","0.1067271683","0.1067271683","0.1067271683"
"244","0.1232910364","0.1232910364","0.1232910364"
"245","0.1199472935","0.1199472935","0.1199472935"
"246","0.1133504055","0.1133504055","0.1133504055"
"247","0.1105141622","0.1105141622","0.1105141622"
"248","0.1125390319","0.1125390319","0.1125390319"
"249","0.1210565924","0.1210565924","0.1210565924"
"250","0.1035413992","0.1035413992","0.1035413992"
"251","0.1034917311","0.1034917311","0.1034917311"
"252","0.1015314755","0.1015314755","0.1015314755"
"253","0.1070624931","0.1070624931","0.1070624931"
"254","0.1114883975","0.1114883975","0.1114883975"
"255","0.1229544775","0.1229544775","0.1229544775"
"256","0.109449068","0.109449068","0.109449068"
"257","0.1116176116","0.1116176116","0.1116176116"
"258","0.1159856067","0.1159856067","0.1159856067"
"259","0.1116357721","0.1116357721","0.1116357721"
"260","0.1215123714","0.1215123714","0.1215123714"
"261","0.1148340895","0.1148340895","0.1148340895"
"262","0.1278276131","0.1278276131","0.1278276131"
"263","0.1195620853","0.1195620853","0.1195620853"
"264","0.1175002569","0.1175002569","0.1175002569"
"265","0.1332118655","0.1332118655","0.1332118655"
"266","0.1295481386","0.1295481386","0.1295481386"
"267","0.1148613627","0.1148613627","0.1148613627"
"268","0.1160874692","0.1160874692","0.1160874692"
"269","0.112932203","0.112932203","0.112932203"
"270","0.1161218584","0.1161218584","0.1161218584"
"271","0.1108460733","0.1108460733","0.1108460733"
"272","0.1512064644","0.1512064644","0.1512064644"
"273","0.1415436699","0.1415436699","0.1415436699"
"274","0.1358365208","0.1358365208","0.1358365208"
"275","0.1292599177","0.1292599177","0.1292599177"
"276","0.1438679951","0.1438679951","0.1438679951"
"277","0.1325380849","0.1325380849","0.1325380849"
"278","0.1263262334","0.1263262334","0.1263262334"
"279","0.1302946268","0.1302946268","0.1302946268"
"280","0.1206992441","0.1206992441","0.1206992441"
"281","0.1232707567","0.1232707567","0.1232707567"
"282","0.1213762644","0.1213762644","0.1213762644"
"283","0.1364107406","0.1364107406","0.1364107406"
"284","0.1458611882","0.1458611882","0.1458611882"
"285","0.144610168","0.144610168","0.144610168"
"286","0.1529030606","0.1529030606","0.1529030606"
"287","0.1364533541","0.1364533541","0.1364533541"
"288","0.1376080373","0.1376080373","0.1376080373"
"289","0.1358218219","0.1358218219","0.1358218219"
"290","0.1270728019","0.1270728019","0.1270728019"
"291","0.1352053437","0.1352053437","0.1352053437"
"292","0.1273235509","0.1273235509","0.1273235509"
"293","0.1507555949","0.1507555949","0.1507555949"
"294","0.141308613","0.141308613","0.141308613"
"295","0.1410966873","0.1410966873","0.1410966873"
"296","0.1334428606","0.1334428606","0.1334428606"
"297","0.12707565","0.12707565","0.12707565"
"298","0.1315364735","0.1315364735","0.1315364735"
"299","0.1230011334","0.1230011334","0.1230011334"
"300","0.1573162622","0.1573162622","0.1573162622"
"301","0.1437703889","0.1437703889","0.1437703889"
"302","0.1382306372","0.1382306372","0.1382306372"
"303","0.1479181973","0.1479181973","0.1479181973"
"304","0.1426249977","0.1426249977","0.1426249977"
"305","0.1394128077","0.1394128077","0.1394128077"
"306","0.1398802049","0.1398802049","0.1398802049"
"307","0.1358031384","0.1358031384","0.1358031384"
"308","0.1346169782","0.1346169782","0.1346169782"
"309","0.1392944709","0.1392944709","0.1392944709"
"310","0.1349000707","0.1349000707","0.1349000707"
"311","0.1434946674","0.1434946674","0.1434946674"
"312","0.1324511467","0.1324511467","0.1324511467"
"313","0.1417778774","0.1417778774","0.1417778774"
"314","0.1381516692","0.1381516692","0.1381516692"
"315","0.1423316474","0.1423316474","0.1423316474"
"316","0.1533766725","0.1533766725","0.1533766725"
"317","0.1362348448","0.1362348448","0.1362348448"
"318","0.1446463375","0.1446463375","0.1446463375"
"319","0.1487367522","0.1487367522","0.1487367522"
"320","0.1493728653","0.1493728653","0.1493728653"
"321","0.1486931306","0.1486931306","0.1486931306"
"322","0.1469332838","0.1469332838","0.1469332838"
"323","0.1423814674","0.1423814674","0.1423814674"
"324","0.1360795056","0.1360795056","0.1360795056"
"325","0.1433004401","0.1433004401","0.1433004401"
"326","0.1459421769","0.1459421769","0.1459421769"
"327","0.1419660628","0.1419660628","0.1419660628"
"328","0.1714804734","0.1714804734","0.1714804734"
"329","0.1551423098","0.1551423098","0.1551423098"
"330","0.1576549432","0.1576549432","0.1576549432"
"331","0.1610757233","0.1610757233","0.1610757233"
"332","0.1544441159","0.1544441159","0.1544441159"
"333","0.1786322253","0.1786322253","0.1786322253"
"334","0.1799789679","0.1799789679","0.1799789679"
"335","0.1623345416","0.1623345416","0.1623345416"
"336","0.1736185923","0.1736185923","0.1736185923"
"337","0.1644155732","0.1644155732","0.1644155732"
"338","0.168802667","0.168802667","0.168802667"
"339","0.1609395137","0.1609395137","0.1609395137"
"340","0.1604216721","0.1604216721","0.1604216721"
"341","0.1542349545","0.1542349545","0.1542349545"
"342","0.1758554607","0.1758554607","0.1758554607"
"343","0.1738626247","0.1738626247","0.1738626247"
"344","0.163043166","0.163043166","0.163043166"
"345","0.165176242","0.165176242","0.165176242"
"346","0.1564800156","0.1564800156","0.1564800156"
"347","0.1459852165","0.1459852165","0.1459852165"
"348","0.1601159486","0.1601159486","0.1601159486"
"349","0.1531609271","0.1531609271","0.1531609271"
"350","0.1613642739","0.1613642739","0.1613642739"
"351","0.174394036","0.174394036","0.174394036"
"352","0.1736560498","0.1736560498","0.1736560498"
"353","0.1691988967","0.1691988967","0.1691988967"
"354","0.1691080841","0.1691080841","0.1691080841"
"355","0.1666469743","0.1666469743","0.1666469743"
"356","0.1736519986","0.1736519986","0.1736519986"
"357","0.1948202562","0.1948202562","0.1948202562"
"358","0.1952386448","0.1952386448","0.1952386448"
"359","0.1891875339","0.1891875339","0.1891875339"
"360","0.1888981272","0.1888981272","0.1888981272"
"361","0.1747562776","0.1747562776","0.1747562776"
"362","0.2151479186","0.2151479186","0.2151479186"
"363","0.2000541817","0.2000541817","0.2000541817"
"364","0.1906376351","0.1906376351","0.1906376351"
"365","0.1890891459","0.1890891459","0.1890891459"
"366","0.1966915025","0.1966915025","0.1966915025"
"367","0.184511841","0.184511841","0.184511841"
"368","0.1838149606","0.1838149606","0.1838149606"
"369","0.185501567","0.185501567","0.185501567"
"370","0.1791160185","0.1791160185","0.1791160185"
"371","0.1752636209","0.1752636209","0.1752636209"
"372","0.210834285","0.210834285","0.210834285"
"373","0.2033673677","0.2033673677","0.2033673677"
"374","0.1962890505","0.1962890505","0.1962890505"
"375","0.2008468494","0.2008468494","0.2008468494"
"376","0.1925634572","0.1925634572","0.1925634572"
"377","0.2113406204","0.2113406204","0.2113406204"
"378","0.2067937915","0.2067937915","0.2067937915"
"379","0.1998734919","0.1998734919","0.1998734919"
"380","0.1953756266","0.1953756266","0.1953756266"
"381","0.2017451481","0.2017451481","0.2017451481"
"382","0.2189924562","0.2189924562","0.2189924562"
"383","0.2236451519","0.2236451519","0.2236451519"
"384","0.2221162661","0.2221162661","0.2221162661"
"385","0.2187406811","0.2187406811","0.2187406811"
"386","0.2123046945","0.2123046945","0.2123046945"
"387","0.2101776107","0.2101776107","0.2101776107"
"388","0.2043256411","0.2043256411","0.2043256411"
"389","0.220188805","0.220188805","0.220188805"
"390","0.2164959051","0.2164959051","0.2164959051"
"391","0.2130533829","0.2130533829","0.2130533829"
"392","0.2231563905","0.2231563905","0.2231563905"
"393","0.2309337296","0.2309337296","0.2309337296"
"394","0.2089503471","0.2089503471","0.2089503471"
"395","0.1984057641","0.1984057641","0.1984057641"
"396","0.203578844","0.203578844","0.203578844"
"397","0.2106654262","0.2106654262","0.2106654262"
"398","0.2156952924","0.2156952924","0.2156952924"
"399","0.2141620428","0.2141620428","0.2141620428"
"400","0.2094067669","0.2094067669","0.2094067669"
"401","0.206747219","0.206747219","0.206747219"
"402","0.209302409","0.209302409","0.209302409"
"403","0.2119359609","0.2119359609","0.2119359609"
"404","0.2124586474","0.2124586474","0.2124586474"
"405","0.2285265526","0.2285265526","0.2285265526"
"406","0.2207579396","0.2207579396","0.2207579396"
"407","0.2149560955","0.2149560955","0.2149560955"
"408","0.2214910386","0.2214910386","0.2214910386"
"409","0.2369514549","0.2369514549","0.2369514549"
"410","0.2181581618","0.2181581618","0.2181581618"
"411","0.2198281274","0.2198281274","0.2198281274"
"412","0.2241709489","0.2241709489","0.2241709489"
"413","0.2374447969","0.2374447969","0.2374447969"
"414","0.2433476233","0.2433476233","0.2433476233"
"415","0.2415672287","0.2415672287","0.2415672287"
"416","0.2621232184","0.2621232184","0.2621232184"
"417","0.2605083836","0.2605083836","0.2605083836"
"418","0.2872842319","0.2872842319","0.2872842319"
"419","0.2791638424","0.2791638424","0.2791638424"
"420","0.2611418869","0.2611418869","0.2611418869"
"421","0.2554309771","0.2554309771","0.2554309771"
"422","0.2645465913","0.2645465913","0.2645465913"
"423","0.2491376714","0.2491376714","0.2491376714"
"424","0.2502980655","0.2502980655","0.2502980655"
"425","0.2467674435","0.2467674435","0.2467674435"
"426","0.2849919182","0.2849919182","0.2849919182"
"427","0.2689604352","0.2689604352","0.2689604352"
"428","0.2610488665","0.2610488665","0.2610488665"
"429","0.2585481644","0.2585481644","0.2585481644"
"430","0.2663814878","0.2663814878","0.2663814878"
"431","0.2600600164","0.2600600164","0.2600600164"
"432","0.2651793152","0.2651793152","0.2651793152"
"433","0.2506265787","0.2506265787","0.2506265787"
"434","0.2993066134","0.2993066134","0.2993066134"
"435","0.267080106","0.267080106","0.267080106"
"436","0.2606273393","0.2606273393","0.2606273393"
"437","0.2691090862","0.2691090862","0.2691090862"
"438","0.2834755215","0.2834755215","0.2834755215"
"439","0.2556007245","0.2556007245","0.2556007245"
"440","0.2786925105","0.2786925105","0.2786925105"
"441","0.2649760702","0.2649760702","0.2649760702"
"442","0.2681752187","0.2681752187","0.2681752187"
"443","0.2589410066","0.2589410066","0.2589410066"
"444","0.2677949891","0.2677949891","0.2677949891"
"445","0.2625870895","0.2625870895","0.2625870895"
"446","0.2690393744","0.2690393744","0.2690393744"
"447","0.2689579493","0.2689579493","0.2689579493"
"448","0.2631787622","0.2631787622","0.2631787622"
"449","0.2589109306","0.2589109306","0.2589109306"
"450","0.25487832","0.25487832","0.25487832"
"451","0.2738689154","0.2738689154","0.2738689154"
"452","0.2797254161","0.2797254161","0.2797254161"
"453","0.2623298293","0.2623298293","0.2623298293"
"454","0.296513754","0.296513754","0.296513754"
"455","0.2705173931","0.2705173931","0.2705173931"
"456","0.2687652471","0.2687652471","0.2687652471"
"457","0.2708194663","0.2708194663","0.2708194663"
"458","0.2781160486","0.2781160486","0.2781160486"
"459","0.2706249173","0.2706249173","0.2706249173"
"460","0.2699232253","0.2699232253","0.2699232253"
"461","0.2813219439","0.2813219439","0.2813219439"
"462","0.2707442187","0.2707442187","0.2707442187"
"463","0.2657452174","0.2657452174","0.2657452174"
"464","0.2700534145","0.2700534145","0.2700534145"
"465","0.2761871921","0.2761871921","0.2761871921"
"466","0.2701206021","0.2701206021","0.2701206021"
"467","0.2621280515","0.2621280515","0.2621280515"
"468","0.2671596735","0.2671596735","0.2671596735"
"469","0.2779173594","0.2779173594","0.2779173594"
"470","0.272700781","0.272700781","0.272700781"
"471","0.2828257391","0.2828257391","0.2828257391"
"472","0.2824428017","0.2824428017","0.2824428017"
"473","0.2757694507","0.2757694507","0.2757694507"
"474","0.2759228092","0.2759228092","0.2759228092"
"475","0.3085527617","0.3085527617","0.3085527617"
"476","0.2886001025","0.2886001025","0.2886001025"
"477","0.2845958789","0.2845958789","0.2845958789"
"478","0.2804133768","0.2804133768","0.2804133768"
"479","0.2875079661","0.2875079661","0.2875079661"
"480","0.2955122324","0.2955122324","0.2955122324"
"481","0.2786431637","0.2786431637","0.2786431637"
"482","0.2950904831","0.2950904831","0.2950904831"
"483","0.2890552607","0.2890552607","0.2890552607"
"484","0.2851371165","0.2851371165","0.2851371165"
"485","0.2847276897","0.2847276897","0.2847276897"
"486","0.2929262634","0.2929262634","0.2929262634"
"487","0.2834365024","0.2834365024","0.2834365024"
"488","0.2945785871","0.2945785871","0.2945785871"
"489","0.293129554","0.293129554","0.293129554"
"490","0.28742364","0.28742364","0.28742364"
"491","0.2918827313","0.2918827313","0.2918827313"
"492","0.3047509631","0.3047509631","0.3047509631"
"493","0.3113356306","0.3113356306","0.3113356306"
"494","0.2888279818","0.2888279818","0.2888279818"
"495","0.310955756","0.310955756","0.310955756"
"496","0.3151936585","0.3151936585","0.3151936585"
"497","0.2989788724","0.2989788724","0.2989788724"
"498","0.2970773906","0.2970773906","0.2970773906"
"499","0.2970435701","0.2970435701","0.2970435701"
"500","0.2826334679","0.2826334679","0.2826334679"
"501","0.2851057779","0.2851057779","0.2851057779"
"502","0.2759494854","0.2759494854","0.2759494854"
"503","0.2804530813","0.2804530813","0.2804530813"
"504","0.3046391426","0.3046391426","0.3046391426"
"505","0.2835241201","0.2835241201","0.2835241201"
"506","0.2970075043","0.2970075043","0.2970075043"
"507","0.3003434698","0.3003434698","0.3003434698"
"508","0.3052222033","0.3052222033","0.3052222033"
"509","0.3062874525","0.3062874525","0.3062874525"
"510","0.2826102192","0.2826102192","0.2826102192"
"511","0.2954428286","0.2954428286","0.2954428286"
"512","0.3066559341","0.3066559341","0.3066559341"
"513","0.2763578202","0.2763578202","0.2763578202"
"514","0.3206522768","0.3206522768","0.3206522768"
"515","0.3205290698","0.3205290698","0.3205290698"
"516","0.3184578674","0.3184578674","0.3184578674"
"517","0.2992118748","0.2992118748","0.2992118748"
"518","0.3033599449","0.3033599449","0.3033599449"
"519","0.3080608181","0.3080608181","0.3080608181"
"520","0.3164608451","0.3164608451","0.3164608451"
"521","0.3016178467","0.3016178467","0.3016178467"
"522","0.3093134446","0.3093134446","0.3093134446"
"523","0.3062104245","0.3062104245","0.3062104245"
"524","0.3011703577","0.3011703577","0.3011703577"
"525","0.2886629847","0.2886629847","0.2886629847"
"526","0.3044982312","0.3044982312","0.3044982312"
"527","0.3028456795","0.3028456795","0.3028456795"
"528","0.3063693525","0.3063693525","0.3063693525"
"529","0.3112302786","0.3112302786","0.3112302786"
"530","0.2975213412","0.2975213412","0.2975213412"
"531","0.2919060279","0.2919060279","0.2919060279"
"532","0.3104613638","0.3104613638","0.3104613638"
"533","0.286775246","0.286775246","0.286775246"
"534","0.2893100584","0.2893100584","0.2893100584"
"535","0.2948921808","0.2948921808","0.2948921808"
"536","0.2949708348","0.2949708348","0.2949708348"
"537","0.2880989192","0.2880989192","0.2880989192"
"538","0.3043060262","0.3043060262","0.3043060262"
"539","0.2939998197","0.2939998197","0.2939998197"
"540","0.3000629854","0.3000629854","0.3000629854"
"541","0.2839879924","0.2839879924","0.2839879924"
"542","0.2916004822","0.2916004822","0.2916004822"
"543","0.2895282865","0.2895282865","0.2895282865"
"544","0.3006622215","0.3006622215","0.3006622215"
"545","0.291363323","0.291363323","0.291363323"
"546","0.2957717281","0.2957717281","0.2957717281"
"547","0.3014204853","0.3014204853","0.3014204853"
"548","0.2913211032","0.2913211032","0.2913211032"
"549","0.2982946007","0.2982946007","0.2982946007"
"550","0.2930052298","0.2930052298","0.2930052298"
"551","0.3051619965","0.3051619965","0.3051619965"
"552","0.2818763792","0.2818763792","0.2818763792"
"553","0.2982028043","0.2982028043","0.2982028043"
"554","0.2907844636","0.2907844636","0.2907844636"
"555","0.3236036672","0.3236036672","0.3236036672"
"556","0.3196416695","0.3196416695","0.3196416695"
"557","0.2960801259","0.2960801259","0.2960801259"
"558","0.3318587142","0.3318587142","0.3318587142"
"559","0.3187716204","0.3187716204","0.3187716204"
"560","0.3009737017","0.3009737017","0.3009737017"
"561","0.294413221","0.294413221","0.294413221"
"562","0.3373864645","0.3373864645","0.3373864645"
"563","0.3248069941","0.3248069941","0.3248069941"
"564","0.3197905283","0.3197905283","0.3197905283"
"565","0.3039019217","0.3039019217","0.3039019217"
"566","0.3104981793","0.3104981793","0.3104981793"
"567","0.30754352","0.30754352","0.30754352"
"568","0.302558074","0.302558074","0.302558074"
"569","0.3184952248","0.3184952248","0.3184952248"
"570","0.311587072","0.311587072","0.311587072"
"571","0.3173866624","0.3173866624","0.3173866624"
"572","0.304203828","0.304203828","0.304203828"
"573","0.3094573602","0.3094573602","0.3094573602"
"574","0.3093261972","0.3093261972","0.3093261972"
"575","0.323711566","0.323711566","0.323711566"
"576","0.331165693","0.331165693","0.331165693"
"577","0.3120950283","0.3120950283","0.3120950283"
"578","0.3152526609","0.3152526609","0.3152526609"
"579","0.3113750483","0.3113750483","0.3113750483"
"580","0.313850608","0.313850608","0.313850608"
"581","0.3185624096","0.3185624096","0.3185624096"
"582","0.3088121143","0.3088121143","0.3088121143"
"583","0.3147726406","0.3147726406","0.3147726406"
"584","0.3295753157","0.3295753157","0.3295753157"
"585","0.3036586085","0.3036586085","0.3036586085"
"586","0.3139068428","0.3139068428","0.3139068428"
"587","0.3144615548","0.3144615548","0.3144615548"
"588","0.3229209394","0.3229209394","0.3229209394"
"589","0.3215303408","0.3215303408","0.3215303408"
"590","0.3180646522","0.3180646522","0.3180646522"
"591","0.325332307","0.325332307","0.325332307"
"592","0.317671016","0.317671016","0.317671016"
"593","0.3294880507","0.3294880507","0.3294880507"
"594","0.3161538932","0.3161538932","0.3161538932"
"595","0.3123733965","0.3123733965","0.3123733965"
"596","0.3202440131","0.3202440131","0.3202440131"
"597","0.3202143802","0.3202143802","0.3202143802"
"598","0.3165472328","0.3165472328","0.3165472328"
"599","0.3493705641","0.3493705641","0.3493705641"
"600","0.3496608265","0.3496608265","0.3496608265"
"601","0.3310689296","0.3310689296","0.3310689296"
"602","0.325786767","0.325786767","0.325786767"
"603","0.3262071357","0.3262071357","0.3262071357"
"604","0.3389538002","0.3389538002","0.3389538002"
"605","0.3210030285","0.3210030285","0.3210030285"
"606","0.3323068311","0.3323068311","0.3323068311"
"607","0.3475960407","0.3475960407","0.3475960407"
"608","0.3386665276","0.3386665276","0.3386665276"
"609","0.3314465688","0.3314465688","0.3314465688"
"610","0.3214346948","0.3214346948","0.3214346948"
"611","0.3448713954","0.3448713954","0.3448713954"
"612","0.3183180953","0.3183180953","0.3183180953"
"613","0.3369796596","0.3369796596","0.3369796596"
"614","0.3324900737","0.3324900737","0.3324900737"
"615","0.3409238245","0.3409238245","0.3409238245"
"616","0.3452504685","0.3452504685","0.3452504685"
"617","0.3288467169","0.3288467169","0.3288467169"
"618","0.3078874723","0.3078874723","0.3078874723"
"619","0.3432235894","0.3432235894","0.3432235894"
"620","0.344804844","0.344804844","0.344804844"
"621","0.355965976","0.355965976","0.355965976"
"622","0.3409477553","0.3409477553","0.3409477553"
"623","0.346732474","0.346732474","0.346732474"
"624","0.3197281519","0.3197281519","0.3197281519"
"625","0.3261753537","0.3261753537","0.3261753537"
"626","0.3239968019","0.3239968019","0.3239968019"
"627","0.324748533","0.324748533","0.324748533"
"628","0.3247501288","0.3247501288","0.3247501288"
"629","0.3342337137","0.3342337137","0.3342337137"
"630","0.339753262","0.339753262","0.339753262"
"631","0.3484893473","0.3484893473","0.3484893473"
"632","0.3401151731","0.3401151731","0.3401151731"
"633","0.381821366","0.381821366","0.381821366"
"634","0.3979524773","0.3979524773","0.3979524773"
"635","0.3387045644","0.3387045644","0.3387045644"
"636","0.3536532423","0.3536532423","0.3536532423"
"637","0.3539348105","0.3539348105","0.3539348105"
"638","0.3346954839","0.3346954839","0.3346954839"
"639","0.3328550128","0.3328550128","0.3328550128"
"640","0.3466053422","0.3466053422","0.3466053422"
"641","0.3378786006","0.3378786006","0.3378786006"
"642","0.3258616804","0.3258616804","0.3258616804"
"643","0.3317521886","0.3317521886","0.3317521886"
"644","0.3295710517","0.3295710517","0.3295710517"
"645","0.3409049019","0.3409049019","0.3409049019"
"646","0.3487557595","0.3487557595","0.3487557595"
"647","0.3348907226","0.3348907226","0.3348907226"
"648","0.319895504","0.319895504","0.319895504"
"649","0.3257488693","0.3257488693","0.3257488693"
"650","0.3524408654","0.3524408654","0.3524408654"
"651","0.3333741289","0.3333741289","0.3333741289"
"652","0.3248613254","0.3248613254","0.3248613254"
"653","0.3152035291","0.3152035291","0.3152035291"
"654","0.3476174501","0.3476174501","0.3476174501"
"655","0.3592182373","0.3592182373","0.3592182373"
"656","0.338211249","0.338211249","0.338211249"
"657","0.3402842488","0.3402842488","0.3402842488"
"658","0.3702133667","0.3702133667","0.3702133667"
"659","0.3808661253","0.3808661253","0.3808661253"
"660","0.3475643715","0.3475643715","0.3475643715"
"661","0.3497704213","0.3497704213","0.3497704213"
"662","0.3538538926","0.3538538926","0.3538538926"
"663","0.334217452","0.334217452","0.334217452"
"664","0.3404324611","0.3404324611","0.3404324611"
"665","0.3345657258","0.3345657258","0.3345657258"
"666","0.353901526","0.353901526","0.353901526"
"667","0.332432332","0.332432332","0.332432332"
"668","0.3268898672","0.3268898672","0.3268898672"
"669","0.3387761706","0.3387761706","0.3387761706"
"670","0.3391612243","0.3391612243","0.3391612243"
"671","0.3279295498","0.3279295498","0.3279295498"
"672","0.3364544209","0.3364544209","0.3364544209"
"673","0.3429188783","0.3429188783","0.3429188783"
"674","0.3342630801","0.3342630801","0.3342630801"
"675","0.3298996576","0.3298996576","0.3298996576"
"676","0.3311711141","0.3311711141","0.3311711141"
"677","0.3327616783","0.3327616783","0.3327616783"
"678","0.3283349738","0.3283349738","0.3283349738"
"679","0.332021829","0.332021829","0.332021829"
"680","0.5565410284","0.5565410284","0.5565410284"
"681","0.7275109768","0.7275109768","0.7275109768"
"682","0.995701851","0.995701851","0.995701851"
"683","0.7402922106","0.7402922106","0.7402922106"
"684","0.5150473871","0.5150473871","0.5150473871"
"685","0.8954454494","0.8954454494","0.8954454494"
"686","1.2853853688","1.2853853688","1.2853853688"
"687","1.0291344445","1.0291344445","1.0291344445"
"688","0.8800628329","0.8800628329","0.8800628329"
"689","0.3398721366","0.3398721366","0.3398721366"
"690","0.5004530697","0.5004530697","0.5004530697"
"691","0.7305144878","0.7305144878","0.7305144878"
"692","0.8755335566","0.8755335566","0.8755335566"
"693","1.6647841736","1.6647841736","1.6647841736"
"694","0.663193468","0.663193468","0.663193468"
"695","0.6689377338","0.6689377338","0.6689377338"
"696","1.0009077809","1.0009077809","1.0009077809"
"697","0.6737111934","0.6737111934","0.6737111934"
"698","0.6816496093","0.6816496093","0.6816496093"
"699","0.675936112","0.675936112","0.675936112"
"700","0.8434275226","0.8434275226","0.8434275226"
"701","0.995052909","0.995052909","0.995052909"
"702","0.3708721326","0.3708721326","0.3708721326"
"703","0.5291705044","0.5291705044","0.5291705044"
"704","0.3773948821","0.3773948821","0.3773948821"
"705","0.902016912","0.902016912","0.902016912"
"706","1.2279974142","1.2279974142","1.2279974142"
"707","1.037759736","1.037759736","1.037759736"
"708","0.8628411867","0.8628411867","0.8628411867"
"709","0.6959640646","0.6959640646","0.6959640646"
"710","1.9877176222","1.9877176222","1.9877176222"
"711","0.8888402265","0.8888402265","0.8888402265"
"712","0.9709198332","0.9709198332","0.9709198332"
"713","0.9418150873","0.9418150873","0.9418150873"
"714","0.991533889","0.991533889","0.991533889"
"715","0.6982058891","0.6982058891","0.6982058891"
"716","1.6174360248","1.6174360248","1.6174360248"
"717","1.1013287088","1.1013287088","1.1013287088"
"718","0.6712174149","0.6712174149","0.6712174149"
"719","1.2314083134","1.2314083134","1.2314083134"
"720","0.6598450468","0.6598450468","0.6598450468"
"721","0.4953556456","0.4953556456","0.4953556456"
"722","0.5035068984","0.5035068984","0.5035068984"
"723","0.5121702646","0.5121702646","0.5121702646"
"724","1.0406842744","1.0406842744","1.0406842744"
"725","1.3483459882","1.3483459882","1.3483459882"
"726","1.3343488833","1.3343488833","1.3343488833"
"727","1.2767637685","1.2767637685","1.2767637685"
"728","0.5080974472","0.5080974472","0.5080974472"
"729","0.8201797628","0.8201797628","0.8201797628"
"730","0.6896246861","0.6896246861","0.6896246861"
"731","0.8067655165","0.8067655165","0.8067655165"
"732","0.8314898056","0.8314898056","0.8314898056"
"733","1.2744023719","1.2744023719","1.2744023719"
"734","0.9594228357","0.9594228357","0.9594228357"
"735","0.4261931597","0.4261931597","0.4261931597"
"736","1.0719042818","1.0719042818","1.0719042818"
"737","1.5148371589","1.5148371589","1.5148371589"
"738","0.9264239419","0.9264239419","0.9264239419"
"739","0.7234871891","0.7234871891","0.7234871891"
"740","0.9720118482","0.9720118482","0.9720118482"
"741","0.8084315024","0.8084315024","0.8084315024"
"742","1.0700937334","1.0700937334","1.0700937334"
"743","1.4325927256","1.4325927256","1.4325927256"
"744","0.5740762446","0.5740762446","0.5740762446"
"745","0.4040034318","0.4040034318","0.4040034318"
"746","0.9796283503","0.9796283503","0.9796283503"
"747","1.4136426654","1.4136426654","1.4136426654"
"748","1.4688634989","1.4688634989","1.4688634989"
"749","0.813879049","0.813879049","0.813879049"
"750","1.2720163175","1.2720163175","1.2720163175"
"751","1.0820190889","1.0820190889","1.0820190889"
"752","0.9563070144","0.9563070144","0.9563070144"
"753","0.996941611","0.996941611","0.996941611"
"754","0.5216767518","0.5216767518","0.5216767518"
"755","0.836021468","0.836021468","0.836021468"
"756","1.2846775523","1.2846775523","1.2846775523"
"757","0.9981817887","0.9981817887","0.9981817887"
"758","0.6465703163","0.6465703163","0.6465703163"
"759","0.6957749683","0.6957749683","0.6957749683"
"760","0.9650491364","0.9650491364","0.9650491364"
"761","0.6885430708","0.6885430708","0.6885430708"
"762","0.8484685939","0.8484685939","0.8484685939"
"763","1.0233542997","1.0233542997","1.0233542997"
"764","0.9108288606","0.9108288606","0.9108288606"
"765","0.8761858027","0.8761858027","0.8761858027"
"766","1.0616664512","1.0616664512","1.0616664512"
"767","1.0796903516","1.0796903516","1.0796903516"
"768","0.7193916081","0.7193916081","0.7193916081"
"769","1.2853585871","1.2853585871","1.2853585871"
"770","0.5173943373","0.5173943373","0.5173943373"
"771","0.9447580546","0.9447580546","0.9447580546"
"772","1.320418358","1.320418358","1.320418358"
"773","1.276152706","1.276152706","1.276152706"
"774","1.0189524691","1.0189524691","1.0189524691"
"775","0.9067402086","0.9067402086","0.9067402086"
"776","0.7884483015","0.7884483015","0.7884483015"
"777","0.8917161621","0.8917161621","0.8917161621"
"778","0.6767152333","0.6767152333","0.6767152333"
"779","0.8489413651","0.8489413651","0.8489413651"
"780","0.9748122552","0.9748122552","0.9748122552"
"781","1.1186693814","1.1186693814","1.1186693814"
"782","0.9296459191","0.9296459191","0.9296459191"
"783","0.9995586281","0.9995586281","0.9995586281"
"784","0.7392799668","0.7392799668","0.7392799668"
"785","0.6997601098","0.6997601098","0.6997601098"
"786","0.5855456982","0.5855456982","0.5855456982"
"787","0.6838181329","0.6838181329","0.6838181329"
"788","1.1382348773","1.1382348773","1.1382348773"
"789","1.2682391194","1.2682391194","1.2682391194"
"790","1.1979481658","1.1979481658","1.1979481658"
"791","1.1304276997","1.1304276997","1.1304276997"
"792","1.1762600915","1.1762600915","1.1762600915"
"793","1.2277046068","1.2277046068","1.2277046068"
"794","0.8881393686","0.8881393686","0.8881393686"
"795","1.0268851577","1.0268851577","1.0268851577"
"796","0.9938914558","0.9938914558","0.9938914558"
"797","1.1420408644","1.1420408644","1.1420408644"
"798","1.5448032621","1.5448032621","1.5448032621"
"799","1.1352690598","1.1352690598","1.1352690598"
"800","1.2704624745","1.2704624745","1.2704624745"
"801","0.6840073206","0.6840073206","0.6840073206"
"802","1.3839356834","1.3839356834","1.3839356834"
"803","1.6964429328","1.6964429328","1.6964429328"
"804","1.3229886948","1.3229886948","1.3229886948"
"805","1.6606366","1.6606366","1.6606366"
"806","0.8133178391","0.8133178391","0.8133178391"
"807","1.2218936212","1.2218936212","1.2218936212"
"808","0.7203603695","0.7203603695","0.7203603695"
"809","1.6521571703","1.6521571703","1.6521571703"
"810","0.6888377117","0.6888377117","0.6888377117"
"811","0.8405596884","0.8405596884","0.8405596884"
"812","0.9608032307","0.9608032307","0.9608032307"
"813","0.586775348","0.586775348","0.586775348"
"814","1.56605369","1.56605369","1.56605369"
"815","1.3013533843","1.3013533843","1.3013533843"
"816","1.1015487915","1.1015487915","1.1015487915"
"817","0.6759216562","0.6759216562","0.6759216562"
"818","0.8492528607","0.8492528607","0.8492528607"
"819","1.0891754577","1.0891754577","1.0891754577"
"820","1.276267176","1.276267176","1.276267176"
"821","0.8935764422","0.8935764422","0.8935764422"
"822","1.1042608977","1.1042608977","1.1042608977"
"823","1.2286731148","1.2286731148","1.2286731148"
"824","0.8102587909","0.8102587909","0.8102587909"
"825","1.2772874448","1.2772874448","1.2772874448"
"826","0.7666781066","0.7666781066","0.7666781066"
"827","1.26386158","1.26386158","1.26386158"
"828","0.8054337152","0.8054337152","0.8054337152"
"829","0.735935614","0.735935614","0.735935614"
"830","1.0891840018","1.0891840018","1.0891840018"
"831","1.0182595685","1.0182595685","1.0182595685"
"832","1.1169480111","1.1169480111","1.1169480111"
"833","1.4694303808","1.4694303808","1.4694303808"
"834","1.0834637474","1.0834637474","1.0834637474"
"835","0.841369213","0.841369213","0.841369213"
"836","1.4356142391","1.4356142391","1.4356142391"
"837","1.2188165243","1.2188165243","1.2188165243"
"838","1.3039512548","1.3039512548","1.3039512548"
"839","1.3084457222","1.3084457222","1.3084457222"
"840","1.3756940587","1.3756940587","1.3756940587"
"841","0.885815862","0.885815862","0.885815862"
"842","1.0811560637","1.0811560637","1.0811560637"
"843","1.3682574807","1.3682574807","1.3682574807"
"844","1.0015079474","1.0015079474","1.0015079474"
"845","1.8120191586","1.8120191586","1.8120191586"
"846","1.1485547234","1.1485547234","1.1485547234"
"847","1.0488379996","1.0488379996","1.0488379996"
"848","1.3244016659","1.3244016659","1.3244016659"
"849","1.2774869488","1.2774869488","1.2774869488"
"850","1.4482535301","1.4482535301","1.4482535301"
"851","1.0851000929","1.0851000929","1.0851000929"
"852","1.3438350627","1.3438350627","1.3438350627"
"853","1.2597101474","1.2597101474","1.2597101474"
"854","1.2310960491","1.2310960491","1.2310960491"
"855","0.8741071378","0.8741071378","0.8741071378"
"856","1.2973983312","1.2973983312","1.2973983312"
"857","1.2763144296","1.2763144296","1.2763144296"
"858","1.1958390956","1.1958390956","1.1958390956"
"859","1.2057550272","1.2057550272","1.2057550272"
"860","1.1878757195","1.1878757195","1.1878757195"
"861","1.3987012716","1.3987012716","1.3987012716"
"862","0.9130504318","0.9130504318","0.9130504318"
"863","1.0921518216","1.0921518216","1.0921518216"
"864","0.7083237363","0.7083237363","0.7083237363"
"865","1.2038899064","1.2038899064","1.2038899064"
"866","1.9037346868","1.9037346868","1.9037346868"
"867","1.1647143258","1.1647143258","1.1647143258"
"868","2.2230112013","2.2230112013","2.2230112013"
"869","0.7772779691","0.7772779691","0.7772779691"
"870","2.1324344727","2.1324344727","2.1324344727"
"871","0.9801518396","0.9801518396","0.9801518396"
"872","1.2997720864","1.2997720864","1.2997720864"
"873","1.8417904052","1.8417904052","1.8417904052"
"874","1.059159829","1.059159829","1.059159829"
"875","1.9209347381","1.9209347381","1.9209347381"
"876","1.614609011","1.614609011","1.614609011"
"877","0.9484381986","0.9484381986","0.9484381986"
"878","1.0763540736","1.0763540736","1.0763540736"
"879","1.0752247491","1.0752247491","1.0752247491"
"880","1.3282406773","1.3282406773","1.3282406773"
"881","1.5131100486","1.5131100486","1.5131100486"
"882","1.3735504684","1.3735504684","1.3735504684"
"883","1.2980728237","1.2980728237","1.2980728237"
"884","1.1921709411","1.1921709411","1.1921709411"
"885","1.1486555721","1.1486555721","1.1486555721"
"886","1.5723608337","1.5723608337","1.5723608337"
"887","1.6373282059","1.6373282059","1.6373282059"
"888","1.5002714708","1.5002714708","1.5002714708"
"889","1.2511587837","1.2511587837","1.2511587837"
"890","1.1198039521","1.1198039521","1.1198039521"
"891","1.7010684083","1.7010684083","1.7010684083"
"892","1.4772982898","1.4772982898","1.4772982898"
"893","1.2928685023","1.2928685023","1.2928685023"
"894","1.5609288672","1.5609288672","1.5609288672"
"895","1.2902319849","1.2902319849","1.2902319849"
"896","1.081760232","1.081760232","1.081760232"
"897","1.1957522863","1.1957522863","1.1957522863"
"898","1.0951000567","1.0951000567","1.0951000567"
"899","0.9665991211","0.9665991211","0.9665991211"
"900","2.0276043278","2.0276043278","2.0276043278"
"901","1.4083693211","1.4083693211","1.4083693211"
"902","1.6424585517","1.6424585517","1.6424585517"
"903","1.2876150393","1.2876150393","1.2876150393"
"904","1.2800684446","1.2800684446","1.2800684446"
"905","1.174493092","1.174493092","1.174493092"
"906","1.0344330512","1.0344330512","1.0344330512"
"907","1.2771943052","1.2771943052","1.2771943052"
"908","1.1826426597","1.1826426597","1.1826426597"
"909","1.2309232032","1.2309232032","1.2309232032"
"910","0.9801488195","0.9801488195","0.9801488195"
"911","1.5670248219","1.5670248219","1.5670248219"
"912","1.2616348889","1.2616348889","1.2616348889"
"913","1.2057173946","1.2057173946","1.2057173946"
"914","1.3499028838","1.3499028838","1.3499028838"
"915","0.7944787247","0.7944787247","0.7944787247"
"916","1.3650023152","1.3650023152","1.3650023152"
"917","1.1628119014","1.1628119014","1.1628119014"
"918","2.1182877898","2.1182877898","2.1182877898"
"919","1.1171427056","1.1171427056","1.1171427056"
"920","1.3599263272","1.3599263272","1.3599263272"
"921","1.4124379948","1.4124379948","1.4124379948"
"922","1.7761417352","1.7761417352","1.7761417352"
"923","1.0388187665","1.0388187665","1.0388187665"
"924","1.3077501881","1.3077501881","1.3077501881"
"925","1.5512763913","1.5512763913","1.5512763913"
"926","1.0736052497","1.0736052497","1.0736052497"
"927","1.5967403337","1.5967403337","1.5967403337"
"928","1.5265715261","1.5265715261","1.5265715261"
"929","1.0794260541","1.0794260541","1.0794260541"
"930","1.8034784105","1.8034784105","1.8034784105"
"931","1.3795600101","1.3795600101","1.3795600101"
"932","1.3716249925","1.3716249925","1.3716249925"
"933","0.751441789","0.751441789","0.751441789"
"934","1.2243117468","1.2243117468","1.2243117468"
"935","1.7127963299","1.7127963299","1.7127963299"
"936","0.841517949","0.841517949","0.841517949"
"937","1.6057552928","1.6057552928","1.6057552928"
"938","1.4533818115","1.4533818115","1.4533818115"
"939","1.9515496024","1.9515496024","1.9515496024"
"940","1.5139782278","1.5139782278","1.5139782278"
"941","1.7431855126","1.7431855126","1.7431855126"
"942","1.0310437945","1.0310437945","1.0310437945"
"943","1.5354954559","1.5354954559","1.5354954559"
"944","1.4905101155","1.4905101155","1.4905101155"
"945","0.9727999498","0.9727999498","0.9727999498"
"946","1.149734356","1.149734356","1.149734356"
"947","2.0423896527","2.0423896527","2.0423896527"
"948","1.4079017118","1.4079017118","1.4079017118"
"949","1.3240533604","1.3240533604","1.3240533604"
"950","1.0985400668","1.0985400668","1.0985400668"
"951","1.2132796732","1.2132796732","1.2132796732"
"952","1.6673238641","1.6673238641","1.6673238641"
"953","1.6749126795","1.6749126795","1.6749126795"
"954","1.4686991647","1.4686991647","1.4686991647"
"955","2.0853536277","2.0853536277","2.0853536277"
"956","2.0547040808","2.0547040808","2.0547040808"
"957","1.2832408656","1.2832408656","1.2832408656"
"958","1.8224263862","1.8224263862","1.8224263862"
"959","1.7659855974","1.7659855974","1.7659855974"
"960","2.4146096483","2.4146096483","2.4146096483"
"961","1.6178319359","1.6178319359","1.6178319359"
"962","1.1728645329","1.1728645329","1.1728645329"
"963","1.0225459364","1.0225459364","1.0225459364"
"964","1.4954324116","1.4954324116","1.4954324116"
"965","1.6287769376","1.6287769376","1.6287769376"
"966","0.9457397117","0.9457397117","0.9457397117"
"967","1.7305441627","1.7305441627","1.7305441627"
"968","1.8930616859","1.8930616859","1.8930616859"
"969","1.3656551962","1.3656551962","1.3656551962"
"970","1.7733982924","1.7733982924","1.7733982924"
"971","1.1253788023","1.1253788023","1.1253788023"
"972","1.5400636613","1.5400636613","1.5400636613"
"973","0.9564305802","0.9564305802","0.9564305802"
"974","1.6289403859","1.6289403859","1.6289403859"
"975","1.3464178056","1.3464178056","1.3464178056"
"976","1.3660843661","1.3660843661","1.3660843661"
"977","1.498444359","1.498444359","1.498444359"
"978","1.262295748","1.262295748","1.262295748"
"979","1.3128880569","1.3128880569","1.3128880569"
"980","1.8650095379","1.8650095379","1.8650095379"
"981","1.3492449535","1.3492449535","1.3492449535"
"982","1.7483185758","1.7483185758","1.7483185758"
"983","1.4973949139","1.4973949139","1.4973949139"
"984","1.634461432","1.634461432","1.634461432"
"985","1.7368625869","1.7368625869","1.7368625869"
"986","1.9739018694","1.9739018694","1.9739018694"
"987","2.5496681622","2.5496681622","2.5496681622"
"988","1.8895334215","1.8895334215","1.8895334215"
"989","1.4408971009","1.4408971009","1.4408971009"
"990","1.0404583886","1.0404583886","1.0404583886"
"991","1.593846084","1.593846084","1.593846084"
"992","1.7784960537","1.7784960537","1.7784960537"
"993","1.2274687518","1.2274687518","1.2274687518"
"994","1.5349178375","1.5349178375","1.5349178375"
"995","2.446277898","2.446277898","2.446277898"
"996","1.5189971027","1.5189971027","1.5189971027"
"997","1.5567362066","1.5567362066","1.5567362066"
"998","1.6286297394","1.6286297394","1.6286297394"
"999","1.0732199748","1.0732199748","1.0732199748"