"Step","DDPG_short_test_track_LIDAR - loss_actor","DDPG_short_test_track_LIDAR - loss_actor__MIN","DDPG_short_test_track_LIDAR - loss_actor__MAX"
"0","-11.9581391001","-11.9581391001","-11.9581391001"
"1","-11.6724311447","-11.6724311447","-11.6724311447"
"2","-11.2118796873","-11.2118796873","-11.2118796873"
"3","-11.0651612091","-11.0651612091","-11.0651612091"
"4","-10.8534301662","-10.8534301662","-10.8534301662"
"5","-10.6277064562","-10.6277064562","-10.6277064562"
"6","-10.4310503483","-10.4310503483","-10.4310503483"
"7","-10.20298913","-10.20298913","-10.20298913"
"8","-10.018549757","-10.018549757","-10.018549757"
"9","-9.954942503","-9.954942503","-9.954942503"
"10","-9.8926411533","-9.8926411533","-9.8926411533"
"11","-9.7774777222","-9.7774777222","-9.7774777222"
"12","-9.4453757334","-9.4453757334","-9.4453757334"
"13","-9.3625791121","-9.3625791121","-9.3625791121"
"14","-9.3589141607","-9.3589141607","-9.3589141607"
"15","-9.2301015139","-9.2301015139","-9.2301015139"
"16","-8.9267499447","-8.9267499447","-8.9267499447"
"17","-8.7877950811","-8.7877950811","-8.7877950811"
"18","-8.4772054434","-8.4772054434","-8.4772054434"
"19","-8.3499709487","-8.3499709487","-8.3499709487"
"20","-8.182490623","-8.182490623","-8.182490623"
"21","-8.0127223492","-8.0127223492","-8.0127223492"
"22","-7.8736331844","-7.8736331844","-7.8736331844"
"23","-7.5190903139","-7.5190903139","-7.5190903139"
"24","-7.3861045504","-7.3861045504","-7.3861045504"
"25","-7.2637663603","-7.2637663603","-7.2637663603"
"26","-7.0824413633","-7.0824413633","-7.0824413633"
"27","-6.8834237814","-6.8834237814","-6.8834237814"
"28","-6.7670391941","-6.7670391941","-6.7670391941"
"29","-6.5234418821","-6.5234418821","-6.5234418821"
"30","-6.3383775592","-6.3383775592","-6.3383775592"
"31","-6.1725371909","-6.1725371909","-6.1725371909"
"32","-6.0411779308","-6.0411779308","-6.0411779308"
"33","-5.8530186844","-5.8530186844","-5.8530186844"
"34","-5.7518297458","-5.7518297458","-5.7518297458"
"35","-5.546856823","-5.546856823","-5.546856823"
"36","-5.4423346424","-5.4423346424","-5.4423346424"
"37","-5.2663637447","-5.2663637447","-5.2663637447"
"38","-5.1489104772","-5.1489104772","-5.1489104772"
"39","-4.9836998296","-4.9836998296","-4.9836998296"
"40","-4.9141156912","-4.9141156912","-4.9141156912"
"41","-4.7384819889","-4.7384819889","-4.7384819889"
"42","-4.6255145562","-4.6255145562","-4.6255145562"
"43","-4.6783988976","-4.6783988976","-4.6783988976"
"44","-4.5536659288","-4.5536659288","-4.5536659288"
"45","-4.4702587724","-4.4702587724","-4.4702587724"
"46","-4.4106848538","-4.4106848538","-4.4106848538"
"47","-4.3205319846","-4.3205319846","-4.3205319846"
"48","-4.198649416","-4.198649416","-4.198649416"
"49","-4.1377207458","-4.1377207458","-4.1377207458"
"50","-4.0429092193","-4.0429092193","-4.0429092193"
"51","-3.9961696172","-3.9961696172","-3.9961696172"
"52","-3.9744980884","-3.9744980884","-3.9744980884"
"53","-3.9663517833","-3.9663517833","-3.9663517833"
"54","-3.8552155042","-3.8552155042","-3.8552155042"
"55","-3.8186285973","-3.8186285973","-3.8186285973"
"56","-3.7524219871","-3.7524219871","-3.7524219871"
"57","-3.6839628005","-3.6839628005","-3.6839628005"
"58","-3.6142706752","-3.6142706752","-3.6142706752"
"59","-3.5890790081","-3.5890790081","-3.5890790081"
"60","-3.5106343567","-3.5106343567","-3.5106343567"
"61","-3.4972468626","-3.4972468626","-3.4972468626"
"62","-3.4411203003","-3.4411203003","-3.4411203003"
"63","-3.3713166082","-3.3713166082","-3.3713166082"
"64","-3.3432104039","-3.3432104039","-3.3432104039"
"65","-3.3291541624","-3.3291541624","-3.3291541624"
"66","-3.27931844","-3.27931844","-3.27931844"
"67","-3.2025987315","-3.2025987315","-3.2025987315"
"68","-3.1486003399","-3.1486003399","-3.1486003399"
"69","-3.1205963159","-3.1205963159","-3.1205963159"
"70","-3.0918249524","-3.0918249524","-3.0918249524"
"71","-3.0556744683","-3.0556744683","-3.0556744683"
"72","-2.9877221203","-2.9877221203","-2.9877221203"
"73","-2.9228264642","-2.9228264642","-2.9228264642"
"74","-2.8806359696","-2.8806359696","-2.8806359696"
"75","-2.8372350967","-2.8372350967","-2.8372350967"
"76","-2.786634053","-2.786634053","-2.786634053"
"77","-2.7713127172","-2.7713127172","-2.7713127172"
"78","-2.7458153355","-2.7458153355","-2.7458153355"
"79","-2.7221292424","-2.7221292424","-2.7221292424"
"80","-2.6551736593","-2.6551736593","-2.6551736593"
"81","-2.6776889837","-2.6776889837","-2.6776889837"
"82","-2.6517842329","-2.6517842329","-2.6517842329"
"83","-2.6037114763","-2.6037114763","-2.6037114763"
"84","-2.5816501617","-2.5816501617","-2.5816501617"
"85","-2.5694236958","-2.5694236958","-2.5694236958"
"86","-2.4911930376","-2.4911930376","-2.4911930376"
"87","-2.4871053779","-2.4871053779","-2.4871053779"
"88","-2.489058367","-2.489058367","-2.489058367"
"89","-2.4532004559","-2.4532004559","-2.4532004559"
"90","-2.4117448717","-2.4117448717","-2.4117448717"
"91","-2.3950779897","-2.3950779897","-2.3950779897"
"92","-2.3663348681","-2.3663348681","-2.3663348681"
"93","-2.3549160874","-2.3549160874","-2.3549160874"
"94","-2.3087747711","-2.3087747711","-2.3087747711"
"95","-2.2927881724","-2.2927881724","-2.2927881724"
"96","-2.259698146","-2.259698146","-2.259698146"
"97","-2.2072524595","-2.2072524595","-2.2072524595"
"98","-2.1768321544","-2.1768321544","-2.1768321544"
"99","-2.1641372687","-2.1641372687","-2.1641372687"
"100","-2.1321668953","-2.1321668953","-2.1321668953"
"101","-2.0866721076","-2.0866721076","-2.0866721076"
"102","-2.0539470285","-2.0539470285","-2.0539470285"
"103","-2.0410076559","-2.0410076559","-2.0410076559"
"104","-2.0000917429","-2.0000917429","-2.0000917429"
"105","-1.9725015134","-1.9725015134","-1.9725015134"
"106","-1.9582145458","-1.9582145458","-1.9582145458"
"107","-1.9184899157","-1.9184899157","-1.9184899157"
"108","-1.8796291423","-1.8796291423","-1.8796291423"
"109","-1.8496707016","-1.8496707016","-1.8496707016"
"110","-1.8264747298","-1.8264747298","-1.8264747298"
"111","-1.8064651269","-1.8064651269","-1.8064651269"
"112","-1.7734019136","-1.7734019136","-1.7734019136"
"113","-1.7484054941","-1.7484054941","-1.7484054941"
"114","-1.71037718","-1.71037718","-1.71037718"
"115","-1.6983528048","-1.6983528048","-1.6983528048"
"116","-1.6544781363","-1.6544781363","-1.6544781363"
"117","-1.6064691621","-1.6064691621","-1.6064691621"
"118","-1.5718309653","-1.5718309653","-1.5718309653"
"119","-1.5349573022","-1.5349573022","-1.5349573022"
"120","-1.5185017556","-1.5185017556","-1.5185017556"
"121","-1.5150153172","-1.5150153172","-1.5150153172"
"122","-1.4746991533","-1.4746991533","-1.4746991533"
"123","-1.4450989836","-1.4450989836","-1.4450989836"
"124","-1.4276135433","-1.4276135433","-1.4276135433"
"125","-1.3898268801","-1.3898268801","-1.3898268801"
"126","-1.364859302","-1.364859302","-1.364859302"
"127","-1.3369077808","-1.3369077808","-1.3369077808"
"128","-1.3029498452","-1.3029498452","-1.3029498452"
"129","-1.2771254516","-1.2771254516","-1.2771254516"
"130","-1.2676560044","-1.2676560044","-1.2676560044"
"131","-1.2380453619","-1.2380453619","-1.2380453619"
"132","-1.2085733321","-1.2085733321","-1.2085733321"
"133","-1.1800267375","-1.1800267375","-1.1800267375"
"134","-1.1646806753","-1.1646806753","-1.1646806753"
"135","-1.1401218224","-1.1401218224","-1.1401218224"
"136","-1.121836724","-1.121836724","-1.121836724"
"137","-1.0778847018","-1.0778847018","-1.0778847018"
"138","-1.0586955968","-1.0586955968","-1.0586955968"
"139","-1.0418900558","-1.0418900558","-1.0418900558"
"140","-1.0173817468","-1.0173817468","-1.0173817468"
"141","-0.9994017431","-0.9994017431","-0.9994017431"
"142","-0.9704426399","-0.9704426399","-0.9704426399"
"143","-0.9622991729","-0.9622991729","-0.9622991729"
"144","-0.9388305515","-0.9388305515","-0.9388305515"
"145","-0.9150981647","-0.9150981647","-0.9150981647"
"146","-0.8954158884","-0.8954158884","-0.8954158884"
"147","-0.8788060406","-0.8788060406","-0.8788060406"
"148","-0.9737638417","-0.9737638417","-0.9737638417"
"149","-0.9880518886","-0.9880518886","-0.9880518886"
"150","-1.0559060517","-1.0559060517","-1.0559060517"
"151","-1.1034479234","-1.1034479234","-1.1034479234"
"152","-1.2028369391","-1.2028369391","-1.2028369391"
"153","-1.2175022015","-1.2175022015","-1.2175022015"
"154","-1.2486977947","-1.2486977947","-1.2486977947"
"155","-1.2515853345","-1.2515853345","-1.2515853345"
"156","-1.3114681488","-1.3114681488","-1.3114681488"
"157","-1.3319168597","-1.3319168597","-1.3319168597"
"158","-1.3610315299","-1.3610315299","-1.3610315299"
"159","-1.3707860208","-1.3707860208","-1.3707860208"
"160","-1.4241391611","-1.4241391611","-1.4241391611"
"161","-1.4449473572","-1.4449473572","-1.4449473572"
"162","-1.4597427654","-1.4597427654","-1.4597427654"
"163","-1.5038314158","-1.5038314158","-1.5038314158"
"164","-1.5211412895","-1.5211412895","-1.5211412895"
"165","-1.5458394027","-1.5458394027","-1.5458394027"
"166","-1.5645431787","-1.5645431787","-1.5645431787"
"167","-1.6041784275","-1.6041784275","-1.6041784275"
"168","-1.6526123679","-1.6526123679","-1.6526123679"
"169","-1.7043314695","-1.7043314695","-1.7043314695"
"170","-1.7098378372","-1.7098378372","-1.7098378372"
"171","-1.7457336313","-1.7457336313","-1.7457336313"
"172","-1.7506235933","-1.7506235933","-1.7506235933"
"173","-1.8478807837","-1.8478807837","-1.8478807837"
"174","-1.8819176173","-1.8819176173","-1.8819176173"
"175","-1.925181945","-1.925181945","-1.925181945"
"176","-1.9217156404","-1.9217156404","-1.9217156404"
"177","-1.9969707614","-1.9969707614","-1.9969707614"
"178","-2.0184168833","-2.0184168833","-2.0184168833"
"179","-2.0205880338","-2.0205880338","-2.0205880338"
"180","-2.0415443933","-2.0415443933","-2.0415443933"
"181","-2.1323290461","-2.1323290461","-2.1323290461"
"182","-2.1618106258","-2.1618106258","-2.1618106258"
"183","-2.1644503605","-2.1644503605","-2.1644503605"
"184","-2.2012762481","-2.2012762481","-2.2012762481"
"185","-2.2056492227","-2.2056492227","-2.2056492227"
"186","-2.2328985643","-2.2328985643","-2.2328985643"
"187","-2.3750207812","-2.3750207812","-2.3750207812"
"188","-2.3911990327","-2.3911990327","-2.3911990327"
"189","-2.3953113163","-2.3953113163","-2.3953113163"
"190","-2.4156780446","-2.4156780446","-2.4156780446"
"191","-2.438802352","-2.438802352","-2.438802352"
"192","-2.4696939993","-2.4696939993","-2.4696939993"
"193","-2.5458499217","-2.5458499217","-2.5458499217"
"194","-2.5689085758","-2.5689085758","-2.5689085758"
"195","-2.5765308523","-2.5765308523","-2.5765308523"
"196","-2.6106897748","-2.6106897748","-2.6106897748"
"197","-2.6100589681","-2.6100589681","-2.6100589681"
"198","-2.6560859013","-2.6560859013","-2.6560859013"
"199","-2.6818376946","-2.6818376946","-2.6818376946"
"200","-2.6979398596","-2.6979398596","-2.6979398596"
"201","-2.7174518931","-2.7174518931","-2.7174518931"
"202","-2.7341909838","-2.7341909838","-2.7341909838"
"203","-2.8621239614","-2.8621239614","-2.8621239614"
"204","-2.900609113","-2.900609113","-2.900609113"
"205","-2.9211583722","-2.9211583722","-2.9211583722"
"206","-2.947914623","-2.947914623","-2.947914623"
"207","-2.9667982256","-2.9667982256","-2.9667982256"
"208","-3.0020770586","-3.0020770586","-3.0020770586"
"209","-3.0169754946","-3.0169754946","-3.0169754946"
"210","-3.0444227481","-3.0444227481","-3.0444227481"
"211","-3.0609461129","-3.0609461129","-3.0609461129"
"212","-3.0793557608","-3.0793557608","-3.0793557608"
"213","-3.1052199364","-3.1052199364","-3.1052199364"
"214","-3.1137528384","-3.1137528384","-3.1137528384"
"215","-3.1533434141","-3.1533434141","-3.1533434141"
"216","-3.2020757747","-3.2020757747","-3.2020757747"
"217","-3.2140894425","-3.2140894425","-3.2140894425"
"218","-3.2519033575","-3.2519033575","-3.2519033575"
"219","-3.2550094187","-3.2550094187","-3.2550094187"
"220","-3.2653207648","-3.2653207648","-3.2653207648"
"221","-3.2955790281","-3.2955790281","-3.2955790281"
"222","-3.3205347288","-3.3205347288","-3.3205347288"
"223","-3.3368425381","-3.3368425381","-3.3368425381"
"224","-3.3521340728","-3.3521340728","-3.3521340728"
"225","-3.3724088514","-3.3724088514","-3.3724088514"
"226","-3.44164096","-3.44164096","-3.44164096"
"227","-3.4508190966","-3.4508190966","-3.4508190966"
"228","-3.4627925265","-3.4627925265","-3.4627925265"
"229","-3.5071022892","-3.5071022892","-3.5071022892"
"230","-3.5104981792","-3.5104981792","-3.5104981792"
"231","-3.5167025876","-3.5167025876","-3.5167025876"
"232","-3.5473858798","-3.5473858798","-3.5473858798"
"233","-3.5551443303","-3.5551443303","-3.5551443303"
"234","-3.5775161815","-3.5775161815","-3.5775161815"
"235","-3.5846586788","-3.5846586788","-3.5846586788"
"236","-3.6048474681","-3.6048474681","-3.6048474681"
"237","-3.6248835039","-3.6248835039","-3.6248835039"
"238","-3.6448643208","-3.6448643208","-3.6448643208"
"239","-3.6510099661","-3.6510099661","-3.6510099661"
"240","-3.664743346","-3.664743346","-3.664743346"
"241","-3.6729595339","-3.6729595339","-3.6729595339"
"242","-3.6934507346","-3.6934507346","-3.6934507346"
"243","-3.7080432236","-3.7080432236","-3.7080432236"
"244","-3.7599421942","-3.7599421942","-3.7599421942"
"245","-3.7633143878","-3.7633143878","-3.7633143878"
"246","-3.7867441571","-3.7867441571","-3.7867441571"
"247","-3.778916055","-3.778916055","-3.778916055"
"248","-3.7857128298","-3.7857128298","-3.7857128298"
"249","-3.8178277516","-3.8178277516","-3.8178277516"
"250","-3.8147380495","-3.8147380495","-3.8147380495"
"251","-3.8253741086","-3.8253741086","-3.8253741086"
"252","-3.8357614887","-3.8357614887","-3.8357614887"
"253","-3.8249344003","-3.8249344003","-3.8249344003"
"254","-3.8477223885","-3.8477223885","-3.8477223885"
"255","-3.9195695567","-3.9195695567","-3.9195695567"
"256","-3.9227403331","-3.9227403331","-3.9227403331"
"257","-3.9309731591","-3.9309731591","-3.9309731591"
"258","-3.9429050565","-3.9429050565","-3.9429050565"
"259","-3.9557301188","-3.9557301188","-3.9557301188"
"260","-3.9948008978","-3.9948008978","-3.9948008978"
"261","-4.0128089893","-4.0128089893","-4.0128089893"
"262","-4.0080318952","-4.0080318952","-4.0080318952"
"263","-4.0313709807","-4.0313709807","-4.0313709807"
"264","-4.0323966682","-4.0323966682","-4.0323966682"
"265","-4.0584047854","-4.0584047854","-4.0584047854"
"266","-4.0696589077","-4.0696589077","-4.0696589077"
"267","-4.0696850967","-4.0696850967","-4.0696850967"
"268","-4.1103124237","-4.1103124237","-4.1103124237"
"269","-4.1215775514","-4.1215775514","-4.1215775514"
"270","-4.1267643869","-4.1267643869","-4.1267643869"
"271","-4.1262630284","-4.1262630284","-4.1262630284"
"272","-4.1815408349","-4.1815408349","-4.1815408349"
"273","-4.2305571139","-4.2305571139","-4.2305571139"
"274","-4.2196222126","-4.2196222126","-4.2196222126"
"275","-4.2408834755","-4.2408834755","-4.2408834755"
"276","-4.260267812","-4.260267812","-4.260267812"
"277","-4.2456020844","-4.2456020844","-4.2456020844"
"278","-4.2879343259","-4.2879343259","-4.2879343259"
"279","-4.2900543094","-4.2900543094","-4.2900543094"
"280","-4.3159910429","-4.3159910429","-4.3159910429"
"281","-4.2922525716","-4.2922525716","-4.2922525716"
"282","-4.3206896591","-4.3206896591","-4.3206896591"
"283","-4.3703100002","-4.3703100002","-4.3703100002"
"284","-4.3889752102","-4.3889752102","-4.3889752102"
"285","-4.4066597939","-4.4066597939","-4.4066597939"
"286","-4.4203240621","-4.4203240621","-4.4203240621"
"287","-4.396850872","-4.396850872","-4.396850872"
"288","-4.4207005155","-4.4207005155","-4.4207005155"
"289","-4.4303648925","-4.4303648925","-4.4303648925"
"290","-4.4429662371","-4.4429662371","-4.4429662371"
"291","-4.4715398812","-4.4715398812","-4.4715398812"
"292","-4.4800160575","-4.4800160575","-4.4800160575"
"293","-4.5456706047","-4.5456706047","-4.5456706047"
"294","-4.5328993094","-4.5328993094","-4.5328993094"
"295","-4.5581334448","-4.5581334448","-4.5581334448"
"296","-4.5550310266","-4.5550310266","-4.5550310266"
"297","-4.5552183056","-4.5552183056","-4.5552183056"
"298","-4.6315870571","-4.6315870571","-4.6315870571"
"299","-4.6122011471","-4.6122011471","-4.6122011471"
"300","-4.6568073034","-4.6568073034","-4.6568073034"
"301","-4.6543981552","-4.6543981552","-4.6543981552"
"302","-4.6788167024","-4.6788167024","-4.6788167024"
"303","-4.6955543661","-4.6955543661","-4.6955543661"
"304","-4.7235735869","-4.7235735869","-4.7235735869"
"305","-4.7321098423","-4.7321098423","-4.7321098423"
"306","-4.7458631825","-4.7458631825","-4.7458631825"
"307","-4.7461790228","-4.7461790228","-4.7461790228"
"308","-4.7650362968","-4.7650362968","-4.7650362968"
"309","-4.7598079252","-4.7598079252","-4.7598079252"
"310","-4.8541822743","-4.8541822743","-4.8541822743"
"311","-4.8600721431","-4.8600721431","-4.8600721431"
"312","-4.8850404811","-4.8850404811","-4.8850404811"
"313","-4.8979572845","-4.8979572845","-4.8979572845"
"314","-4.9193404675","-4.9193404675","-4.9193404675"
"315","-4.9304416251","-4.9304416251","-4.9304416251"
"316","-4.9343756461","-4.9343756461","-4.9343756461"
"317","-4.9423552132","-4.9423552132","-4.9423552132"
"318","-4.9763645077","-4.9763645077","-4.9763645077"
"319","-5.0048795676","-5.0048795676","-5.0048795676"
"320","-5.0429382682","-5.0429382682","-5.0429382682"
"321","-5.064433043","-5.064433043","-5.064433043"
"322","-5.0411137891","-5.0411137891","-5.0411137891"
"323","-5.0935821867","-5.0935821867","-5.0935821867"
"324","-5.1048411846","-5.1048411846","-5.1048411846"
"325","-5.1026345992","-5.1026345992","-5.1026345992"
"326","-5.1397183514","-5.1397183514","-5.1397183514"
"327","-5.1438833976","-5.1438833976","-5.1438833976"
"328","-5.2115077138","-5.2115077138","-5.2115077138"
"329","-5.2379648995","-5.2379648995","-5.2379648995"
"330","-5.2538891935","-5.2538891935","-5.2538891935"
"331","-5.278840735","-5.278840735","-5.278840735"
"332","-5.2835639119","-5.2835639119","-5.2835639119"
"333","-5.2884038544","-5.2884038544","-5.2884038544"
"334","-5.2971411991","-5.2971411991","-5.2971411991"
"335","-5.3085137939","-5.3085137939","-5.3085137939"
"336","-5.3158007503","-5.3158007503","-5.3158007503"
"337","-5.3442261171","-5.3442261171","-5.3442261171"
"338","-5.3768052483","-5.3768052483","-5.3768052483"
"339","-5.3613553858","-5.3613553858","-5.3613553858"
"340","-5.3714548373","-5.3714548373","-5.3714548373"
"341","-5.3899443698","-5.3899443698","-5.3899443698"
"342","-5.4561285424","-5.4561285424","-5.4561285424"
"343","-5.4654960823","-5.4654960823","-5.4654960823"
"344","-5.4875495958","-5.4875495958","-5.4875495958"
"345","-5.4874152637","-5.4874152637","-5.4874152637"
"346","-5.5062213397","-5.5062213397","-5.5062213397"
"347","-5.5132928586","-5.5132928586","-5.5132928586"
"348","-5.5405536509","-5.5405536509","-5.5405536509"
"349","-5.5514874291","-5.5514874291","-5.5514874291"
"350","-5.550028398","-5.550028398","-5.550028398"
"351","-5.6287513471","-5.6287513471","-5.6287513471"
"352","-5.6410064363","-5.6410064363","-5.6410064363"
"353","-5.649667778","-5.649667778","-5.649667778"
"354","-5.6775566006","-5.6775566006","-5.6775566006"
"355","-5.6795158029","-5.6795158029","-5.6795158029"
"356","-5.6888702917","-5.6888702917","-5.6888702917"
"357","-5.7401767802","-5.7401767802","-5.7401767802"
"358","-5.7488926244","-5.7488926244","-5.7488926244"
"359","-5.7652349329","-5.7652349329","-5.7652349329"
"360","-5.7727093148","-5.7727093148","-5.7727093148"
"361","-5.7714863968","-5.7714863968","-5.7714863968"
"362","-5.8137152672","-5.8137152672","-5.8137152672"
"363","-5.8298427796","-5.8298427796","-5.8298427796"
"364","-5.8243096375","-5.8243096375","-5.8243096375"
"365","-5.8548074722","-5.8548074722","-5.8548074722"
"366","-5.8681209159","-5.8681209159","-5.8681209159"
"367","-5.8783684826","-5.8783684826","-5.8783684826"
"368","-5.8788933849","-5.8788933849","-5.8788933849"
"369","-5.8983227539","-5.8983227539","-5.8983227539"
"370","-5.8987930989","-5.8987930989","-5.8987930989"
"371","-5.9393988585","-5.9393988585","-5.9393988585"
"372","-5.9519976568","-5.9519976568","-5.9519976568"
"373","-5.97180408","-5.97180408","-5.97180408"
"374","-5.9848723769","-5.9848723769","-5.9848723769"
"375","-5.9974534774","-5.9974534774","-5.9974534774"
"376","-6.0464043164","-6.0464043164","-6.0464043164"
"377","-6.0475438404","-6.0475438404","-6.0475438404"
"378","-6.0213306403","-6.0213306403","-6.0213306403"
"379","-6.058458693","-6.058458693","-6.058458693"
"380","-6.056997211","-6.056997211","-6.056997211"
"381","-6.0781078053","-6.0781078053","-6.0781078053"
"382","-6.1063715076","-6.1063715076","-6.1063715076"
"383","-6.1066221809","-6.1066221809","-6.1066221809"
"384","-6.1050591183","-6.1050591183","-6.1050591183"
"385","-6.1328397727","-6.1328397727","-6.1328397727"
"386","-6.1604936433","-6.1604936433","-6.1604936433"
"387","-6.1571082449","-6.1571082449","-6.1571082449"
"388","-6.1809193873","-6.1809193873","-6.1809193873"
"389","-6.2015029502","-6.2015029502","-6.2015029502"
"390","-6.2245275807","-6.2245275807","-6.2245275807"
"391","-6.2466364837","-6.2466364837","-6.2466364837"
"392","-6.2518745756","-6.2518745756","-6.2518745756"
"393","-6.2472583652","-6.2472583652","-6.2472583652"
"394","-6.2587558603","-6.2587558603","-6.2587558603"
"395","-6.2912042236","-6.2912042236","-6.2912042236"
"396","-6.2899650049","-6.2899650049","-6.2899650049"
"397","-6.3469092321","-6.3469092321","-6.3469092321"
"398","-6.3581757569","-6.3581757569","-6.3581757569"
"399","-6.3467137599","-6.3467137599","-6.3467137599"
"400","-6.3714791441","-6.3714791441","-6.3714791441"
"401","-6.4047857261","-6.4047857261","-6.4047857261"
"402","-6.4160515833","-6.4160515833","-6.4160515833"
"403","-6.4247800493","-6.4247800493","-6.4247800493"
"404","-6.4501305413","-6.4501305413","-6.4501305413"
"405","-6.4713760495","-6.4713760495","-6.4713760495"
"406","-6.4982303548","-6.4982303548","-6.4982303548"
"407","-6.5102981901","-6.5102981901","-6.5102981901"
"408","-6.527591753","-6.527591753","-6.527591753"
"409","-6.5514727759","-6.5514727759","-6.5514727759"
"410","-6.538753233","-6.538753233","-6.538753233"
"411","-6.5527417803","-6.5527417803","-6.5527417803"
"412","-6.5625789332","-6.5625789332","-6.5625789332"
"413","-6.5862177324","-6.5862177324","-6.5862177324"
"414","-6.6032709265","-6.6032709265","-6.6032709265"
"415","-6.6339278889","-6.6339278889","-6.6339278889"
"416","-6.642344439","-6.642344439","-6.642344439"
"417","-6.6550645423","-6.6550645423","-6.6550645423"
"418","-6.6529962111","-6.6529962111","-6.6529962111"
"419","-6.6672373533","-6.6672373533","-6.6672373533"
"420","-6.7167483377","-6.7167483377","-6.7167483377"
"421","-6.6927170706","-6.6927170706","-6.6927170706"
"422","-6.7312756824","-6.7312756824","-6.7312756824"
"423","-6.7502270174","-6.7502270174","-6.7502270174"
"424","-6.7472687864","-6.7472687864","-6.7472687864"
"425","-6.7946926188","-6.7946926188","-6.7946926188"
"426","-6.8209977007","-6.8209977007","-6.8209977007"
"427","-6.8364590812","-6.8364590812","-6.8364590812"
"428","-6.8510606337","-6.8510606337","-6.8510606337"
"429","-6.8558006811","-6.8558006811","-6.8558006811"
"430","-6.8503080583","-6.8503080583","-6.8503080583"
"431","-6.8915047097","-6.8915047097","-6.8915047097"
"432","-6.8989774513","-6.8989774513","-6.8989774513"
"433","-6.9043826938","-6.9043826938","-6.9043826938"
"434","-6.9231423998","-6.9231423998","-6.9231423998"
"435","-6.9661937499","-6.9661937499","-6.9661937499"
"436","-6.9416911864","-6.9416911864","-6.9416911864"
"437","-6.9645359349","-6.9645359349","-6.9645359349"
"438","-6.9626468062","-6.9626468062","-6.9626468062"
"439","-6.9726543021","-6.9726543021","-6.9726543021"
"440","-7.0061575818","-7.0061575818","-7.0061575818"
"441","-7.0137782574","-7.0137782574","-7.0137782574"
"442","-7.0167592359","-7.0167592359","-7.0167592359"
"443","-7.028613677","-7.028613677","-7.028613677"
"444","-7.0187342358","-7.0187342358","-7.0187342358"
"445","-7.0133779979","-7.0133779979","-7.0133779979"
"446","-7.0695019603","-7.0695019603","-7.0695019603"
"447","-7.0455679607","-7.0455679607","-7.0455679607"
"448","-7.0850573587","-7.0850573587","-7.0850573587"
"449","-7.0985109544","-7.0985109544","-7.0985109544"
"450","-7.098903811","-7.098903811","-7.098903811"
"451","-7.1165965009","-7.1165965009","-7.1165965009"
"452","-7.1217168927","-7.1217168927","-7.1217168927"
"453","-7.1315676689","-7.1315676689","-7.1315676689"
"454","-7.1582129598","-7.1582129598","-7.1582129598"
"455","-7.1525310612","-7.1525310612","-7.1525310612"
"456","-7.1692544723","-7.1692544723","-7.1692544723"
"457","-7.1755865002","-7.1755865002","-7.1755865002"
"458","-7.1776460218","-7.1776460218","-7.1776460218"
"459","-7.1913749218","-7.1913749218","-7.1913749218"
"460","-7.1862590504","-7.1862590504","-7.1862590504"
"461","-7.1966932034","-7.1966932034","-7.1966932034"
"462","-7.2396516442","-7.2396516442","-7.2396516442"
"463","-7.2182498217","-7.2182498217","-7.2182498217"
"464","-7.2440757036","-7.2440757036","-7.2440757036"
"465","-7.2433346844","-7.2433346844","-7.2433346844"
"466","-7.2495234275","-7.2495234275","-7.2495234275"
"467","-7.2492346811","-7.2492346811","-7.2492346811"
"468","-7.2844428039","-7.2844428039","-7.2844428039"
"469","-7.2943319893","-7.2943319893","-7.2943319893"
"470","-7.305558629","-7.305558629","-7.305558629"
"471","-7.3310137057","-7.3310137057","-7.3310137057"
"472","-7.316329391","-7.316329391","-7.316329391"
"473","-7.326229465","-7.326229465","-7.326229465"
"474","-7.3411003828","-7.3411003828","-7.3411003828"
"475","-7.3472358823","-7.3472358823","-7.3472358823"
"476","-7.361645658","-7.361645658","-7.361645658"
"477","-7.3907312417","-7.3907312417","-7.3907312417"
"478","-7.3899489903","-7.3899489903","-7.3899489903"
"479","-7.3908572698","-7.3908572698","-7.3908572698"
"480","-7.3869720459","-7.3869720459","-7.3869720459"
"481","-7.4242757154","-7.4242757154","-7.4242757154"
"482","-7.4171849799","-7.4171849799","-7.4171849799"
"483","-7.4088853216","-7.4088853216","-7.4088853216"
"484","-7.4341586471","-7.4341586471","-7.4341586471"
"485","-7.4240547657","-7.4240547657","-7.4240547657"
"486","-7.4452441549","-7.4452441549","-7.4452441549"
"487","-7.4798689675","-7.4798689675","-7.4798689675"
"488","-7.497120738","-7.497120738","-7.497120738"
"489","-7.4878652334","-7.4878652334","-7.4878652334"
"490","-7.4855545568","-7.4855545568","-7.4855545568"
"491","-7.5060479069","-7.5060479069","-7.5060479069"
"492","-7.4877330351","-7.4877330351","-7.4877330351"
"493","-7.4874856305","-7.4874856305","-7.4874856305"
"494","-7.5077754211","-7.5077754211","-7.5077754211"
"495","-7.514579246","-7.514579246","-7.514579246"
"496","-7.5386841083","-7.5386841083","-7.5386841083"
"497","-7.5167981815","-7.5167981815","-7.5167981815"
"498","-7.5373548603","-7.5373548603","-7.5373548603"
"499","-7.5399014807","-7.5399014807","-7.5399014807"
"500","-7.5553817272","-7.5553817272","-7.5553817272"
"501","-7.5554500747","-7.5554500747","-7.5554500747"
"502","-7.5807297444","-7.5807297444","-7.5807297444"
"503","-7.5872300625","-7.5872300625","-7.5872300625"
"504","-7.5732066631","-7.5732066631","-7.5732066631"
"505","-7.6025726867","-7.6025726867","-7.6025726867"
"506","-7.5983200097","-7.5983200097","-7.5983200097"
"507","-7.5883667231","-7.5883667231","-7.5883667231"
"508","-7.5968636727","-7.5968636727","-7.5968636727"
"509","-7.6239352322","-7.6239352322","-7.6239352322"
"510","-7.6041033363","-7.6041033363","-7.6041033363"
"511","-7.6137085581","-7.6137085581","-7.6137085581"
"512","-7.6147907662","-7.6147907662","-7.6147907662"
"513","-7.6192972708","-7.6192972708","-7.6192972708"
"514","-7.6287125325","-7.6287125325","-7.6287125325"
"515","-7.6622487545","-7.6622487545","-7.6622487545"
"516","-7.6665869999","-7.6665869999","-7.6665869999"
"517","-7.6640166283","-7.6640166283","-7.6640166283"
"518","-7.6517542338","-7.6517542338","-7.6517542338"
"519","-7.6320477104","-7.6320477104","-7.6320477104"
"520","-7.6198583817","-7.6198583817","-7.6198583817"
"521","-7.6564426994","-7.6564426994","-7.6564426994"
"522","-7.6433444858","-7.6433444858","-7.6433444858"
"523","-7.651712935","-7.651712935","-7.651712935"
"524","-7.658024919","-7.658024919","-7.658024919"
"525","-7.6443719888","-7.6443719888","-7.6443719888"
"526","-7.6793479633","-7.6793479633","-7.6793479633"
"527","-7.7090572548","-7.7090572548","-7.7090572548"
"528","-7.669845283","-7.669845283","-7.669845283"
"529","-7.6917744756","-7.6917744756","-7.6917744756"
"530","-7.7198107314","-7.7198107314","-7.7198107314"
"531","-7.737999742","-7.737999742","-7.737999742"
"532","-7.7025450945","-7.7025450945","-7.7025450945"
"533","-7.697509985","-7.697509985","-7.697509985"
"534","-7.7183933568","-7.7183933568","-7.7183933568"
"535","-7.7228020263","-7.7228020263","-7.7228020263"
"536","-7.7560078025","-7.7560078025","-7.7560078025"
"537","-7.7321515894","-7.7321515894","-7.7321515894"
"538","-7.7945820856","-7.7945820856","-7.7945820856"
"539","-7.743083477","-7.743083477","-7.743083477"
"540","-7.7675815535","-7.7675815535","-7.7675815535"
"541","-7.7719322062","-7.7719322062","-7.7719322062"
"542","-7.7846006083","-7.7846006083","-7.7846006083"
"543","-7.8019180417","-7.8019180417","-7.8019180417"
"544","-7.7723966646","-7.7723966646","-7.7723966646"
"545","-7.8083681393","-7.8083681393","-7.8083681393"
"546","-7.7891604877","-7.7891604877","-7.7891604877"
"547","-7.8075495529","-7.8075495529","-7.8075495529"
"548","-7.7975400996","-7.7975400996","-7.7975400996"
"549","-7.7920551753","-7.7920551753","-7.7920551753"
"550","-7.8284908772","-7.8284908772","-7.8284908772"
"551","-7.8230153203","-7.8230153203","-7.8230153203"
"552","-7.8073408175","-7.8073408175","-7.8073408175"
"553","-7.8094581103","-7.8094581103","-7.8094581103"
"554","-7.8100362468","-7.8100362468","-7.8100362468"
"555","-7.8100310278","-7.8100310278","-7.8100310278"
"556","-7.8500755191","-7.8500755191","-7.8500755191"
"557","-7.8476692104","-7.8476692104","-7.8476692104"
"558","-7.844379437","-7.844379437","-7.844379437"
"559","-7.832431035","-7.832431035","-7.832431035"
"560","-7.8477687478","-7.8477687478","-7.8477687478"
"561","-7.8546498632","-7.8546498632","-7.8546498632"
"562","-7.8385288429","-7.8385288429","-7.8385288429"
"563","-7.8389658952","-7.8389658952","-7.8389658952"
"564","-7.850805378","-7.850805378","-7.850805378"
"565","-7.8460189438","-7.8460189438","-7.8460189438"
"566","-7.8291166878","-7.8291166878","-7.8291166878"
"567","-7.8551163173","-7.8551163173","-7.8551163173"
"568","-7.8417426801","-7.8417426801","-7.8417426801"
"569","-7.877481122","-7.877481122","-7.877481122"
"570","-7.8918949556","-7.8918949556","-7.8918949556"
"571","-7.86773839","-7.86773839","-7.86773839"
"572","-7.8654776382","-7.8654776382","-7.8654776382"
"573","-7.8620426989","-7.8620426989","-7.8620426989"
"574","-7.9142538905","-7.9142538905","-7.9142538905"
"575","-7.9070074868","-7.9070074868","-7.9070074868"
"576","-7.914698391","-7.914698391","-7.914698391"
"577","-7.9242240262","-7.9242240262","-7.9242240262"
"578","-7.8886392903","-7.8886392903","-7.8886392903"
"579","-7.9226249003","-7.9226249003","-7.9226249003"
"580","-7.9466000295","-7.9466000295","-7.9466000295"
"581","-7.9244928694","-7.9244928694","-7.9244928694"
"582","-7.8918464136","-7.8918464136","-7.8918464136"
"583","-7.9310330105","-7.9310330105","-7.9310330105"
"584","-7.9149134254","-7.9149134254","-7.9149134254"
"585","-7.8913725162","-7.8913725162","-7.8913725162"
"586","-7.9180393791","-7.9180393791","-7.9180393791"
"587","-7.926937387","-7.926937387","-7.926937387"
"588","-7.9268750167","-7.9268750167","-7.9268750167"
"589","-7.9468630338","-7.9468630338","-7.9468630338"
"590","-7.9720290756","-7.9720290756","-7.9720290756"
"591","-7.9520921946","-7.9520921946","-7.9520921946"
"592","-7.9479239798","-7.9479239798","-7.9479239798"
"593","-7.9486570787","-7.9486570787","-7.9486570787"
"594","-7.9622381353","-7.9622381353","-7.9622381353"
"595","-7.945310719","-7.945310719","-7.945310719"
"596","-7.9860128427","-7.9860128427","-7.9860128427"
"597","-7.9886894035","-7.9886894035","-7.9886894035"
"598","-7.9844505453","-7.9844505453","-7.9844505453"
"599","-7.9998655939","-7.9998655939","-7.9998655939"
"600","-7.9816723895","-7.9816723895","-7.9816723895"
"601","-7.9881383133","-7.9881383133","-7.9881383133"
"602","-8.0075876164","-8.0075876164","-8.0075876164"
"603","-7.9988060665","-7.9988060665","-7.9988060665"
"604","-8.0064499736","-8.0064499736","-8.0064499736"
"605","-7.9900153422","-7.9900153422","-7.9900153422"
"606","-7.9654746652","-7.9654746652","-7.9654746652"
"607","-7.9787843466","-7.9787843466","-7.9787843466"
"608","-7.9944989562","-7.9944989562","-7.9944989562"
"609","-8.0117672896","-8.0117672896","-8.0117672896"
"610","-8.0027495527","-8.0027495527","-8.0027495527"
"611","-8.0291901779","-8.0291901779","-8.0291901779"
"612","-8.0044791484","-8.0044791484","-8.0044791484"
"613","-8.0182929158","-8.0182929158","-8.0182929158"
"614","-8.010787375","-8.010787375","-8.010787375"
"615","-7.9767367387","-7.9767367387","-7.9767367387"
"616","-8.0000103474","-8.0000103474","-8.0000103474"
"617","-7.9885194564","-7.9885194564","-7.9885194564"
"618","-7.9940563846","-7.9940563846","-7.9940563846"
"619","-8.0057745242","-8.0057745242","-8.0057745242"
"620","-8.0165516663","-8.0165516663","-8.0165516663"
"621","-7.9681878018","-7.9681878018","-7.9681878018"
"622","-7.9877659988","-7.9877659988","-7.9877659988"
"623","-8.0244843364","-8.0244843364","-8.0244843364"
"624","-8.0094085574","-8.0094085574","-8.0094085574"
"625","-8.0191451097","-8.0191451097","-8.0191451097"
"626","-8.0161510825","-8.0161510825","-8.0161510825"
"627","-7.9947717643","-7.9947717643","-7.9947717643"
"628","-7.983336978","-7.983336978","-7.983336978"
"629","-8.0215467095","-8.0215467095","-8.0215467095"
"630","-7.9771268034","-7.9771268034","-7.9771268034"
"631","-8.0348627043","-8.0348627043","-8.0348627043"
"632","-8.0404777718","-8.0404777718","-8.0404777718"
"633","-8.0303062177","-8.0303062177","-8.0303062177"
"634","-8.0095146513","-8.0095146513","-8.0095146513"
"635","-8.0190578628","-8.0190578628","-8.0190578628"
"636","-8.0220304275","-8.0220304275","-8.0220304275"
"637","-8.0021197653","-8.0021197653","-8.0021197653"
"638","-8.0143275571","-8.0143275571","-8.0143275571"
"639","-8.0060489511","-8.0060489511","-8.0060489511"
"640","-8.0334309387","-8.0334309387","-8.0334309387"
"641","-8.0119267869","-8.0119267869","-8.0119267869"
"642","-8.0038128948","-8.0038128948","-8.0038128948"
"643","-8.0032961607","-8.0032961607","-8.0032961607"
"644","-8.0248710895","-8.0248710895","-8.0248710895"
"645","-8.036731267","-8.036731267","-8.036731267"
"646","-8.0357367921","-8.0357367921","-8.0357367921"
"647","-8.040558753","-8.040558753","-8.040558753"
"648","-8.0386414075","-8.0386414075","-8.0386414075"
"649","-8.0661001897","-8.0661001897","-8.0661001897"
"650","-8.0511331058","-8.0511331058","-8.0511331058"
"651","-8.0238965559","-8.0238965559","-8.0238965559"
"652","-8.078642993","-8.078642993","-8.078642993"
"653","-8.0465632272","-8.0465632272","-8.0465632272"
"654","-8.0459910941","-8.0459910941","-8.0459910941"
"655","-8.0477817988","-8.0477817988","-8.0477817988"
"656","-8.0206427574","-8.0206427574","-8.0206427574"
"657","-8.0544276214","-8.0544276214","-8.0544276214"
"658","-8.0388159966","-8.0388159966","-8.0388159966"
"659","-8.0230272341","-8.0230272341","-8.0230272341"
"660","-8.0381426907","-8.0381426907","-8.0381426907"
"661","-8.0280449939","-8.0280449939","-8.0280449939"
"662","-8.047045691","-8.047045691","-8.047045691"
"663","-8.0336438227","-8.0336438227","-8.0336438227"
"664","-8.043594985","-8.043594985","-8.043594985"
"665","-8.0377647305","-8.0377647305","-8.0377647305"
"666","-8.0451453757","-8.0451453757","-8.0451453757"
"667","-8.0375953078","-8.0375953078","-8.0375953078"
"668","-8.0691391349","-8.0691391349","-8.0691391349"
"669","-8.0618357849","-8.0618357849","-8.0618357849"
"670","-8.0624221468","-8.0624221468","-8.0624221468"
"671","-8.0528183508","-8.0528183508","-8.0528183508"
"672","-8.086159811","-8.086159811","-8.086159811"
"673","-8.0453705478","-8.0453705478","-8.0453705478"
"674","-8.0514856744","-8.0514856744","-8.0514856744"
"675","-8.0787776041","-8.0787776041","-8.0787776041"
"676","-8.0930755901","-8.0930755901","-8.0930755901"
"677","-8.1515910912","-8.1515910912","-8.1515910912"
"678","-8.1593332148","-8.1593332148","-8.1593332148"
"679","-8.1468484974","-8.1468484974","-8.1468484974"
"680","-8.1232933211","-8.1232933211","-8.1232933211"
"681","-8.1298038054","-8.1298038054","-8.1298038054"
"682","-8.1416175866","-8.1416175866","-8.1416175866"
"683","-8.1817935061","-8.1817935061","-8.1817935061"
"684","-8.1692115235","-8.1692115235","-8.1692115235"
"685","-8.1691076922","-8.1691076922","-8.1691076922"
"686","-8.1906630111","-8.1906630111","-8.1906630111"
"687","-8.2339674377","-8.2339674377","-8.2339674377"
"688","-8.2191417241","-8.2191417241","-8.2191417241"
"689","-8.2136856246","-8.2136856246","-8.2136856246"
"690","-8.2230789757","-8.2230789757","-8.2230789757"
"691","-8.2580287838","-8.2580287838","-8.2580287838"
"692","-8.258786087","-8.258786087","-8.258786087"
"693","-8.2714720225","-8.2714720225","-8.2714720225"
"694","-8.260804112","-8.260804112","-8.260804112"
"695","-8.2825361538","-8.2825361538","-8.2825361538"
"696","-8.3176661944","-8.3176661944","-8.3176661944"
"697","-8.316677866","-8.316677866","-8.316677866"
"698","-8.3750414014","-8.3750414014","-8.3750414014"
"699","-8.3539177108","-8.3539177108","-8.3539177108"
"700","-8.3912788916","-8.3912788916","-8.3912788916"
"701","-8.3886371851","-8.3886371851","-8.3886371851"
"702","-8.3727995682","-8.3727995682","-8.3727995682"
"703","-8.4048917198","-8.4048917198","-8.4048917198"
"704","-8.4037492418","-8.4037492418","-8.4037492418"
"705","-8.4213420868","-8.4213420868","-8.4213420868"
"706","-8.448358326","-8.448358326","-8.448358326"
"707","-8.4615533805","-8.4615533805","-8.4615533805"
"708","-8.4733532381","-8.4733532381","-8.4733532381"
"709","-8.4541466188","-8.4541466188","-8.4541466188"
"710","-8.5074121141","-8.5074121141","-8.5074121141"
"711","-8.4939237237","-8.4939237237","-8.4939237237"
"712","-8.5024276161","-8.5024276161","-8.5024276161"
"713","-8.5245735335","-8.5245735335","-8.5245735335"
"714","-8.5350053239","-8.5350053239","-8.5350053239"
"715","-8.5317242551","-8.5317242551","-8.5317242551"
"716","-8.5644664192","-8.5644664192","-8.5644664192"
"717","-8.5629735899","-8.5629735899","-8.5629735899"
"718","-8.5697582293","-8.5697582293","-8.5697582293"
"719","-8.5817324567","-8.5817324567","-8.5817324567"
"720","-8.5797657824","-8.5797657824","-8.5797657824"
"721","-8.5808188963","-8.5808188963","-8.5808188963"
"722","-8.5932179356","-8.5932179356","-8.5932179356"
"723","-8.6265535736","-8.6265535736","-8.6265535736"
"724","-8.6570605564","-8.6570605564","-8.6570605564"
"725","-8.6999687815","-8.6999687815","-8.6999687815"
"726","-8.6903649235","-8.6903649235","-8.6903649235"
"727","-8.7463101959","-8.7463101959","-8.7463101959"
"728","-8.7085263014","-8.7085263014","-8.7085263014"
"729","-8.7191121101","-8.7191121101","-8.7191121101"
"730","-8.6994228816","-8.6994228816","-8.6994228816"
"731","-8.759058547","-8.759058547","-8.759058547"
"732","-8.7581981039","-8.7581981039","-8.7581981039"
"733","-8.7700671053","-8.7700671053","-8.7700671053"
"734","-8.8209093618","-8.8209093618","-8.8209093618"
"735","-8.8212233305","-8.8212233305","-8.8212233305"
"736","-8.811539731","-8.811539731","-8.811539731"
"737","-8.8655899715","-8.8655899715","-8.8655899715"
"738","-8.8848690796","-8.8848690796","-8.8848690796"
"739","-8.8463217115","-8.8463217115","-8.8463217115"
"740","-8.8935307503","-8.8935307503","-8.8935307503"
"741","-8.8903232193","-8.8903232193","-8.8903232193"
"742","-8.8787561965","-8.8787561965","-8.8787561965"
"743","-8.9464355707","-8.9464355707","-8.9464355707"
"744","-8.9321168041","-8.9321168041","-8.9321168041"
"745","-8.9405169106","-8.9405169106","-8.9405169106"
"746","-8.9658276033","-8.9658276033","-8.9658276033"
"747","-8.9382613516","-8.9382613516","-8.9382613516"
"748","-8.9497779417","-8.9497779417","-8.9497779417"
"749","-8.9679290247","-8.9679290247","-8.9679290247"
"750","-8.9798206329","-8.9798206329","-8.9798206329"
"751","-8.9903073692","-8.9903073692","-8.9903073692"
"752","-9.0126537704","-9.0126537704","-9.0126537704"
"753","-9.014188509","-9.014188509","-9.014188509"
"754","-9.0015884209","-9.0015884209","-9.0015884209"
"755","-9.0232252312","-9.0232252312","-9.0232252312"
"756","-9.0308190632","-9.0308190632","-9.0308190632"
"757","-9.0364473772","-9.0364473772","-9.0364473772"
"758","-9.043403492","-9.043403492","-9.043403492"
"759","-9.0547342873","-9.0547342873","-9.0547342873"
"760","-9.0714561558","-9.0714561558","-9.0714561558"
"761","-9.0844193029","-9.0844193029","-9.0844193029"
"762","-9.0472777176","-9.0472777176","-9.0472777176"
"763","-9.0820470095","-9.0820470095","-9.0820470095"
"764","-9.0818533087","-9.0818533087","-9.0818533087"
"765","-9.0963691449","-9.0963691449","-9.0963691449"
"766","-9.1223311186","-9.1223311186","-9.1223311186"
"767","-9.0917216253","-9.0917216253","-9.0917216253"
"768","-9.1360292864","-9.1360292864","-9.1360292864"
"769","-9.1199857473","-9.1199857473","-9.1199857473"
"770","-9.128499074","-9.128499074","-9.128499074"
"771","-9.1568489027","-9.1568489027","-9.1568489027"
"772","-9.1890278244","-9.1890278244","-9.1890278244"
"773","-9.1529130936","-9.1529130936","-9.1529130936"
"774","-9.2038366985","-9.2038366985","-9.2038366985"
"775","-9.1852506399","-9.1852506399","-9.1852506399"
"776","-9.1821056604","-9.1821056604","-9.1821056604"
"777","-9.2356846046","-9.2356846046","-9.2356846046"
"778","-9.2105296516","-9.2105296516","-9.2105296516"
"779","-9.2147661877","-9.2147661877","-9.2147661877"
"780","-9.2371947145","-9.2371947145","-9.2371947145"
"781","-9.2567951536","-9.2567951536","-9.2567951536"
"782","-9.251626935","-9.251626935","-9.251626935"
"783","-9.3016127443","-9.3016127443","-9.3016127443"
"784","-9.322890563","-9.322890563","-9.322890563"
"785","-9.3158129358","-9.3158129358","-9.3158129358"
"786","-9.3249580669","-9.3249580669","-9.3249580669"
"787","-9.3313099766","-9.3313099766","-9.3313099766"
"788","-9.3200937128","-9.3200937128","-9.3200937128"
"789","-9.3608124352","-9.3608124352","-9.3608124352"
"790","-9.3664921904","-9.3664921904","-9.3664921904"
"791","-9.3833441496","-9.3833441496","-9.3833441496"
"792","-9.4091477776","-9.4091477776","-9.4091477776"
"793","-9.4371825838","-9.4371825838","-9.4371825838"
"794","-9.4241772747","-9.4241772747","-9.4241772747"
"795","-9.4143552637","-9.4143552637","-9.4143552637"
"796","-9.4349012136","-9.4349012136","-9.4349012136"
"797","-9.4506969166","-9.4506969166","-9.4506969166"
"798","-9.4470059156","-9.4470059156","-9.4470059156"
"799","-9.4831469345","-9.4831469345","-9.4831469345"
"800","-9.4850491333","-9.4850491333","-9.4850491333"
"801","-9.4958573151","-9.4958573151","-9.4958573151"
"802","-9.5102110672","-9.5102110672","-9.5102110672"
"803","-9.5248590755","-9.5248590755","-9.5248590755"
"804","-9.5056421757","-9.5056421757","-9.5056421757"
"805","-9.5645935678","-9.5645935678","-9.5645935678"
"806","-9.5304263973","-9.5304263973","-9.5304263973"
"807","-9.5987487411","-9.5987487411","-9.5987487411"
"808","-9.5747737026","-9.5747737026","-9.5747737026"
"809","-9.6041271734","-9.6041271734","-9.6041271734"
"810","-9.6062839794","-9.6062839794","-9.6062839794"
"811","-9.5866428041","-9.5866428041","-9.5866428041"
"812","-9.6119555426","-9.6119555426","-9.6119555426"
"813","-9.6182447672","-9.6182447672","-9.6182447672"
"814","-9.5730436897","-9.5730436897","-9.5730436897"
"815","-9.6338612318","-9.6338612318","-9.6338612318"
"816","-9.6295393515","-9.6295393515","-9.6295393515"
"817","-9.6337946987","-9.6337946987","-9.6337946987"
"818","-9.6559541035","-9.6559541035","-9.6559541035"
"819","-9.711876626","-9.711876626","-9.711876626"
"820","-9.7139648438","-9.7139648438","-9.7139648438"
"821","-9.7345882654","-9.7345882654","-9.7345882654"
"822","-9.7026949358","-9.7026949358","-9.7026949358"
"823","-9.7133504677","-9.7133504677","-9.7133504677"
"824","-9.7502505016","-9.7502505016","-9.7502505016"
"825","-9.7478577852","-9.7478577852","-9.7478577852"
"826","-9.7345884466","-9.7345884466","-9.7345884466"
"827","-9.7621793318","-9.7621793318","-9.7621793318"
"828","-9.7374388552","-9.7374388552","-9.7374388552"
"829","-9.7821094513","-9.7821094513","-9.7821094513"
"830","-9.8025577927","-9.8025577927","-9.8025577927"
"831","-9.8196829414","-9.8196829414","-9.8196829414"
"832","-9.8312642097","-9.8312642097","-9.8312642097"
"833","-9.8331369638","-9.8331369638","-9.8331369638"
"834","-9.8537437391","-9.8537437391","-9.8537437391"
"835","-9.8633583164","-9.8633583164","-9.8633583164"
"836","-9.8544399595","-9.8544399595","-9.8544399595"
"837","-9.9087684393","-9.9087684393","-9.9087684393"
"838","-9.916541748","-9.916541748","-9.916541748"
"839","-9.919282093","-9.919282093","-9.919282093"
"840","-9.9190859079","-9.9190859079","-9.9190859079"
"841","-9.9314881563","-9.9314881563","-9.9314881563"
"842","-9.9094927406","-9.9094927406","-9.9094927406"
"843","-9.9478091383","-9.9478091383","-9.9478091383"
"844","-9.9553000879","-9.9553000879","-9.9553000879"
"845","-9.9979537296","-9.9979537296","-9.9979537296"
"846","-9.9725312853","-9.9725312853","-9.9725312853"
"847","-9.9692615461","-9.9692615461","-9.9692615461"
"848","-9.9682569027","-9.9682569027","-9.9682569027"
"849","-10.0292285728","-10.0292285728","-10.0292285728"
"850","-9.9929929686","-9.9929929686","-9.9929929686"
"851","-10.0095355511","-10.0095355511","-10.0095355511"
"852","-10.0292114973","-10.0292114973","-10.0292114973"
"853","-10.0506479979","-10.0506479979","-10.0506479979"
"854","-10.0734254837","-10.0734254837","-10.0734254837"
"855","-10.0601912451","-10.0601912451","-10.0601912451"
"856","-10.1023576164","-10.1023576164","-10.1023576164"
"857","-10.0661914349","-10.0661914349","-10.0661914349"
"858","-10.1331500053","-10.1331500053","-10.1331500053"
"859","-10.150832696","-10.150832696","-10.150832696"
"860","-10.1565018415","-10.1565018415","-10.1565018415"
"861","-10.1534716845","-10.1534716845","-10.1534716845"
"862","-10.1547659731","-10.1547659731","-10.1547659731"
"863","-10.1931978035","-10.1931978035","-10.1931978035"
"864","-10.162569952","-10.162569952","-10.162569952"
"865","-10.204557848","-10.204557848","-10.204557848"
"866","-10.2062778282","-10.2062778282","-10.2062778282"
"867","-10.2383993816","-10.2383993816","-10.2383993816"
"868","-10.2505629921","-10.2505629921","-10.2505629921"
"869","-10.2269262791","-10.2269262791","-10.2269262791"
"870","-10.2561285973","-10.2561285973","-10.2561285973"
"871","-10.2825202322","-10.2825202322","-10.2825202322"
"872","-10.2511637163","-10.2511637163","-10.2511637163"
"873","-10.2787528896","-10.2787528896","-10.2787528896"
"874","-10.3073050976","-10.3073050976","-10.3073050976"
"875","-10.3546188545","-10.3546188545","-10.3546188545"
"876","-10.3454536581","-10.3454536581","-10.3454536581"
"877","-10.3214105368","-10.3214105368","-10.3214105368"
"878","-10.3561792803","-10.3561792803","-10.3561792803"
"879","-10.3865633297","-10.3865633297","-10.3865633297"
"880","-10.3830956697","-10.3830956697","-10.3830956697"
"881","-10.3561160326","-10.3561160326","-10.3561160326"
"882","-10.3937310839","-10.3937310839","-10.3937310839"
"883","-10.4617872429","-10.4617872429","-10.4617872429"
"884","-10.4290111828","-10.4290111828","-10.4290111828"
"885","-10.4511298466","-10.4511298466","-10.4511298466"
"886","-10.4489223957","-10.4489223957","-10.4489223957"
"887","-10.5022233486","-10.5022233486","-10.5022233486"
"888","-10.4967817593","-10.4967817593","-10.4967817593"
"889","-10.51519104","-10.51519104","-10.51519104"
"890","-10.524309926","-10.524309926","-10.524309926"
"891","-10.5298340607","-10.5298340607","-10.5298340607"
"892","-10.5076534462","-10.5076534462","-10.5076534462"
"893","-10.5401229143","-10.5401229143","-10.5401229143"
"894","-10.5698303223","-10.5698303223","-10.5698303223"
"895","-10.5716351795","-10.5716351795","-10.5716351795"
"896","-10.556237874","-10.556237874","-10.556237874"
"897","-10.6060103416","-10.6060103416","-10.6060103416"
"898","-10.5816014814","-10.5816014814","-10.5816014814"
"899","-10.5595068884","-10.5595068884","-10.5595068884"
"900","-10.6418601894","-10.6418601894","-10.6418601894"
"901","-10.5929361105","-10.5929361105","-10.5929361105"
"902","-10.6616401625","-10.6616401625","-10.6616401625"
"903","-10.647380619","-10.647380619","-10.647380619"
"904","-10.593004384","-10.593004384","-10.593004384"
"905","-10.6525432968","-10.6525432968","-10.6525432968"
"906","-10.6427856493","-10.6427856493","-10.6427856493"
"907","-10.6783064413","-10.6783064413","-10.6783064413"
"908","-10.6767303705","-10.6767303705","-10.6767303705"
"909","-10.6673628521","-10.6673628521","-10.6673628521"
"910","-10.6651641798","-10.6651641798","-10.6651641798"
"911","-10.6644711828","-10.6644711828","-10.6644711828"
"912","-10.6820837498","-10.6820837498","-10.6820837498"
"913","-10.6843944597","-10.6843944597","-10.6843944597"
"914","-10.7313736677","-10.7313736677","-10.7313736677"
"915","-10.7211714506","-10.7211714506","-10.7211714506"
"916","-10.7284162235","-10.7284162235","-10.7284162235"
"917","-10.7440508938","-10.7440508938","-10.7440508938"
"918","-10.7944637442","-10.7944637442","-10.7944637442"
"919","-10.7796069574","-10.7796069574","-10.7796069574"
"920","-10.7738157558","-10.7738157558","-10.7738157558"
"921","-10.7807717085","-10.7807717085","-10.7807717085"
"922","-10.7882399511","-10.7882399511","-10.7882399511"
"923","-10.847849946","-10.847849946","-10.847849946"
"924","-10.8068957996","-10.8068957996","-10.8068957996"
"925","-10.8735181332","-10.8735181332","-10.8735181332"
"926","-10.8460673857","-10.8460673857","-10.8460673857"
"927","-10.8647074413","-10.8647074413","-10.8647074413"
"928","-10.895286293","-10.895286293","-10.895286293"
"929","-10.8872927427","-10.8872927427","-10.8872927427"
"930","-10.9152589893","-10.9152589893","-10.9152589893"
"931","-10.9293947697","-10.9293947697","-10.9293947697"
"932","-10.944186945","-10.944186945","-10.944186945"
"933","-10.9477645493","-10.9477645493","-10.9477645493"
"934","-10.9718888092","-10.9718888092","-10.9718888092"
"935","-10.9697915506","-10.9697915506","-10.9697915506"
"936","-10.9451585484","-10.9451585484","-10.9451585484"
"937","-10.9513606262","-10.9513606262","-10.9513606262"
"938","-11.0054118395","-11.0054118395","-11.0054118395"
"939","-11.0090304184","-11.0090304184","-11.0090304184"
"940","-11.11668046","-11.11668046","-11.11668046"
"941","-11.0972352695","-11.0972352695","-11.0972352695"
"942","-11.0903909445","-11.0903909445","-11.0903909445"
"943","-11.1271579933","-11.1271579933","-11.1271579933"
"944","-11.1484836864","-11.1484836864","-11.1484836864"
"945","-11.1147765732","-11.1147765732","-11.1147765732"
"946","-11.1464012384","-11.1464012384","-11.1464012384"
"947","-11.1535823298","-11.1535823298","-11.1535823298"
"948","-11.161802268","-11.161802268","-11.161802268"
"949","-11.2308543968","-11.2308543968","-11.2308543968"
"950","-11.1677617502","-11.1677617502","-11.1677617502"
"951","-11.2103163147","-11.2103163147","-11.2103163147"
"952","-11.2092613935","-11.2092613935","-11.2092613935"
"953","-11.2548855543","-11.2548855543","-11.2548855543"
"954","-11.2522520828","-11.2522520828","-11.2522520828"
"955","-11.2437579679","-11.2437579679","-11.2437579679"
"956","-11.3072697401","-11.3072697401","-11.3072697401"
"957","-11.282336359","-11.282336359","-11.282336359"
"958","-11.3433538246","-11.3433538246","-11.3433538246"
"959","-11.310369029","-11.310369029","-11.310369029"
"960","-11.3408633661","-11.3408633661","-11.3408633661"
"961","-11.3500356579","-11.3500356579","-11.3500356579"
"962","-11.371012845","-11.371012845","-11.371012845"
"963","-11.3310377598","-11.3310377598","-11.3310377598"
"964","-11.3425996161","-11.3425996161","-11.3425996161"
"965","-11.4104213667","-11.4104213667","-11.4104213667"
"966","-11.353515892","-11.353515892","-11.353515892"
"967","-11.4270233774","-11.4270233774","-11.4270233774"
"968","-11.4092105913","-11.4092105913","-11.4092105913"
"969","-11.4159571648","-11.4159571648","-11.4159571648"
"970","-11.461220994","-11.461220994","-11.461220994"
"971","-11.4650949097","-11.4650949097","-11.4650949097"
"972","-11.4884090519","-11.4884090519","-11.4884090519"
"973","-11.4652821684","-11.4652821684","-11.4652821684"
"974","-11.4983365822","-11.4983365822","-11.4983365822"
"975","-11.4802815247","-11.4802815247","-11.4802815247"
"976","-11.47932096","-11.47932096","-11.47932096"
"977","-11.4625032139","-11.4625032139","-11.4625032139"
"978","-11.4785010242","-11.4785010242","-11.4785010242"
"979","-11.4867559958","-11.4867559958","-11.4867559958"
"980","-11.5094267511","-11.5094267511","-11.5094267511"
"981","-11.50250072","-11.50250072","-11.50250072"
"982","-11.558657856","-11.558657856","-11.558657856"
"983","-11.57874331","-11.57874331","-11.57874331"
"984","-11.5831725597","-11.5831725597","-11.5831725597"
"985","-11.6279045725","-11.6279045725","-11.6279045725"
"986","-11.5876416159","-11.5876416159","-11.5876416159"
"987","-11.6418190098","-11.6418190098","-11.6418190098"
"988","-11.6618872786","-11.6618872786","-11.6618872786"
"989","-11.6362021303","-11.6362021303","-11.6362021303"
"990","-11.6857550573","-11.6857550573","-11.6857550573"
"991","-11.6822373533","-11.6822373533","-11.6822373533"
"992","-11.6957751369","-11.6957751369","-11.6957751369"
"993","-11.7149369526","-11.7149369526","-11.7149369526"
"994","-11.7528487062","-11.7528487062","-11.7528487062"
"995","-11.810497508","-11.810497508","-11.810497508"
"996","-11.8255325699","-11.8255325699","-11.8255325699"
"997","-11.8028221464","-11.8028221464","-11.8028221464"
"998","-11.821415596","-11.821415596","-11.821415596"
"999","-11.8772246122","-11.8772246122","-11.8772246122"