"Step","SAC_single_critic_short_test_track_pixel - loss_critic","SAC_single_critic_short_test_track_pixel - loss_critic__MIN","SAC_single_critic_short_test_track_pixel - loss_critic__MAX"
"0","0.0002982269","0.0002982269","0.0002982269"
"1","0.0000809357","0.0000809357","0.0000809357"
"2","0.0000844812","0.0000844812","0.0000844812"
"3","0.0001172294","0.0001172294","0.0001172294"
"4","0.0001750417","0.0001750417","0.0001750417"
"5","0.0002533394","0.0002533394","0.0002533394"
"6","0.0003536561","0.0003536561","0.0003536561"
"7","0.0004353244","0.0004353244","0.0004353244"
"8","0.0004998653","0.0004998653","0.0004998653"
"9","0.0006251098","0.0006251098","0.0006251098"
"10","0.0006626697","0.0006626697","0.0006626697"
"11","0.0007511095","0.0007511095","0.0007511095"
"12","0.0008633882","0.0008633882","0.0008633882"
"13","0.0009907669","0.0009907669","0.0009907669"
"14","0.001071111","0.001071111","0.001071111"
"15","0.0012961729","0.0012961729","0.0012961729"
"16","0.0012186997","0.0012186997","0.0012186997"
"17","0.0014371889","0.0014371889","0.0014371889"
"18","0.0014512966","0.0014512966","0.0014512966"
"19","0.0014546123","0.0014546123","0.0014546123"
"20","0.0018146408","0.0018146408","0.0018146408"
"21","0.0016576018","0.0016576018","0.0016576018"
"22","0.0017005552","0.0017005552","0.0017005552"
"23","0.0018115266","0.0018115266","0.0018115266"
"24","0.0019218139","0.0019218139","0.0019218139"
"25","0.0020214691","0.0020214691","0.0020214691"
"26","0.0022554688","0.0022554688","0.0022554688"
"27","0.0021849253","0.0021849253","0.0021849253"
"28","0.002389249","0.002389249","0.002389249"
"29","0.0029196128","0.0029196128","0.0029196128"
"30","0.0027516798","0.0027516798","0.0027516798"
"31","0.0029317502","0.0029317502","0.0029317502"
"32","0.0030084974","0.0030084974","0.0030084974"
"33","0.0029273537","0.0029273537","0.0029273537"
"34","0.0030344669","0.0030344669","0.0030344669"
"35","0.0028786742","0.0028786742","0.0028786742"
"36","0.003442107","0.003442107","0.003442107"
"37","0.0033177024","0.0033177024","0.0033177024"
"38","0.0034098831","0.0034098831","0.0034098831"
"39","0.0035252887","0.0035252887","0.0035252887"
"40","0.0033524867","0.0033524867","0.0033524867"
"41","0.0034009258","0.0034009258","0.0034009258"
"42","0.0033395503","0.0033395503","0.0033395503"
"43","0.0036624667","0.0036624667","0.0036624667"
"44","0.0035347822","0.0035347822","0.0035347822"
"45","0.0038068169","0.0038068169","0.0038068169"
"46","0.0043051001","0.0043051001","0.0043051001"
"47","0.0039221156","0.0039221156","0.0039221156"
"48","0.0041154898","0.0041154898","0.0041154898"
"49","0.0039067514","0.0039067514","0.0039067514"
"50","0.0040868387","0.0040868387","0.0040868387"
"51","0.00481254","0.00481254","0.00481254"
"52","0.0044650128","0.0044650128","0.0044650128"
"53","0.0044692467","0.0044692467","0.0044692467"
"54","0.0048528762","0.0048528762","0.0048528762"
"55","0.0046052366","0.0046052366","0.0046052366"
"56","0.0047024701","0.0047024701","0.0047024701"
"57","0.00463733","0.00463733","0.00463733"
"58","0.004756874","0.004756874","0.004756874"
"59","0.0053459145","0.0053459145","0.0053459145"
"60","0.0056465407","0.0056465407","0.0056465407"
"61","0.0055420139","0.0055420139","0.0055420139"
"62","0.0056299601","0.0056299601","0.0056299601"
"63","0.0055389918","0.0055389918","0.0055389918"
"64","0.0063753259","0.0063753259","0.0063753259"
"65","0.006364968","0.006364968","0.006364968"
"66","0.006700017","0.006700017","0.006700017"
"67","0.0064083095","0.0064083095","0.0064083095"
"68","0.0064422578","0.0064422578","0.0064422578"
"69","0.0068882379","0.0068882379","0.0068882379"
"70","0.0064873981","0.0064873981","0.0064873981"
"71","0.0066501419","0.0066501419","0.0066501419"
"72","0.0070454289","0.0070454289","0.0070454289"
"73","0.0071376175","0.0071376175","0.0071376175"
"74","0.0081591977","0.0081591977","0.0081591977"
"75","0.0084055913","0.0084055913","0.0084055913"
"76","0.0072679774","0.0072679774","0.0072679774"
"77","0.0075938824","0.0075938824","0.0075938824"
"78","0.0072996948","0.0072996948","0.0072996948"
"79","0.0075462546","0.0075462546","0.0075462546"
"80","0.00863202","0.00863202","0.00863202"
"81","0.0073892512","0.0073892512","0.0073892512"
"82","0.0083541857","0.0083541857","0.0083541857"
"83","0.0094039747","0.0094039747","0.0094039747"
"84","0.0087619271","0.0087619271","0.0087619271"
"85","0.0081136645","0.0081136645","0.0081136645"
"86","0.0077563116","0.0077563116","0.0077563116"
"87","0.008601794","0.008601794","0.008601794"
"88","0.007819205","0.007819205","0.007819205"
"89","0.0088587216","0.0088587216","0.0088587216"
"90","0.0080710271","0.0080710271","0.0080710271"
"91","0.0086228979","0.0086228979","0.0086228979"
"92","0.0083898375","0.0083898375","0.0083898375"
"93","0.0080830169","0.0080830169","0.0080830169"
"94","0.0087088417","0.0087088417","0.0087088417"
"95","0.0082159731","0.0082159731","0.0082159731"
"96","0.0081190856","0.0081190856","0.0081190856"
"97","0.0086433049","0.0086433049","0.0086433049"
"98","0.009043983","0.009043983","0.009043983"
"99","0.0081030762","0.0081030762","0.0081030762"
"100","0.0076724796","0.0076724796","0.0076724796"
"101","0.0086610119","0.0086610119","0.0086610119"
"102","0.0085266504","0.0085266504","0.0085266504"
"103","0.0084500018","0.0084500018","0.0084500018"
"104","0.0083286299","0.0083286299","0.0083286299"
"105","0.0090629429","0.0090629429","0.0090629429"
"106","0.0092839202","0.0092839202","0.0092839202"
"107","0.0096226802","0.0096226802","0.0096226802"
"108","0.0096624042","0.0096624042","0.0096624042"
"109","0.0094329049","0.0094329049","0.0094329049"
"110","0.0094599179","0.0094599179","0.0094599179"
"111","0.0094664096","0.0094664096","0.0094664096"
"112","0.0089182035","0.0089182035","0.0089182035"
"113","0.0096434172","0.0096434172","0.0096434172"
"114","0.0086368979","0.0086368979","0.0086368979"
"115","0.0085449905","0.0085449905","0.0085449905"
"116","0.0094694397","0.0094694397","0.0094694397"
"117","0.0090407883","0.0090407883","0.0090407883"
"118","0.0086786312","0.0086786312","0.0086786312"
"119","0.009230776","0.009230776","0.009230776"
"120","0.0093866608","0.0093866608","0.0093866608"
"121","0.0103118565","0.0103118565","0.0103118565"
"122","0.0091501728","0.0091501728","0.0091501728"
"123","0.0103843734","0.0103843734","0.0103843734"
"124","0.0096165402","0.0096165402","0.0096165402"
"125","0.0088054374","0.0088054374","0.0088054374"
"126","0.0100513211","0.0100513211","0.0100513211"
"127","0.0090581223","0.0090581223","0.0090581223"
"128","0.0097683869","0.0097683869","0.0097683869"
"129","0.0097224274","0.0097224274","0.0097224274"
"130","0.0094924423","0.0094924423","0.0094924423"
"131","0.0099971352","0.0099971352","0.0099971352"
"132","0.0112876145","0.0112876145","0.0112876145"
"133","0.0097344339","0.0097344339","0.0097344339"
"134","0.0102710598","0.0102710598","0.0102710598"
"135","0.0096116647","0.0096116647","0.0096116647"
"136","0.0111379487","0.0111379487","0.0111379487"
"137","0.0104129749","0.0104129749","0.0104129749"
"138","0.0108604555","0.0108604555","0.0108604555"
"139","0.0106706336","0.0106706336","0.0106706336"
"140","0.0105563481","0.0105563481","0.0105563481"
"141","0.0112046433","0.0112046433","0.0112046433"
"142","0.0100693961","0.0100693961","0.0100693961"
"143","0.011438122","0.011438122","0.011438122"
"144","0.0111559276","0.0111559276","0.0111559276"
"145","0.0114600325","0.0114600325","0.0114600325"
"146","0.0106640997","0.0106640997","0.0106640997"
"147","0.0121568614","0.0121568614","0.0121568614"
"148","0.0103370742","0.0103370742","0.0103370742"
"149","0.0119378739","0.0119378739","0.0119378739"
"150","0.0112044777","0.0112044777","0.0112044777"
"151","0.0111762727","0.0111762727","0.0111762727"
"152","0.0114076718","0.0114076718","0.0114076718"
"153","0.0106403079","0.0106403079","0.0106403079"
"154","0.0115968033","0.0115968033","0.0115968033"
"155","0.0112825601","0.0112825601","0.0112825601"
"156","0.0114284664","0.0114284664","0.0114284664"
"157","0.0107875705","0.0107875705","0.0107875705"
"158","0.0110009079","0.0110009079","0.0110009079"
"159","0.0115973963","0.0115973963","0.0115973963"
"160","0.0110485431","0.0110485431","0.0110485431"
"161","0.0107864354","0.0107864354","0.0107864354"
"162","0.0105415451","0.0105415451","0.0105415451"
"163","0.0105790122","0.0105790122","0.0105790122"
"164","0.0113381268","0.0113381268","0.0113381268"
"165","0.012262619","0.012262619","0.012262619"
"166","0.012075782","0.012075782","0.012075782"
"167","0.010875796","0.010875796","0.010875796"
"168","0.0118590575","0.0118590575","0.0118590575"
"169","0.0122359364","0.0122359364","0.0122359364"
"170","0.0110071913","0.0110071913","0.0110071913"
"171","0.011680805","0.011680805","0.011680805"
"172","0.0110083828","0.0110083828","0.0110083828"
"173","0.0116270874","0.0116270874","0.0116270874"
"174","0.011961591","0.011961591","0.011961591"
"175","0.0113032854","0.0113032854","0.0113032854"
"176","0.0103699334","0.0103699334","0.0103699334"
"177","0.0114739139","0.0114739139","0.0114739139"
"178","0.0111136626","0.0111136626","0.0111136626"
"179","0.0107547064","0.0107547064","0.0107547064"
"180","0.0112454937","0.0112454937","0.0112454937"
"181","0.0112081891","0.0112081891","0.0112081891"
"182","0.0122056359","0.0122056359","0.0122056359"
"183","0.0115261531","0.0115261531","0.0115261531"
"184","0.0125695336","0.0125695336","0.0125695336"
"185","0.0122725658","0.0122725658","0.0122725658"
"186","0.0124101101","0.0124101101","0.0124101101"
"187","0.0115980938","0.0115980938","0.0115980938"
"188","0.0120380052","0.0120380052","0.0120380052"
"189","0.0113302275","0.0113302275","0.0113302275"
"190","0.0145801247","0.0145801247","0.0145801247"
"191","0.012436897","0.012436897","0.012436897"
"192","0.0125220328","0.0125220328","0.0125220328"
"193","0.0123844391","0.0123844391","0.0123844391"
"194","0.0133885655","0.0133885655","0.0133885655"
"195","0.0140183374","0.0140183374","0.0140183374"
"196","0.0124325875","0.0124325875","0.0124325875"
"197","0.012815032","0.012815032","0.012815032"
"198","0.0125704919","0.0125704919","0.0125704919"
"199","0.0125960541","0.0125960541","0.0125960541"
"200","0.1945070241","0.1945070241","0.1945070241"
"201","0.1921099895","0.1921099895","0.1921099895"
"202","0.1895699495","0.1895699495","0.1895699495"
"203","0.5428014666","0.5428014666","0.5428014666"
"204","0.7086984828","0.7086984828","0.7086984828"
"205","0.3555169458","0.3555169458","0.3555169458"
"206","0.1852674345","0.1852674345","0.1852674345"
"207","0.179770439","0.179770439","0.179770439"
"208","0.3541983133","0.3541983133","0.3541983133"
"209","0.1820581899","0.1820581899","0.1820581899"
"210","0.0127374127","0.0127374127","0.0127374127"
"211","0.1803155893","0.1803155893","0.1803155893"
"212","0.3473675911","0.3473675911","0.3473675911"
"213","0.4989607652","0.4989607652","0.4989607652"
"214","0.5003333747","0.5003333747","0.5003333747"
"215","0.4878863124","0.4878863124","0.4878863124"
"216","0.7568747027","0.7568747027","0.7568747027"
"217","0.4333455294","0.4333455294","0.4333455294"
"218","0.1542974717","0.1542974717","0.1542974717"
"219","0.5456205367","0.5456205367","0.5456205367"
"220","0.7275614103","0.7275614103","0.7275614103"
"221","0.6969331463","0.6969331463","0.6969331463"
"222","0.1848406364","0.1848406364","0.1848406364"
"223","0.5380341295","0.5380341295","0.5380341295"
"224","0.2686139075","0.2686139075","0.2686139075"
"225","0.2316377387","0.2316377387","0.2316377387"
"226","0.0343250248","0.0343250248","0.0343250248"
"227","0.3497733621","0.3497733621","0.3497733621"
"228","0.3947785645","0.3947785645","0.3947785645"
"229","0.5094509699","0.5094509699","0.5094509699"
"230","0.1038000769","0.1038000769","0.1038000769"
"231","0.2542691742","0.2542691742","0.2542691742"
"232","0.100222627","0.100222627","0.100222627"
"233","0.085522207","0.085522207","0.085522207"
"234","0.1083984163","0.1083984163","0.1083984163"
"235","0.1932664052","0.1932664052","0.1932664052"
"236","0.1536047121","0.1536047121","0.1536047121"
"237","0.0778823039","0.0778823039","0.0778823039"
"238","0.0778165936","0.0778165936","0.0778165936"
"239","0.0649272988","0.0649272988","0.0649272988"
"240","0.0558573428","0.0558573428","0.0558573428"
"241","0.0988106587","0.0988106587","0.0988106587"
"242","0.084363264","0.084363264","0.084363264"
"243","0.0949304092","0.0949304092","0.0949304092"
"244","0.0548851904","0.0548851904","0.0548851904"
"245","0.0639078894","0.0639078894","0.0639078894"
"246","0.0705147678","0.0705147678","0.0705147678"
"247","0.1064350663","0.1064350663","0.1064350663"
"248","0.0659578348","0.0659578348","0.0659578348"
"249","0.0910369885","0.0910369885","0.0910369885"
"250","0.0865552844","0.0865552844","0.0865552844"
"251","0.1079139537","0.1079139537","0.1079139537"
"252","0.0922234303","0.0922234303","0.0922234303"
"253","0.0776149665","0.0776149665","0.0776149665"
"254","0.0690099664","0.0690099664","0.0690099664"
"255","0.0731241719","0.0731241719","0.0731241719"
"256","0.0841383229","0.0841383229","0.0841383229"
"257","0.0612528615","0.0612528615","0.0612528615"
"258","0.0982055783","0.0982055783","0.0982055783"
"259","0.1100744624","0.1100744624","0.1100744624"
"260","0.2631531626","0.2631531626","0.2631531626"
"261","0.2076409379","0.2076409379","0.2076409379"
"262","0.0918038358","0.0918038358","0.0918038358"
"263","0.0807508519","0.0807508519","0.0807508519"
"264","0.133135014","0.133135014","0.133135014"
"265","0.1220735558","0.1220735558","0.1220735558"
"266","0.0724852409","0.0724852409","0.0724852409"
"267","0.2185859002","0.2185859002","0.2185859002"
"268","0.1741284927","0.1741284927","0.1741284927"
"269","0.1660161425","0.1660161425","0.1660161425"
"270","0.1331314897","0.1331314897","0.1331314897"
"271","0.1089100271","0.1089100271","0.1089100271"
"272","0.1180672009","0.1180672009","0.1180672009"
"273","0.1419774217","0.1419774217","0.1419774217"
"274","0.1648776679","0.1648776679","0.1648776679"
"275","0.1329418746","0.1329418746","0.1329418746"
"276","0.2441682991","0.2441682991","0.2441682991"
"277","0.2058434135","0.2058434135","0.2058434135"
"278","0.425737425","0.425737425","0.425737425"
"279","0.2187725466","0.2187725466","0.2187725466"
"280","0.1318331706","0.1318331706","0.1318331706"
"281","0.2446394856","0.2446394856","0.2446394856"
"282","0.358740369","0.358740369","0.358740369"
"283","0.3893750004","0.3893750004","0.3893750004"
"284","0.5197464413","0.5197464413","0.5197464413"
"285","0.2209942177","0.2209942177","0.2209942177"
"286","0.3880776675","0.3880776675","0.3880776675"
"287","0.3467978007","0.3467978007","0.3467978007"
"288","0.3498031773","0.3498031773","0.3498031773"
"289","0.2259115855","0.2259115855","0.2259115855"
"290","0.5367049995","0.5367049995","0.5367049995"
"291","0.3556392522","0.3556392522","0.3556392522"
"292","0.1709968324","0.1709968324","0.1709968324"
"293","0.1508344588","0.1508344588","0.1508344588"
"294","0.2062788039","0.2062788039","0.2062788039"
"295","0.1894715382","0.1894715382","0.1894715382"
"296","0.437719829","0.437719829","0.437719829"
"297","0.2049110096","0.2049110096","0.2049110096"
"298","0.4731500683","0.4731500683","0.4731500683"
"299","0.3824505704","0.3824505704","0.3824505704"
"300","0.2099233261","0.2099233261","0.2099233261"
"301","0.4040259153","0.4040259153","0.4040259153"
"302","0.2250950773","0.2250950773","0.2250950773"
"303","0.5102946998","0.5102946998","0.5102946998"
"304","0.952447911","0.952447911","0.952447911"
"305","0.2423603154","0.2423603154","0.2423603154"
"306","0.528061007","0.528061007","0.528061007"
"307","0.575883793","0.575883793","0.575883793"
"308","0.8585615279","0.8585615279","0.8585615279"
"309","0.416637942","0.416637942","0.416637942"
"310","0.4950927047","0.4950927047","0.4950927047"
"311","0.7646195518","0.7646195518","0.7646195518"
"312","0.8026469028","0.8026469028","0.8026469028"
"313","0.3980312573","0.3980312573","0.3980312573"
"314","0.5059867032","0.5059867032","0.5059867032"
"315","0.3754412155","0.3754412155","0.3754412155"
"316","0.5590924655","0.5590924655","0.5590924655"
"317","0.6550394553","0.6550394553","0.6550394553"
"318","0.3272459053","0.3272459053","0.3272459053"
"319","0.3871113247","0.3871113247","0.3871113247"
"320","0.5944890844","0.5944890844","0.5944890844"
"321","0.3779287152","0.3779287152","0.3779287152"
"322","0.643781009","0.643781009","0.643781009"
"323","0.4233507978","0.4233507978","0.4233507978"
"324","0.4000101509","0.4000101509","0.4000101509"
"325","0.3014199839","0.3014199839","0.3014199839"
"326","0.4830383749","0.4830383749","0.4830383749"
"327","0.3079659605","0.3079659605","0.3079659605"
"328","0.2840539779","0.2840539779","0.2840539779"
"329","0.4103999715","0.4103999715","0.4103999715"
"330","0.4121450719","0.4121450719","0.4121450719"
"331","0.4052548046","0.4052548046","0.4052548046"
"332","0.3466370481","0.3466370481","0.3466370481"
"333","0.401143672","0.401143672","0.401143672"
"334","0.2692756201","0.2692756201","0.2692756201"
"335","0.268651781","0.268651781","0.268651781"
"336","0.3310516789","0.3310516789","0.3310516789"
"337","0.3471673235","0.3471673235","0.3471673235"
"338","0.3111681877","0.3111681877","0.3111681877"
"339","0.2768099353","0.2768099353","0.2768099353"
"340","0.2514016215","0.2514016215","0.2514016215"
"341","0.2891436081","0.2891436081","0.2891436081"
"342","0.304110753","0.304110753","0.304110753"
"343","0.3015842267","0.3015842267","0.3015842267"
"344","0.3095203674","0.3095203674","0.3095203674"
"345","0.3605274649","0.3605274649","0.3605274649"
"346","0.2833423568","0.2833423568","0.2833423568"
"347","0.3025761136","0.3025761136","0.3025761136"
"348","0.2847027382","0.2847027382","0.2847027382"
"349","0.3479524044","0.3479524044","0.3479524044"
"350","0.2692313826","0.2692313826","0.2692313826"
"351","0.2993810235","0.2993810235","0.2993810235"
"352","0.3092145215","0.3092145215","0.3092145215"
"353","0.2736309717","0.2736309717","0.2736309717"
"354","0.2906048323","0.2906048323","0.2906048323"
"355","0.3057160776","0.3057160776","0.3057160776"
"356","0.2882931257","0.2882931257","0.2882931257"
"357","0.323163951","0.323163951","0.323163951"
"358","0.2816016873","0.2816016873","0.2816016873"
"359","0.3414124566","0.3414124566","0.3414124566"
"360","0.2879194554","0.2879194554","0.2879194554"
"361","0.2959476383","0.2959476383","0.2959476383"
"362","0.300450857","0.300450857","0.300450857"
"363","0.2890062432","0.2890062432","0.2890062432"
"364","0.3130510132","0.3130510132","0.3130510132"
"365","0.2610273518","0.2610273518","0.2610273518"
"366","0.3029877223","0.3029877223","0.3029877223"
"367","0.3041320097","0.3041320097","0.3041320097"
"368","0.3207529039","0.3207529039","0.3207529039"
"369","0.3093838437","0.3093838437","0.3093838437"
"370","0.3155758555","0.3155758555","0.3155758555"
"371","0.2842542988","0.2842542988","0.2842542988"
"372","0.3324785121","0.3324785121","0.3324785121"
"373","0.3139105988","0.3139105988","0.3139105988"
"374","0.3242243214","0.3242243214","0.3242243214"
"375","0.325586391","0.325586391","0.325586391"
"376","0.3493685812","0.3493685812","0.3493685812"
"377","0.3657185549","0.3657185549","0.3657185549"
"378","0.3731082565","0.3731082565","0.3731082565"
"379","0.3570914777","0.3570914777","0.3570914777"
"380","0.3412871464","0.3412871464","0.3412871464"
"381","0.3568749835","0.3568749835","0.3568749835"
"382","0.3177816658","0.3177816658","0.3177816658"
"383","0.3333778623","0.3333778623","0.3333778623"
"384","0.331639492","0.331639492","0.331639492"
"385","0.2956938226","0.2956938226","0.2956938226"
"386","0.3105619941","0.3105619941","0.3105619941"
"387","0.3575992056","0.3575992056","0.3575992056"
"388","0.3340175819","0.3340175819","0.3340175819"
"389","0.4424931742","0.4424931742","0.4424931742"
"390","0.3664497048","0.3664497048","0.3664497048"
"391","0.3812782713","0.3812782713","0.3812782713"
"392","0.5228991096","0.5228991096","0.5228991096"
"393","0.358168559","0.358168559","0.358168559"
"394","0.4461394337","0.4461394337","0.4461394337"
"395","0.4248489689","0.4248489689","0.4248489689"
"396","0.3716337301","0.3716337301","0.3716337301"
"397","0.4567412989","0.4567412989","0.4567412989"
"398","0.4341311368","0.4341311368","0.4341311368"
"399","0.4146889124","0.4146889124","0.4146889124"
"400","0.3916263216","0.3916263216","0.3916263216"
"401","0.3869871271","0.3869871271","0.3869871271"
"402","0.3894396528","0.3894396528","0.3894396528"
"403","0.4309285016","0.4309285016","0.4309285016"
"404","0.3588364677","0.3588364677","0.3588364677"
"405","0.3975721147","0.3975721147","0.3975721147"
"406","0.4221420447","0.4221420447","0.4221420447"
"407","0.3450866203","0.3450866203","0.3450866203"
"408","0.3726083678","0.3726083678","0.3726083678"
"409","0.3770576292","0.3770576292","0.3770576292"
"410","0.3719026478","0.3719026478","0.3719026478"
"411","0.4236133979","0.4236133979","0.4236133979"
"412","0.4133179154","0.4133179154","0.4133179154"
"413","0.3931094819","0.3931094819","0.3931094819"
"414","0.3599273083","0.3599273083","0.3599273083"
"415","0.3435635607","0.3435635607","0.3435635607"
"416","0.3884997919","0.3884997919","0.3884997919"
"417","0.3670260153","0.3670260153","0.3670260153"
"418","0.3688129189","0.3688129189","0.3688129189"
"419","0.3331204613","0.3331204613","0.3331204613"
"420","0.3491674253","0.3491674253","0.3491674253"
"421","0.3682965344","0.3682965344","0.3682965344"
"422","0.3850438261","0.3850438261","0.3850438261"
"423","0.3927908991","0.3927908991","0.3927908991"
"424","0.3609520112","0.3609520112","0.3609520112"
"425","0.3907682788","0.3907682788","0.3907682788"
"426","0.3613542367","0.3613542367","0.3613542367"
"427","0.409541907","0.409541907","0.409541907"
"428","0.3945036636","0.3945036636","0.3945036636"
"429","0.3489751402","0.3489751402","0.3489751402"
"430","0.35927544","0.35927544","0.35927544"
"431","0.3846284017","0.3846284017","0.3846284017"
"432","0.3764973303","0.3764973303","0.3764973303"
"433","0.3909523875","0.3909523875","0.3909523875"
"434","0.36828633","0.36828633","0.36828633"
"435","0.4163578944","0.4163578944","0.4163578944"
"436","0.4437302731","0.4437302731","0.4437302731"
"437","0.3871080669","0.3871080669","0.3871080669"
"438","0.4246500397","0.4246500397","0.4246500397"
"439","0.3925520451","0.3925520451","0.3925520451"
"440","0.4364119451","0.4364119451","0.4364119451"
"441","0.3735401402","0.3735401402","0.3735401402"
"442","0.3730416421","0.3730416421","0.3730416421"
"443","0.4704490602","0.4704490602","0.4704490602"
"444","0.4275912468","0.4275912468","0.4275912468"
"445","0.3940965365","0.3940965365","0.3940965365"
"446","0.3984866727","0.3984866727","0.3984866727"
"447","0.4011910743","0.4011910743","0.4011910743"
"448","0.3815182091","0.3815182091","0.3815182091"
"449","0.4306980926","0.4306980926","0.4306980926"
"450","0.3932533424","0.3932533424","0.3932533424"
"451","0.4026844702","0.4026844702","0.4026844702"
"452","0.3754901507","0.3754901507","0.3754901507"
"453","0.4253971147","0.4253971147","0.4253971147"
"454","0.4073621213","0.4073621213","0.4073621213"
"455","0.4107484981","0.4107484981","0.4107484981"
"456","0.4107547317","0.4107547317","0.4107547317"
"457","0.3868874763","0.3868874763","0.3868874763"
"458","0.4357746308","0.4357746308","0.4357746308"
"459","0.4015411272","0.4015411272","0.4015411272"
"460","0.4807223338","0.4807223338","0.4807223338"
"461","0.4049894007","0.4049894007","0.4049894007"
"462","0.4362977149","0.4362977149","0.4362977149"
"463","0.4032652177","0.4032652177","0.4032652177"
"464","0.4763913759","0.4763913759","0.4763913759"
"465","0.4152476895","0.4152476895","0.4152476895"
"466","0.4119501849","0.4119501849","0.4119501849"
"467","0.4119190378","0.4119190378","0.4119190378"
"468","0.3823159647","0.3823159647","0.3823159647"
"469","0.4223448527","0.4223448527","0.4223448527"
"470","0.3769986866","0.3769986866","0.3769986866"
"471","0.390939597","0.390939597","0.390939597"
"472","0.3652607692","0.3652607692","0.3652607692"
"473","0.3925482176","0.3925482176","0.3925482176"
"474","0.4015682644","0.4015682644","0.4015682644"
"475","0.3902281282","0.3902281282","0.3902281282"
"476","0.3989499711","0.3989499711","0.3989499711"
"477","0.3868518286","0.3868518286","0.3868518286"
"478","0.3574871477","0.3574871477","0.3574871477"
"479","0.3596522297","0.3596522297","0.3596522297"
"480","0.3850165424","0.3850165424","0.3850165424"
"481","0.3925105514","0.3925105514","0.3925105514"
"482","0.4169123634","0.4169123634","0.4169123634"
"483","0.3659715733","0.3659715733","0.3659715733"
"484","0.3842865572","0.3842865572","0.3842865572"
"485","0.3801924305","0.3801924305","0.3801924305"
"486","0.3438730678","0.3438730678","0.3438730678"
"487","0.3645302181","0.3645302181","0.3645302181"
"488","0.3523746286","0.3523746286","0.3523746286"
"489","0.3553367601","0.3553367601","0.3553367601"
"490","0.3379781032","0.3379781032","0.3379781032"
"491","0.3529368503","0.3529368503","0.3529368503"
"492","0.3591928995","0.3591928995","0.3591928995"
"493","0.334841671","0.334841671","0.334841671"
"494","0.3616569436","0.3616569436","0.3616569436"
"495","0.3530614613","0.3530614613","0.3530614613"
"496","0.3428881942","0.3428881942","0.3428881942"
"497","0.3286637747","0.3286637747","0.3286637747"
"498","0.3206298531","0.3206298531","0.3206298531"
"499","0.3367162819","0.3367162819","0.3367162819"
"500","0.3515621702","0.3515621702","0.3515621702"
"501","0.3588343791","0.3588343791","0.3588343791"
"502","0.3398375379","0.3398375379","0.3398375379"
"503","0.3500054548","0.3500054548","0.3500054548"
"504","0.3373604663","0.3373604663","0.3373604663"
"505","0.3302472873","0.3302472873","0.3302472873"
"506","0.3528594244","0.3528594244","0.3528594244"
"507","0.3663277412","0.3663277412","0.3663277412"
"508","0.3297161169","0.3297161169","0.3297161169"
"509","0.312621785","0.312621785","0.312621785"
"510","0.3117491753","0.3117491753","0.3117491753"
"511","0.3298817641","0.3298817641","0.3298817641"
"512","0.3298005453","0.3298005453","0.3298005453"
"513","0.329313915","0.329313915","0.329313915"
"514","0.3373947959","0.3373947959","0.3373947959"
"515","0.311599762","0.311599762","0.311599762"
"516","0.320794787","0.320794787","0.320794787"
"517","0.3555813278","0.3555813278","0.3555813278"
"518","0.3136707728","0.3136707728","0.3136707728"
"519","0.3215374262","0.3215374262","0.3215374262"
"520","0.3143254201","0.3143254201","0.3143254201"
"521","0.312998252","0.312998252","0.312998252"
"522","0.3401913396","0.3401913396","0.3401913396"
"523","0.2984046428","0.2984046428","0.2984046428"
"524","0.333955109","0.333955109","0.333955109"
"525","0.3160671921","0.3160671921","0.3160671921"
"526","0.3237050746","0.3237050746","0.3237050746"
"527","0.2994075706","0.2994075706","0.2994075706"
"528","0.3017421686","0.3017421686","0.3017421686"
"529","0.3017881896","0.3017881896","0.3017881896"
"530","0.3207347444","0.3207347444","0.3207347444"
"531","0.2973769055","0.2973769055","0.2973769055"
"532","0.2860057225","0.2860057225","0.2860057225"
"533","0.2797714587","0.2797714587","0.2797714587"
"534","0.3097357201","0.3097357201","0.3097357201"
"535","0.2808165761","0.2808165761","0.2808165761"
"536","0.3515686119","0.3515686119","0.3515686119"
"537","0.2890268384","0.2890268384","0.2890268384"
"538","0.3055792551","0.3055792551","0.3055792551"
"539","0.2819814468","0.2819814468","0.2819814468"
"540","0.2960400713","0.2960400713","0.2960400713"
"541","0.2916322136","0.2916322136","0.2916322136"
"542","0.3005508173","0.3005508173","0.3005508173"
"543","0.3052753903","0.3052753903","0.3052753903"
"544","0.2838774891","0.2838774891","0.2838774891"
"545","0.2916128786","0.2916128786","0.2916128786"
"546","0.2794282628","0.2794282628","0.2794282628"
"547","0.3122966473","0.3122966473","0.3122966473"
"548","0.2694054271","0.2694054271","0.2694054271"
"549","0.2820252995","0.2820252995","0.2820252995"
"550","0.319430165","0.319430165","0.319430165"
"551","0.281893478","0.281893478","0.281893478"
"552","0.284127464","0.284127464","0.284127464"
"553","0.3052556494","0.3052556494","0.3052556494"
"554","0.2983480428","0.2983480428","0.2983480428"
"555","0.2824601658","0.2824601658","0.2824601658"
"556","0.2966724988","0.2966724988","0.2966724988"
"557","0.2943474787","0.2943474787","0.2943474787"
"558","0.286951017","0.286951017","0.286951017"
"559","0.269772321","0.269772321","0.269772321"
"560","0.2763165854","0.2763165854","0.2763165854"
"561","0.3179994712","0.3179994712","0.3179994712"
"562","0.3160167107","0.3160167107","0.3160167107"
"563","0.2963006004","0.2963006004","0.2963006004"
"564","0.28223638","0.28223638","0.28223638"
"565","0.2984844067","0.2984844067","0.2984844067"
"566","0.3057521984","0.3057521984","0.3057521984"
"567","0.2903073641","0.2903073641","0.2903073641"
"568","0.2740746655","0.2740746655","0.2740746655"
"569","0.2980421955","0.2980421955","0.2980421955"
"570","0.2860372963","0.2860372963","0.2860372963"
"571","0.2821841742","0.2821841742","0.2821841742"
"572","0.3135398284","0.3135398284","0.3135398284"
"573","0.2681135606","0.2681135606","0.2681135606"
"574","0.3011127942","0.3011127942","0.3011127942"
"575","0.3128318648","0.3128318648","0.3128318648"
"576","0.2567816652","0.2567816652","0.2567816652"
"577","0.3039114529","0.3039114529","0.3039114529"
"578","0.3154514568","0.3154514568","0.3154514568"
"579","0.2821442874","0.2821442874","0.2821442874"
"580","0.2771814727","0.2771814727","0.2771814727"
"581","0.2914172555","0.2914172555","0.2914172555"
"582","0.282593883","0.282593883","0.282593883"
"583","0.2676716474","0.2676716474","0.2676716474"
"584","0.2621806966","0.2621806966","0.2621806966"
"585","0.2773860556","0.2773860556","0.2773860556"
"586","0.2725362492","0.2725362492","0.2725362492"
"587","0.3320092823","0.3320092823","0.3320092823"
"588","0.2654842738","0.2654842738","0.2654842738"
"589","0.2772954933","0.2772954933","0.2772954933"
"590","0.27177173","0.27177173","0.27177173"
"591","0.2474794022","0.2474794022","0.2474794022"
"592","0.2515048994","0.2515048994","0.2515048994"
"593","0.2646003862","0.2646003862","0.2646003862"
"594","0.243988471","0.243988471","0.243988471"
"595","0.2646027636","0.2646027636","0.2646027636"
"596","0.2646595261","0.2646595261","0.2646595261"
"597","0.287711013","0.287711013","0.287711013"
"598","0.2562973325","0.2562973325","0.2562973325"
"599","0.2732805379","0.2732805379","0.2732805379"
"600","0.2909592065","0.2909592065","0.2909592065"
"601","0.2852579083","0.2852579083","0.2852579083"
"602","0.2564937039","0.2564937039","0.2564937039"
"603","0.2636822533","0.2636822533","0.2636822533"
"604","0.2494505048","0.2494505048","0.2494505048"
"605","0.25611122","0.25611122","0.25611122"
"606","0.2547072411","0.2547072411","0.2547072411"
"607","0.2778096746","0.2778096746","0.2778096746"
"608","0.2594203664","0.2594203664","0.2594203664"
"609","0.2631213523","0.2631213523","0.2631213523"
"610","0.2615446384","0.2615446384","0.2615446384"
"611","0.251807469","0.251807469","0.251807469"
"612","0.2501222485","0.2501222485","0.2501222485"
"613","0.2616757995","0.2616757995","0.2616757995"
"614","0.2685006607","0.2685006607","0.2685006607"
"615","0.2807273889","0.2807273889","0.2807273889"
"616","0.2436499988","0.2436499988","0.2436499988"
"617","0.2461717685","0.2461717685","0.2461717685"
"618","0.257323144","0.257323144","0.257323144"
"619","0.2785535585","0.2785535585","0.2785535585"
"620","0.2957069786","0.2957069786","0.2957069786"
"621","0.2783158683","0.2783158683","0.2783158683"
"622","0.277360004","0.277360004","0.277360004"
"623","0.3504593471","0.3504593471","0.3504593471"
"624","0.3026918675","0.3026918675","0.3026918675"
"625","0.2568834154","0.2568834154","0.2568834154"
"626","0.2468997212","0.2468997212","0.2468997212"
"627","0.2792385115","0.2792385115","0.2792385115"
"628","0.2938508425","0.2938508425","0.2938508425"
"629","0.2642025432","0.2642025432","0.2642025432"
"630","0.2860825392","0.2860825392","0.2860825392"
"631","0.2872781446","0.2872781446","0.2872781446"
"632","0.2580225608","0.2580225608","0.2580225608"
"633","0.2803266429","0.2803266429","0.2803266429"
"634","0.2740104232","0.2740104232","0.2740104232"
"635","0.2512625439","0.2512625439","0.2512625439"
"636","0.2693977964","0.2693977964","0.2693977964"
"637","0.2613158406","0.2613158406","0.2613158406"
"638","0.2835925495","0.2835925495","0.2835925495"
"639","0.2614685855","0.2614685855","0.2614685855"
"640","0.2752532256","0.2752532256","0.2752532256"
"641","0.3094452063","0.3094452063","0.3094452063"
"642","0.2825045253","0.2825045253","0.2825045253"
"643","0.2490469685","0.2490469685","0.2490469685"
"644","0.2736403448","0.2736403448","0.2736403448"
"645","0.2522957155","0.2522957155","0.2522957155"
"646","0.2632315252","0.2632315252","0.2632315252"
"647","0.2737153175","0.2737153175","0.2737153175"
"648","0.2632976907","0.2632976907","0.2632976907"
"649","0.2470477683","0.2470477683","0.2470477683"
"650","0.250183931","0.250183931","0.250183931"
"651","0.2581693237","0.2581693237","0.2581693237"
"652","0.2541162055","0.2541162055","0.2541162055"
"653","0.2865653506","0.2865653506","0.2865653506"
"654","0.2531264763","0.2531264763","0.2531264763"
"655","0.2957954736","0.2957954736","0.2957954736"
"656","0.2648853005","0.2648853005","0.2648853005"
"657","0.2560926163","0.2560926163","0.2560926163"
"658","0.2527803447","0.2527803447","0.2527803447"
"659","0.2391929469","0.2391929469","0.2391929469"
"660","0.2737989269","0.2737989269","0.2737989269"
"661","0.2530774037","0.2530774037","0.2530774037"
"662","0.2377570181","0.2377570181","0.2377570181"
"663","0.2742085891","0.2742085891","0.2742085891"
"664","0.265455954","0.265455954","0.265455954"
"665","0.2895754322","0.2895754322","0.2895754322"
"666","0.3061339369","0.3061339369","0.3061339369"
"667","0.2570482416","0.2570482416","0.2570482416"
"668","0.2721294956","0.2721294956","0.2721294956"
"669","0.2696784514","0.2696784514","0.2696784514"
"670","0.278221797","0.278221797","0.278221797"
"671","0.2834242487","0.2834242487","0.2834242487"
"672","0.2939546525","0.2939546525","0.2939546525"
"673","0.2797559015","0.2797559015","0.2797559015"
"674","0.2720196174","0.2720196174","0.2720196174"
"675","0.2785905966","0.2785905966","0.2785905966"
"676","0.2987246946","0.2987246946","0.2987246946"
"677","0.3060086191","0.3060086191","0.3060086191"
"678","0.2748910011","0.2748910011","0.2748910011"
"679","0.34109597","0.34109597","0.34109597"
"680","0.2886197021","0.2886197021","0.2886197021"
"681","0.3110632914","0.3110632914","0.3110632914"
"682","0.2837774167","0.2837774167","0.2837774167"
"683","0.2838154355","0.2838154355","0.2838154355"
"684","0.3016068593","0.3016068593","0.3016068593"
"685","0.2826166497","0.2826166497","0.2826166497"
"686","0.3017895973","0.3017895973","0.3017895973"
"687","0.2760924698","0.2760924698","0.2760924698"
"688","0.2900492897","0.2900492897","0.2900492897"
"689","0.3244404966","0.3244404966","0.3244404966"
"690","0.344796376","0.344796376","0.344796376"
"691","0.2931846161","0.2931846161","0.2931846161"
"692","0.297537277","0.297537277","0.297537277"
"693","0.3240720767","0.3240720767","0.3240720767"
"694","0.3000876626","0.3000876626","0.3000876626"
"695","0.3067998261","0.3067998261","0.3067998261"
"696","0.2911384031","0.2911384031","0.2911384031"
"697","0.299072516","0.299072516","0.299072516"
"698","0.3201641819","0.3201641819","0.3201641819"
"699","0.2934247078","0.2934247078","0.2934247078"
"700","0.2943585162","0.2943585162","0.2943585162"
"701","0.3044810406","0.3044810406","0.3044810406"
"702","0.3078283639","0.3078283639","0.3078283639"
"703","0.2845465868","0.2845465868","0.2845465868"
"704","0.289221788","0.289221788","0.289221788"
"705","0.2970641525","0.2970641525","0.2970641525"
"706","0.305200174","0.305200174","0.305200174"
"707","0.2974726179","0.2974726179","0.2974726179"
"708","0.2925559014","0.2925559014","0.2925559014"
"709","0.3167225615","0.3167225615","0.3167225615"
"710","0.3327159553","0.3327159553","0.3327159553"
"711","0.3085057715","0.3085057715","0.3085057715"
"712","0.2945197289","0.2945197289","0.2945197289"
"713","0.2812358905","0.2812358905","0.2812358905"
"714","0.2911495932","0.2911495932","0.2911495932"
"715","0.3266306874","0.3266306874","0.3266306874"
"716","0.2991102771","0.2991102771","0.2991102771"
"717","0.3035981403","0.3035981403","0.3035981403"
"718","0.3391445935","0.3391445935","0.3391445935"
"719","0.2825858476","0.2825858476","0.2825858476"
"720","0.2861761042","0.2861761042","0.2861761042"
"721","0.3081649257","0.3081649257","0.3081649257"
"722","0.3092103563","0.3092103563","0.3092103563"
"723","0.3234034728","0.3234034728","0.3234034728"
"724","0.3114838313","0.3114838313","0.3114838313"
"725","0.3240922499","0.3240922499","0.3240922499"
"726","0.2979127582","0.2979127582","0.2979127582"
"727","0.3049393541","0.3049393541","0.3049393541"
"728","0.3320648269","0.3320648269","0.3320648269"
"729","0.3059101555","0.3059101555","0.3059101555"
"730","0.3418485928","0.3418485928","0.3418485928"
"731","0.2954325503","0.2954325503","0.2954325503"
"732","0.3240063367","0.3240063367","0.3240063367"
"733","0.3142749479","0.3142749479","0.3142749479"
"734","0.3206385552","0.3206385552","0.3206385552"
"735","0.2949940675","0.2949940675","0.2949940675"
"736","0.3687990656","0.3687990656","0.3687990656"
"737","0.3248211857","0.3248211857","0.3248211857"
"738","0.2893910589","0.2893910589","0.2893910589"
"739","0.3312606531","0.3312606531","0.3312606531"
"740","0.3145251536","0.3145251536","0.3145251536"
"741","0.3026886816","0.3026886816","0.3026886816"
"742","0.320292117","0.320292117","0.320292117"
"743","0.3691563877","0.3691563877","0.3691563877"
"744","0.3225476243","0.3225476243","0.3225476243"
"745","0.3486989714","0.3486989714","0.3486989714"
"746","0.3437437192","0.3437437192","0.3437437192"
"747","0.3262830605","0.3262830605","0.3262830605"
"748","0.3317848511","0.3317848511","0.3317848511"
"749","0.3229228444","0.3229228444","0.3229228444"
"750","0.3191674492","0.3191674492","0.3191674492"
"751","0.3478786465","0.3478786465","0.3478786465"
"752","0.3453881051","0.3453881051","0.3453881051"
"753","0.3783614186","0.3783614186","0.3783614186"
"754","0.3726706862","0.3726706862","0.3726706862"
"755","0.3433086549","0.3433086549","0.3433086549"
"756","0.3634815376","0.3634815376","0.3634815376"
"757","0.3527008541","0.3527008541","0.3527008541"
"758","0.3642053739","0.3642053739","0.3642053739"
"759","0.3403955659","0.3403955659","0.3403955659"
"760","0.3421206567","0.3421206567","0.3421206567"
"761","0.3194258913","0.3194258913","0.3194258913"
"762","0.3312831212","0.3312831212","0.3312831212"
"763","0.3313571757","0.3313571757","0.3313571757"
"764","0.3376783744","0.3376783744","0.3376783744"
"765","0.3418378096","0.3418378096","0.3418378096"
"766","0.3658547989","0.3658547989","0.3658547989"
"767","0.3731809808","0.3731809808","0.3731809808"
"768","0.3539050411","0.3539050411","0.3539050411"
"769","0.3471128002","0.3471128002","0.3471128002"
"770","0.3404225808","0.3404225808","0.3404225808"
"771","0.3476159944","0.3476159944","0.3476159944"
"772","0.3374398968","0.3374398968","0.3374398968"
"773","0.3557316995","0.3557316995","0.3557316995"
"774","0.3710502459","0.3710502459","0.3710502459"
"775","0.3661109566","0.3661109566","0.3661109566"
"776","0.3682063784","0.3682063784","0.3682063784"
"777","0.3400482622","0.3400482622","0.3400482622"
"778","0.3445347133","0.3445347133","0.3445347133"
"779","0.4341966633","0.4341966633","0.4341966633"
"780","0.4561753454","0.4561753454","0.4561753454"
"781","0.370446215","0.370446215","0.370446215"
"782","0.3571949224","0.3571949224","0.3571949224"
"783","0.3814407656","0.3814407656","0.3814407656"
"784","0.3995195981","0.3995195981","0.3995195981"
"785","0.4000100394","0.4000100394","0.4000100394"
"786","0.5247290815","0.5247290815","0.5247290815"
"787","0.391602587","0.391602587","0.391602587"
"788","0.3889124771","0.3889124771","0.3889124771"
"789","0.5735274145","0.5735274145","0.5735274145"
"790","0.3918334991","0.3918334991","0.3918334991"
"791","0.404620911","0.404620911","0.404620911"
"792","0.3741564775","0.3741564775","0.3741564775"
"793","0.3628290467","0.3628290467","0.3628290467"
"794","0.398508518","0.398508518","0.398508518"
"795","0.4162448912","0.4162448912","0.4162448912"
"796","0.4105370675","0.4105370675","0.4105370675"
"797","0.4082992672","0.4082992672","0.4082992672"
"798","0.381424669","0.381424669","0.381424669"
"799","0.3787921284","0.3787921284","0.3787921284"
"800","0.3799256751","0.3799256751","0.3799256751"
"801","0.4037560064","0.4037560064","0.4037560064"
"802","0.3880159342","0.3880159342","0.3880159342"
"803","0.423454906","0.423454906","0.423454906"
"804","0.4371171767","0.4371171767","0.4371171767"
"805","0.4285409887","0.4285409887","0.4285409887"
"806","0.3881147713","0.3881147713","0.3881147713"
"807","0.4044041761","0.4044041761","0.4044041761"
"808","0.4211977535","0.4211977535","0.4211977535"
"809","0.400126236","0.400126236","0.400126236"
"810","0.4145104202","0.4145104202","0.4145104202"
"811","0.415908828","0.415908828","0.415908828"
"812","0.3725578991","0.3725578991","0.3725578991"
"813","0.3839092279","0.3839092279","0.3839092279"
"814","0.365972581","0.365972581","0.365972581"
"815","0.384818735","0.384818735","0.384818735"
"816","0.3667397151","0.3667397151","0.3667397151"
"817","0.3953830918","0.3953830918","0.3953830918"
"818","0.3891635674","0.3891635674","0.3891635674"
"819","0.3841636921","0.3841636921","0.3841636921"
"820","0.371003956","0.371003956","0.371003956"
"821","0.3783390618","0.3783390618","0.3783390618"
"822","0.3917961702","0.3917961702","0.3917961702"
"823","0.4392427967","0.4392427967","0.4392427967"
"824","0.3840857338","0.3840857338","0.3840857338"
"825","0.4448910291","0.4448910291","0.4448910291"
"826","0.4247642449","0.4247642449","0.4247642449"
"827","0.3951769726","0.3951769726","0.3951769726"
"828","0.3843829454","0.3843829454","0.3843829454"
"829","0.3855845245","0.3855845245","0.3855845245"
"830","0.3950861227","0.3950861227","0.3950861227"
"831","0.3757111525","0.3757111525","0.3757111525"
"832","0.3971898679","0.3971898679","0.3971898679"
"833","0.3653288287","0.3653288287","0.3653288287"
"834","0.421239401","0.421239401","0.421239401"
"835","0.4588677847","0.4588677847","0.4588677847"
"836","0.400440753","0.400440753","0.400440753"
"837","0.3880267067","0.3880267067","0.3880267067"
"838","0.4221840961","0.4221840961","0.4221840961"
"839","0.408118544","0.408118544","0.408118544"
"840","0.42094643","0.42094643","0.42094643"
"841","0.4149761346","0.4149761346","0.4149761346"
"842","0.4167654909","0.4167654909","0.4167654909"
"843","0.426484299","0.426484299","0.426484299"
"844","0.419429388","0.419429388","0.419429388"
"845","0.3979740441","0.3979740441","0.3979740441"
"846","0.4442682029","0.4442682029","0.4442682029"
"847","0.4470912163","0.4470912163","0.4470912163"
"848","0.4343630489","0.4343630489","0.4343630489"
"849","0.4258797677","0.4258797677","0.4258797677"
"850","0.4091444203","0.4091444203","0.4091444203"
"851","0.460227196","0.460227196","0.460227196"
"852","0.4035346452","0.4035346452","0.4035346452"
"853","0.4030726542","0.4030726542","0.4030726542"
"854","0.423318327","0.423318327","0.423318327"
"855","0.424963292","0.424963292","0.424963292"
"856","0.4195368543","0.4195368543","0.4195368543"
"857","0.3984632877","0.3984632877","0.3984632877"
"858","0.4709344985","0.4709344985","0.4709344985"
"859","0.3886372778","0.3886372778","0.3886372778"
"860","0.4339323566","0.4339323566","0.4339323566"
"861","0.3807841057","0.3807841057","0.3807841057"
"862","0.425719972","0.425719972","0.425719972"
"863","0.3881811427","0.3881811427","0.3881811427"
"864","0.4244649968","0.4244649968","0.4244649968"
"865","0.4403454703","0.4403454703","0.4403454703"
"866","0.422652326","0.422652326","0.422652326"
"867","0.4347586653","0.4347586653","0.4347586653"
"868","0.4066259621","0.4066259621","0.4066259621"
"869","0.4328747499","0.4328747499","0.4328747499"
"870","0.5349839799","0.5349839799","0.5349839799"
"871","0.4165584992","0.4165584992","0.4165584992"
"872","0.4041654036","0.4041654036","0.4041654036"
"873","0.4249513537","0.4249513537","0.4249513537"
"874","0.4000426468","0.4000426468","0.4000426468"
"875","0.4312970912","0.4312970912","0.4312970912"
"876","0.4328655558","0.4328655558","0.4328655558"
"877","0.4407315385","0.4407315385","0.4407315385"
"878","0.425160027","0.425160027","0.425160027"
"879","0.4115299485","0.4115299485","0.4115299485"
"880","0.4489551346","0.4489551346","0.4489551346"
"881","0.477732883","0.477732883","0.477732883"
"882","0.4683761172","0.4683761172","0.4683761172"
"883","0.4633203484","0.4633203484","0.4633203484"
"884","0.4623549145","0.4623549145","0.4623549145"
"885","0.4077255278","0.4077255278","0.4077255278"
"886","0.4068590921","0.4068590921","0.4068590921"
"887","0.4276104844","0.4276104844","0.4276104844"
"888","0.4553150874","0.4553150874","0.4553150874"
"889","0.4013723885","0.4013723885","0.4013723885"
"890","0.4331042098","0.4331042098","0.4331042098"
"891","0.4386863603","0.4386863603","0.4386863603"
"892","0.4343676466","0.4343676466","0.4343676466"
"893","0.4606757164","0.4606757164","0.4606757164"
"894","0.4297519396","0.4297519396","0.4297519396"
"895","0.4549832403","0.4549832403","0.4549832403"
"896","0.4336430011","0.4336430011","0.4336430011"
"897","0.4410504702","0.4410504702","0.4410504702"
"898","0.4472284977","0.4472284977","0.4472284977"
"899","0.4157412425","0.4157412425","0.4157412425"
"900","0.4345065331","0.4345065331","0.4345065331"
"901","0.4629249879","0.4629249879","0.4629249879"
"902","0.4364444059","0.4364444059","0.4364444059"
"903","0.515509084","0.515509084","0.515509084"
"904","0.4198842025","0.4198842025","0.4198842025"
"905","0.4648104465","0.4648104465","0.4648104465"
"906","0.4926759627","0.4926759627","0.4926759627"
"907","0.4263204352","0.4263204352","0.4263204352"
"908","0.4381068067","0.4381068067","0.4381068067"
"909","0.4496520085","0.4496520085","0.4496520085"
"910","0.4512421597","0.4512421597","0.4512421597"
"911","0.4450003715","0.4450003715","0.4450003715"
"912","0.4912112012","0.4912112012","0.4912112012"
"913","0.4410909201","0.4410909201","0.4410909201"
"914","0.4622626071","0.4622626071","0.4622626071"
"915","0.4494634914","0.4494634914","0.4494634914"
"916","0.4424941973","0.4424941973","0.4424941973"
"917","0.438996352","0.438996352","0.438996352"
"918","0.4670435993","0.4670435993","0.4670435993"
"919","0.4595399111","0.4595399111","0.4595399111"
"920","0.4521614234","0.4521614234","0.4521614234"
"921","0.4582357572","0.4582357572","0.4582357572"
"922","0.4649278749","0.4649278749","0.4649278749"
"923","0.5146710365","0.5146710365","0.5146710365"
"924","0.4401637663","0.4401637663","0.4401637663"
"925","0.4330699044","0.4330699044","0.4330699044"
"926","0.4397050403","0.4397050403","0.4397050403"
"927","0.4444986819","0.4444986819","0.4444986819"
"928","0.479280185","0.479280185","0.479280185"
"929","0.4484091057","0.4484091057","0.4484091057"
"930","0.4332640857","0.4332640857","0.4332640857"
"931","0.4249554798","0.4249554798","0.4249554798"
"932","0.4623618358","0.4623618358","0.4623618358"
"933","0.4227976364","0.4227976364","0.4227976364"
"934","0.4307067055","0.4307067055","0.4307067055"
"935","0.4466790876","0.4466790876","0.4466790876"
"936","0.4432836746","0.4432836746","0.4432836746"
"937","0.458365564","0.458365564","0.458365564"
"938","0.4421484806","0.4421484806","0.4421484806"
"939","0.4492008802","0.4492008802","0.4492008802"
"940","0.484007327","0.484007327","0.484007327"
"941","0.4847907122","0.4847907122","0.4847907122"
"942","0.4791571164","0.4791571164","0.4791571164"
"943","0.4522367844","0.4522367844","0.4522367844"
"944","0.4578457727","0.4578457727","0.4578457727"
"945","0.4660264376","0.4660264376","0.4660264376"
"946","0.4606254102","0.4606254102","0.4606254102"
"947","0.4874221605","0.4874221605","0.4874221605"
"948","0.4856145342","0.4856145342","0.4856145342"
"949","0.483886453","0.483886453","0.483886453"
"950","0.4574492867","0.4574492867","0.4574492867"
"951","0.456480678","0.456480678","0.456480678"
"952","0.473215673","0.473215673","0.473215673"
"953","0.4437220586","0.4437220586","0.4437220586"
"954","0.4498801216","0.4498801216","0.4498801216"
"955","0.4495015399","0.4495015399","0.4495015399"
"956","0.4707107256","0.4707107256","0.4707107256"
"957","0.4454709794","0.4454709794","0.4454709794"
"958","0.4585762614","0.4585762614","0.4585762614"
"959","0.4472186355","0.4472186355","0.4472186355"
"960","0.4336754082","0.4336754082","0.4336754082"
"961","0.4377184729","0.4377184729","0.4377184729"
"962","0.4428514144","0.4428514144","0.4428514144"
"963","0.4912645026","0.4912645026","0.4912645026"
"964","0.4271619418","0.4271619418","0.4271619418"
"965","0.4631975262","0.4631975262","0.4631975262"
"966","0.4724852419","0.4724852419","0.4724852419"
"967","0.4425234944","0.4425234944","0.4425234944"
"968","0.4516853477","0.4516853477","0.4516853477"
"969","0.4582164203","0.4582164203","0.4582164203"
"970","0.4374276104","0.4374276104","0.4374276104"
"971","0.4245967789","0.4245967789","0.4245967789"
"972","0.4318404631","0.4318404631","0.4318404631"
"973","0.461794601","0.461794601","0.461794601"
"974","0.458031854","0.458031854","0.458031854"
"975","0.4408293311","0.4408293311","0.4408293311"
"976","0.4372758248","0.4372758248","0.4372758248"
"977","0.4398134515","0.4398134515","0.4398134515"
"978","0.4538697909","0.4538697909","0.4538697909"
"979","0.4490068832","0.4490068832","0.4490068832"
"980","0.4610328822","0.4610328822","0.4610328822"
"981","0.465180832","0.465180832","0.465180832"
"982","0.4739784324","0.4739784324","0.4739784324"
"983","0.4785764304","0.4785764304","0.4785764304"
"984","0.4491744728","0.4491744728","0.4491744728"
"985","0.4480865","0.4480865","0.4480865"
"986","0.4677264263","0.4677264263","0.4677264263"
"987","0.4790180382","0.4790180382","0.4790180382"
"988","0.4514584094","0.4514584094","0.4514584094"
"989","0.4635934038","0.4635934038","0.4635934038"
"990","0.4587975325","0.4587975325","0.4587975325"
"991","0.4644834891","0.4644834891","0.4644834891"
"992","0.4877163965","0.4877163965","0.4877163965"
"993","0.4486469625","0.4486469625","0.4486469625"
"994","0.4613650203","0.4613650203","0.4613650203"
"995","0.4800115868","0.4800115868","0.4800115868"
"996","0.4402033861","0.4402033861","0.4402033861"
"997","0.4818036579","0.4818036579","0.4818036579"
"998","0.4429555178","0.4429555178","0.4429555178"
"999","0.4546219926","0.4546219926","0.4546219926"