"Step","SAC_single_critic_short_test_track_pixel - loss_actor","SAC_single_critic_short_test_track_pixel - loss_actor__MIN","SAC_single_critic_short_test_track_pixel - loss_actor__MAX"
"0","-0.042256793","-0.042256793","-0.042256793"
"1","-0.0774219853","-0.0774219853","-0.0774219853"
"2","-0.1105000921","-0.1105000921","-0.1105000921"
"3","-0.1458926253","-0.1458926253","-0.1458926253"
"4","-0.1815955912","-0.1815955912","-0.1815955912"
"5","-0.2165698573","-0.2165698573","-0.2165698573"
"6","-0.2536808183","-0.2536808183","-0.2536808183"
"7","-0.2891496058","-0.2891496058","-0.2891496058"
"8","-0.3249977975","-0.3249977975","-0.3249977975"
"9","-0.3604263143","-0.3604263143","-0.3604263143"
"10","-0.395396433","-0.395396433","-0.395396433"
"11","-0.4291659597","-0.4291659597","-0.4291659597"
"12","-0.4617525622","-0.4617525622","-0.4617525622"
"13","-0.4957842533","-0.4957842533","-0.4957842533"
"14","-0.5328282961","-0.5328282961","-0.5328282961"
"15","-0.5655198207","-0.5655198207","-0.5655198207"
"16","-0.601855621","-0.601855621","-0.601855621"
"17","-0.6338032675","-0.6338032675","-0.6338032675"
"18","-0.6665310529","-0.6665310529","-0.6665310529"
"19","-0.6991969559","-0.6991969559","-0.6991969559"
"20","-0.734128719","-0.734128719","-0.734128719"
"21","-0.7691826537","-0.7691826537","-0.7691826537"
"22","-0.8004279998","-0.8004279998","-0.8004279998"
"23","-0.8356666037","-0.8356666037","-0.8356666037"
"24","-0.8687594005","-0.8687594005","-0.8687594005"
"25","-0.9022598439","-0.9022598439","-0.9022598439"
"26","-0.9350229654","-0.9350229654","-0.9350229654"
"27","-0.9580746335","-0.9580746335","-0.9580746335"
"28","-0.9924603072","-0.9924603072","-0.9924603072"
"29","-1.022082091","-1.022082091","-1.022082091"
"30","-1.0589720085","-1.0589720085","-1.0589720085"
"31","-1.0902158797","-1.0902158797","-1.0902158797"
"32","-1.124784025","-1.124784025","-1.124784025"
"33","-1.1491174704","-1.1491174704","-1.1491174704"
"34","-1.1774539143","-1.1774539143","-1.1774539143"
"35","-1.2049387538","-1.2049387538","-1.2049387538"
"36","-1.2367692363","-1.2367692363","-1.2367692363"
"37","-1.267740407","-1.267740407","-1.267740407"
"38","-1.2945118576","-1.2945118576","-1.2945118576"
"39","-1.3263595754","-1.3263595754","-1.3263595754"
"40","-1.3628219676","-1.3628219676","-1.3628219676"
"41","-1.3923252106","-1.3923252106","-1.3923252106"
"42","-1.4281755096","-1.4281755096","-1.4281755096"
"43","-1.4582615685","-1.4582615685","-1.4582615685"
"44","-1.4878788561","-1.4878788561","-1.4878788561"
"45","-1.5205438387","-1.5205438387","-1.5205438387"
"46","-1.5528848314","-1.5528848314","-1.5528848314"
"47","-1.5816574681","-1.5816574681","-1.5816574681"
"48","-1.6127705085","-1.6127705085","-1.6127705085"
"49","-1.6417665732","-1.6417665732","-1.6417665732"
"50","-1.6690443754","-1.6690443754","-1.6690443754"
"51","-1.7003110015","-1.7003110015","-1.7003110015"
"52","-1.7260533679","-1.7260533679","-1.7260533679"
"53","-1.7624916941","-1.7624916941","-1.7624916941"
"54","-1.793407464","-1.793407464","-1.793407464"
"55","-1.824164108","-1.824164108","-1.824164108"
"56","-1.8494422418","-1.8494422418","-1.8494422418"
"57","-1.8790968227","-1.8790968227","-1.8790968227"
"58","-1.9127551407","-1.9127551407","-1.9127551407"
"59","-1.9330486625","-1.9330486625","-1.9330486625"
"60","-1.9656546432","-1.9656546432","-1.9656546432"
"61","-1.9967397332","-1.9967397332","-1.9967397332"
"62","-2.0265628952","-2.0265628952","-2.0265628952"
"63","-2.0517197353","-2.0517197353","-2.0517197353"
"64","-2.0818396479","-2.0818396479","-2.0818396479"
"65","-2.1022485548","-2.1022485548","-2.1022485548"
"66","-2.1348406291","-2.1348406291","-2.1348406291"
"67","-2.1605360019","-2.1605360019","-2.1605360019"
"68","-2.1931752312","-2.1931752312","-2.1931752312"
"69","-2.2138276708","-2.2138276708","-2.2138276708"
"70","-2.2414172709","-2.2414172709","-2.2414172709"
"71","-2.270760529","-2.270760529","-2.270760529"
"72","-2.2959648705","-2.2959648705","-2.2959648705"
"73","-2.3238563263","-2.3238563263","-2.3238563263"
"74","-2.3528802955","-2.3528802955","-2.3528802955"
"75","-2.3764411902","-2.3764411902","-2.3764411902"
"76","-2.4005657578","-2.4005657578","-2.4005657578"
"77","-2.426653496","-2.426653496","-2.426653496"
"78","-2.454709394","-2.454709394","-2.454709394"
"79","-2.480840466","-2.480840466","-2.480840466"
"80","-2.4997209918","-2.4997209918","-2.4997209918"
"81","-2.5286865079","-2.5286865079","-2.5286865079"
"82","-2.5549706006","-2.5549706006","-2.5549706006"
"83","-2.5681888235","-2.5681888235","-2.5681888235"
"84","-2.5934075522","-2.5934075522","-2.5934075522"
"85","-2.6210695255","-2.6210695255","-2.6210695255"
"86","-2.6395087874","-2.6395087874","-2.6395087874"
"87","-2.6582133818","-2.6582133818","-2.6582133818"
"88","-2.6811816204","-2.6811816204","-2.6811816204"
"89","-2.7022344077","-2.7022344077","-2.7022344077"
"90","-2.7238231301","-2.7238231301","-2.7238231301"
"91","-2.7402651513","-2.7402651513","-2.7402651513"
"92","-2.7628846729","-2.7628846729","-2.7628846729"
"93","-2.7946082664","-2.7946082664","-2.7946082664"
"94","-2.8053840959","-2.8053840959","-2.8053840959"
"95","-2.8315442038","-2.8315442038","-2.8315442038"
"96","-2.8511576867","-2.8511576867","-2.8511576867"
"97","-2.8701464081","-2.8701464081","-2.8701464081"
"98","-2.8927718806","-2.8927718806","-2.8927718806"
"99","-2.9197167122","-2.9197167122","-2.9197167122"
"100","-2.9352660048","-2.9352660048","-2.9352660048"
"101","-2.956348995","-2.956348995","-2.956348995"
"102","-2.9777548373","-2.9777548373","-2.9777548373"
"103","-3.0024067616","-3.0024067616","-3.0024067616"
"104","-3.0210716677","-3.0210716677","-3.0210716677"
"105","-3.0352468991","-3.0352468991","-3.0352468991"
"106","-3.058123492","-3.058123492","-3.058123492"
"107","-3.079101553","-3.079101553","-3.079101553"
"108","-3.1033254576","-3.1033254576","-3.1033254576"
"109","-3.1259513938","-3.1259513938","-3.1259513938"
"110","-3.1462669539","-3.1462669539","-3.1462669539"
"111","-3.1736605263","-3.1736605263","-3.1736605263"
"112","-3.1879843032","-3.1879843032","-3.1879843032"
"113","-3.2128769648","-3.2128769648","-3.2128769648"
"114","-3.2289184737","-3.2289184737","-3.2289184737"
"115","-3.247693783","-3.247693783","-3.247693783"
"116","-3.2709344816","-3.2709344816","-3.2709344816"
"117","-3.2978386712","-3.2978386712","-3.2978386712"
"118","-3.3132751286","-3.3132751286","-3.3132751286"
"119","-3.3345755184","-3.3345755184","-3.3345755184"
"120","-3.3571991527","-3.3571991527","-3.3571991527"
"121","-3.3714440846","-3.3714440846","-3.3714440846"
"122","-3.3877036655","-3.3877036655","-3.3877036655"
"123","-3.4034689808","-3.4034689808","-3.4034689808"
"124","-3.4282903564","-3.4282903564","-3.4282903564"
"125","-3.450525049","-3.450525049","-3.450525049"
"126","-3.4633828712","-3.4633828712","-3.4633828712"
"127","-3.4800933814","-3.4800933814","-3.4800933814"
"128","-3.4990361762","-3.4990361762","-3.4990361762"
"129","-3.5129505992","-3.5129505992","-3.5129505992"
"130","-3.5411375535","-3.5411375535","-3.5411375535"
"131","-3.5555846655","-3.5555846655","-3.5555846655"
"132","-3.574478879","-3.574478879","-3.574478879"
"133","-3.6001989675","-3.6001989675","-3.6001989675"
"134","-3.6105587959","-3.6105587959","-3.6105587959"
"135","-3.638933388","-3.638933388","-3.638933388"
"136","-3.6494848514","-3.6494848514","-3.6494848514"
"137","-3.6689540303","-3.6689540303","-3.6689540303"
"138","-3.6800770259","-3.6800770259","-3.6800770259"
"139","-3.6932747507","-3.6932747507","-3.6932747507"
"140","-3.7148692524","-3.7148692524","-3.7148692524"
"141","-3.7272252727","-3.7272252727","-3.7272252727"
"142","-3.7489197934","-3.7489197934","-3.7489197934"
"143","-3.759005388","-3.759005388","-3.759005388"
"144","-3.7835099328","-3.7835099328","-3.7835099328"
"145","-3.7952571094","-3.7952571094","-3.7952571094"
"146","-3.8043119395","-3.8043119395","-3.8043119395"
"147","-3.8290461087","-3.8290461087","-3.8290461087"
"148","-3.8362891269","-3.8362891269","-3.8362891269"
"149","-3.8551949012","-3.8551949012","-3.8551949012"
"150","-3.8747505176","-3.8747505176","-3.8747505176"
"151","-3.8968233335","-3.8968233335","-3.8968233335"
"152","-3.9108750355","-3.9108750355","-3.9108750355"
"153","-3.9300571132","-3.9300571132","-3.9300571132"
"154","-3.9409289765","-3.9409289765","-3.9409289765"
"155","-3.9622391367","-3.9622391367","-3.9622391367"
"156","-3.977214309","-3.977214309","-3.977214309"
"157","-3.9903808022","-3.9903808022","-3.9903808022"
"158","-4.0233240366","-4.0233240366","-4.0233240366"
"159","-4.0359430218","-4.0359430218","-4.0359430218"
"160","-4.044834559","-4.044834559","-4.044834559"
"161","-4.0690140092","-4.0690140092","-4.0690140092"
"162","-4.0860063767","-4.0860063767","-4.0860063767"
"163","-4.0968084264","-4.0968084264","-4.0968084264"
"164","-4.1104311764","-4.1104311764","-4.1104311764"
"165","-4.131095798","-4.131095798","-4.131095798"
"166","-4.147191844","-4.147191844","-4.147191844"
"167","-4.1674332535","-4.1674332535","-4.1674332535"
"168","-4.1730820727","-4.1730820727","-4.1730820727"
"169","-4.1945449924","-4.1945449924","-4.1945449924"
"170","-4.2072713542","-4.2072713542","-4.2072713542"
"171","-4.2324499178","-4.2324499178","-4.2324499178"
"172","-4.249484148","-4.249484148","-4.249484148"
"173","-4.2578742051","-4.2578742051","-4.2578742051"
"174","-4.2856276178","-4.2856276178","-4.2856276178"
"175","-4.294309988","-4.294309988","-4.294309988"
"176","-4.3217253876","-4.3217253876","-4.3217253876"
"177","-4.32383744","-4.32383744","-4.32383744"
"178","-4.3531148481","-4.3531148481","-4.3531148481"
"179","-4.3677315974","-4.3677315974","-4.3677315974"
"180","-4.3887397671","-4.3887397671","-4.3887397671"
"181","-4.3888444853","-4.3888444853","-4.3888444853"
"182","-4.4147742963","-4.4147742963","-4.4147742963"
"183","-4.4379493165","-4.4379493165","-4.4379493165"
"184","-4.4579964042","-4.4579964042","-4.4579964042"
"185","-4.4720120811","-4.4720120811","-4.4720120811"
"186","-4.4900144458","-4.4900144458","-4.4900144458"
"187","-4.4979314041","-4.4979314041","-4.4979314041"
"188","-4.5191271925","-4.5191271925","-4.5191271925"
"189","-4.545595727","-4.545595727","-4.545595727"
"190","-4.5601016474","-4.5601016474","-4.5601016474"
"191","-4.5749830866","-4.5749830866","-4.5749830866"
"192","-4.5894373178","-4.5894373178","-4.5894373178"
"193","-4.6076786351","-4.6076786351","-4.6076786351"
"194","-4.6291132331","-4.6291132331","-4.6291132331"
"195","-4.6386725354","-4.6386725354","-4.6386725354"
"196","-4.6628813362","-4.6628813362","-4.6628813362"
"197","-4.6818276477","-4.6818276477","-4.6818276477"
"198","-4.6938979721","-4.6938979721","-4.6938979721"
"199","-4.7156326461","-4.7156326461","-4.7156326461"
"200","-4.7306910396","-4.7306910396","-4.7306910396"
"201","-4.754005363","-4.754005363","-4.754005363"
"202","-4.761948483","-4.761948483","-4.761948483"
"203","-4.7890996218","-4.7890996218","-4.7890996218"
"204","-4.8066033673","-4.8066033673","-4.8066033673"
"205","-4.8348850131","-4.8348850131","-4.8348850131"
"206","-4.860044558","-4.860044558","-4.860044558"
"207","-4.8640956926","-4.8640956926","-4.8640956926"
"208","-4.8855621481","-4.8855621481","-4.8855621481"
"209","-4.8985107994","-4.8985107994","-4.8985107994"
"210","-4.9052633286","-4.9052633286","-4.9052633286"
"211","-4.9319833016","-4.9319833016","-4.9319833016"
"212","-4.9499012399","-4.9499012399","-4.9499012399"
"213","-4.9669911456","-4.9669911456","-4.9669911456"
"214","-4.9938226509","-4.9938226509","-4.9938226509"
"215","-5.0267428541","-5.0267428541","-5.0267428541"
"216","-5.0576237273","-5.0576237273","-5.0576237273"
"217","-5.1059388542","-5.1059388542","-5.1059388542"
"218","-5.1279683948","-5.1279683948","-5.1279683948"
"219","-5.1731764364","-5.1731764364","-5.1731764364"
"220","-5.2163780379","-5.2163780379","-5.2163780379"
"221","-5.2446732044","-5.2446732044","-5.2446732044"
"222","-5.278154192","-5.278154192","-5.278154192"
"223","-5.2974759316","-5.2974759316","-5.2974759316"
"224","-5.3323669052","-5.3323669052","-5.3323669052"
"225","-5.3554358649","-5.3554358649","-5.3554358649"
"226","-5.3677561927","-5.3677561927","-5.3677561927"
"227","-5.4187007284","-5.4187007284","-5.4187007284"
"228","-5.4484722924","-5.4484722924","-5.4484722924"
"229","-5.4901439524","-5.4901439524","-5.4901439524"
"230","-5.4939221382","-5.4939221382","-5.4939221382"
"231","-5.5096109271","-5.5096109271","-5.5096109271"
"232","-5.5286668658","-5.5286668658","-5.5286668658"
"233","-5.5403279901","-5.5403279901","-5.5403279901"
"234","-5.5683192587","-5.5683192587","-5.5683192587"
"235","-5.5782131147","-5.5782131147","-5.5782131147"
"236","-5.6023644233","-5.6023644233","-5.6023644233"
"237","-5.6112221742","-5.6112221742","-5.6112221742"
"238","-5.6210105824","-5.6210105824","-5.6210105824"
"239","-5.6223329163","-5.6223329163","-5.6223329163"
"240","-5.6365802288","-5.6365802288","-5.6365802288"
"241","-5.6407506466","-5.6407506466","-5.6407506466"
"242","-5.6776091242","-5.6776091242","-5.6776091242"
"243","-5.6799039936","-5.6799039936","-5.6799039936"
"244","-5.6765600753","-5.6765600753","-5.6765600753"
"245","-5.6792542696","-5.6792542696","-5.6792542696"
"246","-5.6974941206","-5.6974941206","-5.6974941206"
"247","-5.7195032573","-5.7195032573","-5.7195032573"
"248","-5.7017416811","-5.7017416811","-5.7017416811"
"249","-5.7268478107","-5.7268478107","-5.7268478107"
"250","-5.7257051063","-5.7257051063","-5.7257051063"
"251","-5.7332686639","-5.7332686639","-5.7332686639"
"252","-5.7396382809","-5.7396382809","-5.7396382809"
"253","-5.7435255694","-5.7435255694","-5.7435255694"
"254","-5.7543011451","-5.7543011451","-5.7543011451"
"255","-5.7659650755","-5.7659650755","-5.7659650755"
"256","-5.7845110369","-5.7845110369","-5.7845110369"
"257","-5.7799918985","-5.7799918985","-5.7799918985"
"258","-5.8089185071","-5.8089185071","-5.8089185071"
"259","-5.8226446652","-5.8226446652","-5.8226446652"
"260","-5.8095494318","-5.8095494318","-5.8095494318"
"261","-5.8026017356","-5.8026017356","-5.8026017356"
"262","-5.79510782","-5.79510782","-5.79510782"
"263","-5.82617733","-5.82617733","-5.82617733"
"264","-5.8205207491","-5.8205207491","-5.8205207491"
"265","-5.8176141167","-5.8176141167","-5.8176141167"
"266","-5.8152634621","-5.8152634621","-5.8152634621"
"267","-5.8801467013","-5.8801467013","-5.8801467013"
"268","-5.8508242822","-5.8508242822","-5.8508242822"
"269","-5.85768255","-5.85768255","-5.85768255"
"270","-5.8720187449","-5.8720187449","-5.8720187449"
"271","-5.8486104894","-5.8486104894","-5.8486104894"
"272","-5.8786043811","-5.8786043811","-5.8786043811"
"273","-5.8853021359","-5.8853021359","-5.8853021359"
"274","-5.9007164454","-5.9007164454","-5.9007164454"
"275","-5.8957445097","-5.8957445097","-5.8957445097"
"276","-5.8967667651","-5.8967667651","-5.8967667651"
"277","-5.896622417","-5.896622417","-5.896622417"
"278","-5.9116600132","-5.9116600132","-5.9116600132"
"279","-5.8634671378","-5.8634671378","-5.8634671378"
"280","-5.8851292801","-5.8851292801","-5.8851292801"
"281","-5.896594758","-5.896594758","-5.896594758"
"282","-5.9047075891","-5.9047075891","-5.9047075891"
"283","-5.9328535271","-5.9328535271","-5.9328535271"
"284","-5.9153386283","-5.9153386283","-5.9153386283"
"285","-5.9270573497","-5.9270573497","-5.9270573497"
"286","-5.903128407","-5.903128407","-5.903128407"
"287","-5.9421589756","-5.9421589756","-5.9421589756"
"288","-5.958427875","-5.958427875","-5.958427875"
"289","-5.9476479387","-5.9476479387","-5.9476479387"
"290","-5.9688353181","-5.9688353181","-5.9688353181"
"291","-6.0022216487","-6.0022216487","-6.0022216487"
"292","-5.9760952282","-5.9760952282","-5.9760952282"
"293","-5.9568783617","-5.9568783617","-5.9568783617"
"294","-5.9732007766","-5.9732007766","-5.9732007766"
"295","-5.9685551834","-5.9685551834","-5.9685551834"
"296","-5.9776375866","-5.9776375866","-5.9776375866"
"297","-6.005593648","-6.005593648","-6.005593648"
"298","-6.0037615228","-6.0037615228","-6.0037615228"
"299","-6.022002542","-6.022002542","-6.022002542"
"300","-5.992301662","-5.992301662","-5.992301662"
"301","-6.0499386859","-6.0499386859","-6.0499386859"
"302","-6.0077404714","-6.0077404714","-6.0077404714"
"303","-6.0333983374","-6.0333983374","-6.0333983374"
"304","-6.0596002531","-6.0596002531","-6.0596002531"
"305","-6.0418261218","-6.0418261218","-6.0418261218"
"306","-6.0901910543","-6.0901910543","-6.0901910543"
"307","-6.1081481504","-6.1081481504","-6.1081481504"
"308","-6.1453008199","-6.1453008199","-6.1453008199"
"309","-6.144979353","-6.144979353","-6.144979353"
"310","-6.1358856297","-6.1358856297","-6.1358856297"
"311","-6.1523824954","-6.1523824954","-6.1523824954"
"312","-6.1676686192","-6.1676686192","-6.1676686192"
"313","-6.1487263823","-6.1487263823","-6.1487263823"
"314","-6.2221935272","-6.2221935272","-6.2221935272"
"315","-6.2362311935","-6.2362311935","-6.2362311935"
"316","-6.2232626104","-6.2232626104","-6.2232626104"
"317","-6.2640648842","-6.2640648842","-6.2640648842"
"318","-6.2207462978","-6.2207462978","-6.2207462978"
"319","-6.2278700423","-6.2278700423","-6.2278700423"
"320","-6.28032336","-6.28032336","-6.28032336"
"321","-6.3232052732","-6.3232052732","-6.3232052732"
"322","-6.4004280329","-6.4004280329","-6.4004280329"
"323","-6.3680840278","-6.3680840278","-6.3680840278"
"324","-6.4657964253","-6.4657964253","-6.4657964253"
"325","-6.4382188201","-6.4382188201","-6.4382188201"
"326","-6.5127813983","-6.5127813983","-6.5127813983"
"327","-6.4985195303","-6.4985195303","-6.4985195303"
"328","-6.525288527","-6.525288527","-6.525288527"
"329","-6.5111370778","-6.5111370778","-6.5111370778"
"330","-6.5462549138","-6.5462549138","-6.5462549138"
"331","-6.5003564191","-6.5003564191","-6.5003564191"
"332","-6.5411236811","-6.5411236811","-6.5411236811"
"333","-6.588295846","-6.588295846","-6.588295846"
"334","-6.5899037552","-6.5899037552","-6.5899037552"
"335","-6.5781112576","-6.5781112576","-6.5781112576"
"336","-6.6386458349","-6.6386458349","-6.6386458349"
"337","-6.6965594292","-6.6965594292","-6.6965594292"
"338","-6.676097753","-6.676097753","-6.676097753"
"339","-6.666262064","-6.666262064","-6.666262064"
"340","-6.7371811843","-6.7371811843","-6.7371811843"
"341","-6.6992485857","-6.6992485857","-6.6992485857"
"342","-6.7797200036","-6.7797200036","-6.7797200036"
"343","-6.8173213124","-6.8173213124","-6.8173213124"
"344","-6.7853709817","-6.7853709817","-6.7853709817"
"345","-6.9161415982","-6.9161415982","-6.9161415982"
"346","-6.8578847671","-6.8578847671","-6.8578847671"
"347","-6.8655104876","-6.8655104876","-6.8655104876"
"348","-6.8871737885","-6.8871737885","-6.8871737885"
"349","-6.993611846","-6.993611846","-6.993611846"
"350","-6.9698768973","-6.9698768973","-6.9698768973"
"351","-7.0084587502","-7.0084587502","-7.0084587502"
"352","-7.0421132946","-7.0421132946","-7.0421132946"
"353","-7.0123340225","-7.0123340225","-7.0123340225"
"354","-7.0479452062","-7.0479452062","-7.0479452062"
"355","-7.0322878838","-7.0322878838","-7.0322878838"
"356","-7.052022109","-7.052022109","-7.052022109"
"357","-7.1431615567","-7.1431615567","-7.1431615567"
"358","-7.0860869408","-7.0860869408","-7.0860869408"
"359","-7.1877566838","-7.1877566838","-7.1877566838"
"360","-7.1298679209","-7.1298679209","-7.1298679209"
"361","-7.1556771135","-7.1556771135","-7.1556771135"
"362","-7.1791968703","-7.1791968703","-7.1791968703"
"363","-7.2296292067","-7.2296292067","-7.2296292067"
"364","-7.3572032332","-7.3572032332","-7.3572032332"
"365","-7.2785886478","-7.2785886478","-7.2785886478"
"366","-7.3299848938","-7.3299848938","-7.3299848938"
"367","-7.3705942798","-7.3705942798","-7.3705942798"
"368","-7.4166054153","-7.4166054153","-7.4166054153"
"369","-7.4142330885","-7.4142330885","-7.4142330885"
"370","-7.4031087208","-7.4031087208","-7.4031087208"
"371","-7.4759601521","-7.4759601521","-7.4759601521"
"372","-7.5610934329","-7.5610934329","-7.5610934329"
"373","-7.487711072","-7.487711072","-7.487711072"
"374","-7.5644137073","-7.5644137073","-7.5644137073"
"375","-7.5993605518","-7.5993605518","-7.5993605518"
"376","-7.6698874211","-7.6698874211","-7.6698874211"
"377","-7.7213349628","-7.7213349628","-7.7213349628"
"378","-7.7132851982","-7.7132851982","-7.7132851982"
"379","-7.706962862","-7.706962862","-7.706962862"
"380","-7.7620135236","-7.7620135236","-7.7620135236"
"381","-7.6944658041","-7.6944658041","-7.6944658041"
"382","-7.7135068655","-7.7135068655","-7.7135068655"
"383","-7.7897835755","-7.7897835755","-7.7897835755"
"384","-7.7606940413","-7.7606940413","-7.7606940413"
"385","-7.776502676","-7.776502676","-7.776502676"
"386","-7.7980088472","-7.7980088472","-7.7980088472"
"387","-7.8930337763","-7.8930337763","-7.8930337763"
"388","-7.945713098","-7.945713098","-7.945713098"
"389","-8.0251028562","-8.0251028562","-8.0251028562"
"390","-7.8964189219","-7.8964189219","-7.8964189219"
"391","-7.9591728759","-7.9591728759","-7.9591728759"
"392","-8.0366796875","-8.0366796875","-8.0366796875"
"393","-8.0916381693","-8.0916381693","-8.0916381693"
"394","-8.1227886915","-8.1227886915","-8.1227886915"
"395","-8.2064331079","-8.2064331079","-8.2064331079"
"396","-8.146502502","-8.146502502","-8.146502502"
"397","-8.2117457056","-8.2117457056","-8.2117457056"
"398","-8.2662659216","-8.2662659216","-8.2662659216"
"399","-8.2254079556","-8.2254079556","-8.2254079556"
"400","-8.2650289178","-8.2650289178","-8.2650289178"
"401","-8.3060318899","-8.3060318899","-8.3060318899"
"402","-8.3491889501","-8.3491889501","-8.3491889501"
"403","-8.251605413","-8.251605413","-8.251605413"
"404","-8.3276376295","-8.3276376295","-8.3276376295"
"405","-8.3428004408","-8.3428004408","-8.3428004408"
"406","-8.3512098455","-8.3512098455","-8.3512098455"
"407","-8.3416515017","-8.3416515017","-8.3416515017"
"408","-8.4067661762","-8.4067661762","-8.4067661762"
"409","-8.3799759626","-8.3799759626","-8.3799759626"
"410","-8.3764388251","-8.3764388251","-8.3764388251"
"411","-8.4508143139","-8.4508143139","-8.4508143139"
"412","-8.4352335835","-8.4352335835","-8.4352335835"
"413","-8.4830054259","-8.4830054259","-8.4830054259"
"414","-8.3704748416","-8.3704748416","-8.3704748416"
"415","-8.436180892","-8.436180892","-8.436180892"
"416","-8.4146651244","-8.4146651244","-8.4146651244"
"417","-8.4703806305","-8.4703806305","-8.4703806305"
"418","-8.533570838","-8.533570838","-8.533570838"
"419","-8.4787134743","-8.4787134743","-8.4787134743"
"420","-8.5133866858","-8.5133866858","-8.5133866858"
"421","-8.5089944935","-8.5089944935","-8.5089944935"
"422","-8.6309610987","-8.6309610987","-8.6309610987"
"423","-8.5639728212","-8.5639728212","-8.5639728212"
"424","-8.5316037107","-8.5316037107","-8.5316037107"
"425","-8.6278087258","-8.6278087258","-8.6278087258"
"426","-8.6939096856","-8.6939096856","-8.6939096856"
"427","-8.7173345661","-8.7173345661","-8.7173345661"
"428","-8.7352067924","-8.7352067924","-8.7352067924"
"429","-8.8022499132","-8.8022499132","-8.8022499132"
"430","-8.7989878607","-8.7989878607","-8.7989878607"
"431","-8.7746397829","-8.7746397829","-8.7746397829"
"432","-8.7808514428","-8.7808514428","-8.7808514428"
"433","-8.7920087266","-8.7920087266","-8.7920087266"
"434","-8.7590575051","-8.7590575051","-8.7590575051"
"435","-8.770296073","-8.770296073","-8.770296073"
"436","-8.8550558376","-8.8550558376","-8.8550558376"
"437","-8.9006643677","-8.9006643677","-8.9006643677"
"438","-9.0023760295","-9.0023760295","-9.0023760295"
"439","-8.9572027969","-8.9572027969","-8.9572027969"
"440","-8.9994727874","-8.9994727874","-8.9994727874"
"441","-8.9787237","-8.9787237","-8.9787237"
"442","-9.0803522182","-9.0803522182","-9.0803522182"
"443","-9.1226026726","-9.1226026726","-9.1226026726"
"444","-9.0407268214","-9.0407268214","-9.0407268214"
"445","-9.0988905764","-9.0988905764","-9.0988905764"
"446","-9.1041276336","-9.1041276336","-9.1041276336"
"447","-9.1423798418","-9.1423798418","-9.1423798418"
"448","-9.1035167766","-9.1035167766","-9.1035167766"
"449","-9.2739444685","-9.2739444685","-9.2739444685"
"450","-9.2213244224","-9.2213244224","-9.2213244224"
"451","-9.2667844296","-9.2667844296","-9.2667844296"
"452","-9.1928882289","-9.1928882289","-9.1928882289"
"453","-9.3464620638","-9.3464620638","-9.3464620638"
"454","-9.3734896564","-9.3734896564","-9.3734896564"
"455","-9.2769369125","-9.2769369125","-9.2769369125"
"456","-9.4253193212","-9.4253193212","-9.4253193212"
"457","-9.2971041656","-9.2971041656","-9.2971041656"
"458","-9.3835737228","-9.3835737228","-9.3835737228"
"459","-9.3789112997","-9.3789112997","-9.3789112997"
"460","-9.50522861","-9.50522861","-9.50522861"
"461","-9.4434024978","-9.4434024978","-9.4434024978"
"462","-9.4698599315","-9.4698599315","-9.4698599315"
"463","-9.5068010092","-9.5068010092","-9.5068010092"
"464","-9.486348753","-9.486348753","-9.486348753"
"465","-9.521424551","-9.521424551","-9.521424551"
"466","-9.5290963221","-9.5290963221","-9.5290963221"
"467","-9.483356545","-9.483356545","-9.483356545"
"468","-9.551214571","-9.551214571","-9.551214571"
"469","-9.6231230879","-9.6231230879","-9.6231230879"
"470","-9.5696454096","-9.5696454096","-9.5696454096"
"471","-9.544988699","-9.544988699","-9.544988699"
"472","-9.50667974","-9.50667974","-9.50667974"
"473","-9.5433105159","-9.5433105159","-9.5433105159"
"474","-9.5565286541","-9.5565286541","-9.5565286541"
"475","-9.6972873497","-9.6972873497","-9.6972873497"
"476","-9.6477320147","-9.6477320147","-9.6477320147"
"477","-9.5018594766","-9.5018594766","-9.5018594766"
"478","-9.5952550507","-9.5952550507","-9.5952550507"
"479","-9.5863630295","-9.5863630295","-9.5863630295"
"480","-9.6671904516","-9.6671904516","-9.6671904516"
"481","-9.5958850718","-9.5958850718","-9.5958850718"
"482","-9.6794418192","-9.6794418192","-9.6794418192"
"483","-9.6620518875","-9.6620518875","-9.6620518875"
"484","-9.6621603155","-9.6621603155","-9.6621603155"
"485","-9.6109834933","-9.6109834933","-9.6109834933"
"486","-9.6180642676","-9.6180642676","-9.6180642676"
"487","-9.6414140987","-9.6414140987","-9.6414140987"
"488","-9.6621125507","-9.6621125507","-9.6621125507"
"489","-9.8137966776","-9.8137966776","-9.8137966776"
"490","-9.7084896755","-9.7084896755","-9.7084896755"
"491","-9.6617066097","-9.6617066097","-9.6617066097"
"492","-9.7231691074","-9.7231691074","-9.7231691074"
"493","-9.7570894885","-9.7570894885","-9.7570894885"
"494","-9.6511274076","-9.6511274076","-9.6511274076"
"495","-9.7157977104","-9.7157977104","-9.7157977104"
"496","-9.7101651669","-9.7101651669","-9.7101651669"
"497","-9.6810717106","-9.6810717106","-9.6810717106"
"498","-9.7745816183","-9.7745816183","-9.7745816183"
"499","-9.763814311","-9.763814311","-9.763814311"
"500","-9.6804030609","-9.6804030609","-9.6804030609"
"501","-9.6949534369","-9.6949534369","-9.6949534369"
"502","-9.7195206928","-9.7195206928","-9.7195206928"
"503","-9.735772047","-9.735772047","-9.735772047"
"504","-9.728979044","-9.728979044","-9.728979044"
"505","-9.8039429665","-9.8039429665","-9.8039429665"
"506","-9.8308006525","-9.8308006525","-9.8308006525"
"507","-9.7206192923","-9.7206192923","-9.7206192923"
"508","-9.7488512659","-9.7488512659","-9.7488512659"
"509","-9.8119336605","-9.8119336605","-9.8119336605"
"510","-9.8176155376","-9.8176155376","-9.8176155376"
"511","-9.8100687027","-9.8100687027","-9.8100687027"
"512","-9.7775815916","-9.7775815916","-9.7775815916"
"513","-9.8214076805","-9.8214076805","-9.8214076805"
"514","-9.7931574082","-9.7931574082","-9.7931574082"
"515","-9.7940282965","-9.7940282965","-9.7940282965"
"516","-9.7856919718","-9.7856919718","-9.7856919718"
"517","-9.8370441008","-9.8370441008","-9.8370441008"
"518","-9.9640554905","-9.9640554905","-9.9640554905"
"519","-9.8927220869","-9.8927220869","-9.8927220869"
"520","-9.8198179579","-9.8198179579","-9.8198179579"
"521","-9.7598074484","-9.7598074484","-9.7598074484"
"522","-9.9178229046","-9.9178229046","-9.9178229046"
"523","-9.9187162256","-9.9187162256","-9.9187162256"
"524","-9.8812995577","-9.8812995577","-9.8812995577"
"525","-9.992473011","-9.992473011","-9.992473011"
"526","-9.9345533895","-9.9345533895","-9.9345533895"
"527","-9.9688164282","-9.9688164282","-9.9688164282"
"528","-9.9026960707","-9.9026960707","-9.9026960707"
"529","-9.9126164722","-9.9126164722","-9.9126164722"
"530","-9.9843912888","-9.9843912888","-9.9843912888"
"531","-9.9054613829","-9.9054613829","-9.9054613829"
"532","-9.9871439075","-9.9871439075","-9.9871439075"
"533","-9.9405816126","-9.9405816126","-9.9405816126"
"534","-9.98109694","-9.98109694","-9.98109694"
"535","-9.9368927002","-9.9368927002","-9.9368927002"
"536","-9.9409133768","-9.9409133768","-9.9409133768"
"537","-9.9787888336","-9.9787888336","-9.9787888336"
"538","-9.9791644859","-9.9791644859","-9.9791644859"
"539","-10.0313144398","-10.0313144398","-10.0313144398"
"540","-10.0317520857","-10.0317520857","-10.0317520857"
"541","-10.0097194004","-10.0097194004","-10.0097194004"
"542","-9.9602203846","-9.9602203846","-9.9602203846"
"543","-10.0837236023","-10.0837236023","-10.0837236023"
"544","-10.0543266869","-10.0543266869","-10.0543266869"
"545","-10.1158596134","-10.1158596134","-10.1158596134"
"546","-10.0635473585","-10.0635473585","-10.0635473585"
"547","-10.1714976311","-10.1714976311","-10.1714976311"
"548","-10.0888877344","-10.0888877344","-10.0888877344"
"549","-10.1624783421","-10.1624783421","-10.1624783421"
"550","-10.1895919132","-10.1895919132","-10.1895919132"
"551","-10.0458899784","-10.0458899784","-10.0458899784"
"552","-10.2030917454","-10.2030917454","-10.2030917454"
"553","-10.1010202599","-10.1010202599","-10.1010202599"
"554","-10.0983810282","-10.0983810282","-10.0983810282"
"555","-10.0353597784","-10.0353597784","-10.0353597784"
"556","-10.1046637917","-10.1046637917","-10.1046637917"
"557","-10.1169476032","-10.1169476032","-10.1169476032"
"558","-10.1376320934","-10.1376320934","-10.1376320934"
"559","-10.1075630331","-10.1075630331","-10.1075630331"
"560","-10.1359285688","-10.1359285688","-10.1359285688"
"561","-10.1431522083","-10.1431522083","-10.1431522083"
"562","-10.2237972164","-10.2237972164","-10.2237972164"
"563","-10.2409198999","-10.2409198999","-10.2409198999"
"564","-10.1306982803","-10.1306982803","-10.1306982803"
"565","-10.2527967834","-10.2527967834","-10.2527967834"
"566","-10.1789779091","-10.1789779091","-10.1789779091"
"567","-10.2298484945","-10.2298484945","-10.2298484945"
"568","-10.1666238499","-10.1666238499","-10.1666238499"
"569","-10.1277224493","-10.1277224493","-10.1277224493"
"570","-10.2374255657","-10.2374255657","-10.2374255657"
"571","-10.1955788183","-10.1955788183","-10.1955788183"
"572","-10.1795836687","-10.1795836687","-10.1795836687"
"573","-10.2271449041","-10.2271449041","-10.2271449041"
"574","-10.2465424013","-10.2465424013","-10.2465424013"
"575","-10.2198639631","-10.2198639631","-10.2198639631"
"576","-10.2260872936","-10.2260872936","-10.2260872936"
"577","-10.2375981951","-10.2375981951","-10.2375981951"
"578","-10.2855654192","-10.2855654192","-10.2855654192"
"579","-10.1965564108","-10.1965564108","-10.1965564108"
"580","-10.3986717319","-10.3986717319","-10.3986717319"
"581","-10.3364325094","-10.3364325094","-10.3364325094"
"582","-10.3622697735","-10.3622697735","-10.3622697735"
"583","-10.3684102821","-10.3684102821","-10.3684102821"
"584","-10.3050278616","-10.3050278616","-10.3050278616"
"585","-10.3774274445","-10.3774274445","-10.3774274445"
"586","-10.3453351974","-10.3453351974","-10.3453351974"
"587","-10.3650493622","-10.3650493622","-10.3650493622"
"588","-10.4105936193","-10.4105936193","-10.4105936193"
"589","-10.411721797","-10.411721797","-10.411721797"
"590","-10.4009536457","-10.4009536457","-10.4009536457"
"591","-10.3618028831","-10.3618028831","-10.3618028831"
"592","-10.3812348175","-10.3812348175","-10.3812348175"
"593","-10.4553708792","-10.4553708792","-10.4553708792"
"594","-10.379247427","-10.379247427","-10.379247427"
"595","-10.4174542284","-10.4174542284","-10.4174542284"
"596","-10.437971921","-10.437971921","-10.437971921"
"597","-10.5098775053","-10.5098775053","-10.5098775053"
"598","-10.4011421061","-10.4011421061","-10.4011421061"
"599","-10.3875380754","-10.3875380754","-10.3875380754"
"600","-10.4010306835","-10.4010306835","-10.4010306835"
"601","-10.4278210735","-10.4278210735","-10.4278210735"
"602","-10.4137439585","-10.4137439585","-10.4137439585"
"603","-10.4891663599","-10.4891663599","-10.4891663599"
"604","-10.4636404943","-10.4636404943","-10.4636404943"
"605","-10.436085186","-10.436085186","-10.436085186"
"606","-10.4232021666","-10.4232021666","-10.4232021666"
"607","-10.4429430771","-10.4429430771","-10.4429430771"
"608","-10.5023699045","-10.5023699045","-10.5023699045"
"609","-10.5093228769","-10.5093228769","-10.5093228769"
"610","-10.5041037083","-10.5041037083","-10.5041037083"
"611","-10.5416495085","-10.5416495085","-10.5416495085"
"612","-10.5244544029","-10.5244544029","-10.5244544029"
"613","-10.6325795746","-10.6325795746","-10.6325795746"
"614","-10.5671099234","-10.5671099234","-10.5671099234"
"615","-10.5141199923","-10.5141199923","-10.5141199923"
"616","-10.5483748055","-10.5483748055","-10.5483748055"
"617","-10.6263745451","-10.6263745451","-10.6263745451"
"618","-10.5813137627","-10.5813137627","-10.5813137627"
"619","-10.5907581472","-10.5907581472","-10.5907581472"
"620","-10.7060812521","-10.7060812521","-10.7060812521"
"621","-10.689644599","-10.689644599","-10.689644599"
"622","-10.5655613184","-10.5655613184","-10.5655613184"
"623","-10.6396247339","-10.6396247339","-10.6396247339"
"624","-10.6857362366","-10.6857362366","-10.6857362366"
"625","-10.6980879402","-10.6980879402","-10.6980879402"
"626","-10.6713205338","-10.6713205338","-10.6713205338"
"627","-10.6971986055","-10.6971986055","-10.6971986055"
"628","-10.7374432468","-10.7374432468","-10.7374432468"
"629","-10.8094297886","-10.8094297886","-10.8094297886"
"630","-10.6759151888","-10.6759151888","-10.6759151888"
"631","-10.7677318001","-10.7677318001","-10.7677318001"
"632","-10.7035401249","-10.7035401249","-10.7035401249"
"633","-10.7710723829","-10.7710723829","-10.7710723829"
"634","-10.7950903988","-10.7950903988","-10.7950903988"
"635","-10.7236138821","-10.7236138821","-10.7236138821"
"636","-10.7507179594","-10.7507179594","-10.7507179594"
"637","-10.7322486639","-10.7322486639","-10.7322486639"
"638","-10.7631436443","-10.7631436443","-10.7631436443"
"639","-10.8201073933","-10.8201073933","-10.8201073933"
"640","-10.7381432152","-10.7381432152","-10.7381432152"
"641","-10.8999609518","-10.8999609518","-10.8999609518"
"642","-10.8809257126","-10.8809257126","-10.8809257126"
"643","-10.8541169834","-10.8541169834","-10.8541169834"
"644","-10.9261023998","-10.9261023998","-10.9261023998"
"645","-10.8906374788","-10.8906374788","-10.8906374788"
"646","-10.9112326717","-10.9112326717","-10.9112326717"
"647","-11.0466137266","-11.0466137266","-11.0466137266"
"648","-10.9667397165","-10.9667397165","-10.9667397165"
"649","-11.0183475828","-11.0183475828","-11.0183475828"
"650","-10.9682086802","-10.9682086802","-10.9682086802"
"651","-11.0167635345","-11.0167635345","-11.0167635345"
"652","-11.0776083565","-11.0776083565","-11.0776083565"
"653","-11.0610228825","-11.0610228825","-11.0610228825"
"654","-10.9851103258","-10.9851103258","-10.9851103258"
"655","-11.0949993229","-11.0949993229","-11.0949993229"
"656","-11.0380446577","-11.0380446577","-11.0380446577"
"657","-11.1105249453","-11.1105249453","-11.1105249453"
"658","-11.0700560474","-11.0700560474","-11.0700560474"
"659","-11.2191891193","-11.2191891193","-11.2191891193"
"660","-11.1787781239","-11.1787781239","-11.1787781239"
"661","-11.2551638508","-11.2551638508","-11.2551638508"
"662","-11.1500763369","-11.1500763369","-11.1500763369"
"663","-11.2623277664","-11.2623277664","-11.2623277664"
"664","-11.1837228394","-11.1837228394","-11.1837228394"
"665","-11.2455979633","-11.2455979633","-11.2455979633"
"666","-11.2107960939","-11.2107960939","-11.2107960939"
"667","-11.1661846399","-11.1661846399","-11.1661846399"
"668","-11.3313498497","-11.3313498497","-11.3313498497"
"669","-11.3803950405","-11.3803950405","-11.3803950405"
"670","-11.3735487509","-11.3735487509","-11.3735487509"
"671","-11.3973070574","-11.3973070574","-11.3973070574"
"672","-11.2675808334","-11.2675808334","-11.2675808334"
"673","-11.3346424198","-11.3346424198","-11.3346424198"
"674","-11.4301575422","-11.4301575422","-11.4301575422"
"675","-11.4419304609","-11.4419304609","-11.4419304609"
"676","-11.3947109604","-11.3947109604","-11.3947109604"
"677","-11.4833666229","-11.4833666229","-11.4833666229"
"678","-11.4331823206","-11.4331823206","-11.4331823206"
"679","-11.594843154","-11.594843154","-11.594843154"
"680","-11.4707525396","-11.4707525396","-11.4707525396"
"681","-11.5748585606","-11.5748585606","-11.5748585606"
"682","-11.4523825312","-11.4523825312","-11.4523825312"
"683","-11.5996393347","-11.5996393347","-11.5996393347"
"684","-11.6387765932","-11.6387765932","-11.6387765932"
"685","-11.6198383093","-11.6198383093","-11.6198383093"
"686","-11.5713367367","-11.5713367367","-11.5713367367"
"687","-11.696536417","-11.696536417","-11.696536417"
"688","-11.6229613543","-11.6229613543","-11.6229613543"
"689","-11.6972539663","-11.6972539663","-11.6972539663"
"690","-11.7450145578","-11.7450145578","-11.7450145578"
"691","-11.8151896763","-11.8151896763","-11.8151896763"
"692","-11.6106045914","-11.6106045914","-11.6106045914"
"693","-11.8178778934","-11.8178778934","-11.8178778934"
"694","-11.6941532469","-11.6941532469","-11.6941532469"
"695","-11.848470211","-11.848470211","-11.848470211"
"696","-11.7486503077","-11.7486503077","-11.7486503077"
"697","-11.8359112597","-11.8359112597","-11.8359112597"
"698","-11.7946435785","-11.7946435785","-11.7946435785"
"699","-11.8155430269","-11.8155430269","-11.8155430269"
"700","-11.8256838894","-11.8256838894","-11.8256838894"
"701","-11.9176193047","-11.9176193047","-11.9176193047"
"702","-11.8043541861","-11.8043541861","-11.8043541861"
"703","-11.832113142","-11.832113142","-11.832113142"
"704","-11.7768978882","-11.7768978882","-11.7768978882"
"705","-11.8503521252","-11.8503521252","-11.8503521252"
"706","-11.9698765135","-11.9698765135","-11.9698765135"
"707","-11.9588226986","-11.9588226986","-11.9588226986"
"708","-11.9267551613","-11.9267551613","-11.9267551613"
"709","-11.9753849077","-11.9753849077","-11.9753849077"
"710","-11.9599213791","-11.9599213791","-11.9599213791"
"711","-11.992384901","-11.992384901","-11.992384901"
"712","-11.9049012566","-11.9049012566","-11.9049012566"
"713","-12.0764699125","-12.0764699125","-12.0764699125"
"714","-12.0491166353","-12.0491166353","-12.0491166353"
"715","-12.0682824993","-12.0682824993","-12.0682824993"
"716","-12.1044810486","-12.1044810486","-12.1044810486"
"717","-12.0456964254","-12.0456964254","-12.0456964254"
"718","-12.2192424536","-12.2192424536","-12.2192424536"
"719","-12.1015953112","-12.1015953112","-12.1015953112"
"720","-12.0519908381","-12.0519908381","-12.0519908381"
"721","-12.2441850519","-12.2441850519","-12.2441850519"
"722","-12.1522989559","-12.1522989559","-12.1522989559"
"723","-12.1291083193","-12.1291083193","-12.1291083193"
"724","-12.2608654404","-12.2608654404","-12.2608654404"
"725","-12.239811511","-12.239811511","-12.239811511"
"726","-12.23136415","-12.23136415","-12.23136415"
"727","-12.28433568","-12.28433568","-12.28433568"
"728","-12.2905288696","-12.2905288696","-12.2905288696"
"729","-12.3770337772","-12.3770337772","-12.3770337772"
"730","-12.3291409111","-12.3291409111","-12.3291409111"
"731","-12.3059456921","-12.3059456921","-12.3059456921"
"732","-12.4870004749","-12.4870004749","-12.4870004749"
"733","-12.5348293209","-12.5348293209","-12.5348293209"
"734","-12.5124992514","-12.5124992514","-12.5124992514"
"735","-12.4141783142","-12.4141783142","-12.4141783142"
"736","-12.5178575039","-12.5178575039","-12.5178575039"
"737","-12.4946639204","-12.4946639204","-12.4946639204"
"738","-12.4350299978","-12.4350299978","-12.4350299978"
"739","-12.6193106985","-12.6193106985","-12.6193106985"
"740","-12.5855587435","-12.5855587435","-12.5855587435"
"741","-12.6715616894","-12.6715616894","-12.6715616894"
"742","-12.6236242628","-12.6236242628","-12.6236242628"
"743","-12.7583662224","-12.7583662224","-12.7583662224"
"744","-12.5069919443","-12.5069919443","-12.5069919443"
"745","-12.7433568811","-12.7433568811","-12.7433568811"
"746","-12.7510693932","-12.7510693932","-12.7510693932"
"747","-12.7036085939","-12.7036085939","-12.7036085939"
"748","-12.6899823856","-12.6899823856","-12.6899823856"
"749","-12.8310740948","-12.8310740948","-12.8310740948"
"750","-12.7468375301","-12.7468375301","-12.7468375301"
"751","-12.8008966446","-12.8008966446","-12.8008966446"
"752","-12.9780016088","-12.9780016088","-12.9780016088"
"753","-12.8382482862","-12.8382482862","-12.8382482862"
"754","-12.8925845718","-12.8925845718","-12.8925845718"
"755","-12.9069850016","-12.9069850016","-12.9069850016"
"756","-13.0003660536","-13.0003660536","-13.0003660536"
"757","-12.9866190767","-12.9866190767","-12.9866190767"
"758","-12.9565246534","-12.9565246534","-12.9565246534"
"759","-12.9922504187","-12.9922504187","-12.9922504187"
"760","-13.0365674591","-13.0365674591","-13.0365674591"
"761","-13.0582738352","-13.0582738352","-13.0582738352"
"762","-13.0257066631","-13.0257066631","-13.0257066631"
"763","-13.0938277674","-13.0938277674","-13.0938277674"
"764","-13.1590685368","-13.1590685368","-13.1590685368"
"765","-13.1795209312","-13.1795209312","-13.1795209312"
"766","-13.1188125992","-13.1188125992","-13.1188125992"
"767","-13.3190708447","-13.3190708447","-13.3190708447"
"768","-13.2305299187","-13.2305299187","-13.2305299187"
"769","-13.3026547575","-13.3026547575","-13.3026547575"
"770","-13.2846038771","-13.2846038771","-13.2846038771"
"771","-13.3068676567","-13.3068676567","-13.3068676567"
"772","-13.2334828711","-13.2334828711","-13.2334828711"
"773","-13.4220060778","-13.4220060778","-13.4220060778"
"774","-13.4637823343","-13.4637823343","-13.4637823343"
"775","-13.5252208328","-13.5252208328","-13.5252208328"
"776","-13.3590376234","-13.3590376234","-13.3590376234"
"777","-13.4249877214","-13.4249877214","-13.4249877214"
"778","-13.5289027977","-13.5289027977","-13.5289027977"
"779","-13.5225796556","-13.5225796556","-13.5225796556"
"780","-13.6188965797","-13.6188965797","-13.6188965797"
"781","-13.6485490036","-13.6485490036","-13.6485490036"
"782","-13.6608171129","-13.6608171129","-13.6608171129"
"783","-13.5581517506","-13.5581517506","-13.5581517506"
"784","-13.739620018","-13.739620018","-13.739620018"
"785","-13.7637740278","-13.7637740278","-13.7637740278"
"786","-13.6664108801","-13.6664108801","-13.6664108801"
"787","-13.6442570019","-13.6442570019","-13.6442570019"
"788","-13.7766777658","-13.7766777658","-13.7766777658"
"789","-13.8137021971","-13.8137021971","-13.8137021971"
"790","-13.8486600494","-13.8486600494","-13.8486600494"
"791","-13.8772314167","-13.8772314167","-13.8772314167"
"792","-13.8426187897","-13.8426187897","-13.8426187897"
"793","-13.8739720869","-13.8739720869","-13.8739720869"
"794","-13.7674668169","-13.7674668169","-13.7674668169"
"795","-13.9849314451","-13.9849314451","-13.9849314451"
"796","-14.0189646673","-14.0189646673","-14.0189646673"
"797","-13.9823453903","-13.9823453903","-13.9823453903"
"798","-13.9475887775","-13.9475887775","-13.9475887775"
"799","-14.0585966921","-14.0585966921","-14.0585966921"
"800","-14.2270606804","-14.2270606804","-14.2270606804"
"801","-14.0862453508","-14.0862453508","-14.0862453508"
"802","-14.0950950241","-14.0950950241","-14.0950950241"
"803","-14.1711536455","-14.1711536455","-14.1711536455"
"804","-14.1926539278","-14.1926539278","-14.1926539278"
"805","-14.3480772734","-14.3480772734","-14.3480772734"
"806","-14.3136875963","-14.3136875963","-14.3136875963"
"807","-14.2883339214","-14.2883339214","-14.2883339214"
"808","-14.4394864607","-14.4394864607","-14.4394864607"
"809","-14.3043840122","-14.3043840122","-14.3043840122"
"810","-14.4454061079","-14.4454061079","-14.4454061079"
"811","-14.3928220367","-14.3928220367","-14.3928220367"
"812","-14.6812099791","-14.6812099791","-14.6812099791"
"813","-14.5671404171","-14.5671404171","-14.5671404171"
"814","-14.3656333065","-14.3656333065","-14.3656333065"
"815","-14.470771904","-14.470771904","-14.470771904"
"816","-14.5287869644","-14.5287869644","-14.5287869644"
"817","-14.6175545406","-14.6175545406","-14.6175545406"
"818","-14.7420611334","-14.7420611334","-14.7420611334"
"819","-14.6214837503","-14.6214837503","-14.6214837503"
"820","-14.6141015577","-14.6141015577","-14.6141015577"
"821","-14.7071838331","-14.7071838331","-14.7071838331"
"822","-14.6655972719","-14.6655972719","-14.6655972719"
"823","-14.8604686689","-14.8604686689","-14.8604686689"
"824","-14.8159802723","-14.8159802723","-14.8159802723"
"825","-14.8076454401","-14.8076454401","-14.8076454401"
"826","-14.8224471378","-14.8224471378","-14.8224471378"
"827","-14.8749226284","-14.8749226284","-14.8749226284"
"828","-14.8951031685","-14.8951031685","-14.8951031685"
"829","-14.9881373167","-14.9881373167","-14.9881373167"
"830","-14.9957363033","-14.9957363033","-14.9957363033"
"831","-15.0203508186","-15.0203508186","-15.0203508186"
"832","-15.0473193979","-15.0473193979","-15.0473193979"
"833","-15.0502571583","-15.0502571583","-15.0502571583"
"834","-15.0084731245","-15.0084731245","-15.0084731245"
"835","-15.1998773289","-15.1998773289","-15.1998773289"
"836","-15.1497677612","-15.1497677612","-15.1497677612"
"837","-15.1786894846","-15.1786894846","-15.1786894846"
"838","-15.2854117489","-15.2854117489","-15.2854117489"
"839","-15.2125713444","-15.2125713444","-15.2125713444"
"840","-15.3377860737","-15.3377860737","-15.3377860737"
"841","-15.2260680485","-15.2260680485","-15.2260680485"
"842","-15.2412169266","-15.2412169266","-15.2412169266"
"843","-15.3947454977","-15.3947454977","-15.3947454977"
"844","-15.4330235624","-15.4330235624","-15.4330235624"
"845","-15.3650386238","-15.3650386238","-15.3650386238"
"846","-15.4448905754","-15.4448905754","-15.4448905754"
"847","-15.3564902687","-15.3564902687","-15.3564902687"
"848","-15.5747564507","-15.5747564507","-15.5747564507"
"849","-15.4553148842","-15.4553148842","-15.4553148842"
"850","-15.5895183563","-15.5895183563","-15.5895183563"
"851","-15.7203906202","-15.7203906202","-15.7203906202"
"852","-15.7503311157","-15.7503311157","-15.7503311157"
"853","-15.5292061567","-15.5292061567","-15.5292061567"
"854","-15.6538629484","-15.6538629484","-15.6538629484"
"855","-15.7003655767","-15.7003655767","-15.7003655767"
"856","-15.6261815691","-15.6261815691","-15.6261815691"
"857","-15.6786033201","-15.6786033201","-15.6786033201"
"858","-15.7960990191","-15.7960990191","-15.7960990191"
"859","-15.825456481","-15.825456481","-15.825456481"
"860","-15.7706586456","-15.7706586456","-15.7706586456"
"861","-15.9397824955","-15.9397824955","-15.9397824955"
"862","-15.8491815281","-15.8491815281","-15.8491815281"
"863","-15.8974317694","-15.8974317694","-15.8974317694"
"864","-15.9184696054","-15.9184696054","-15.9184696054"
"865","-15.9874730825","-15.9874730825","-15.9874730825"
"866","-16.103734374","-16.103734374","-16.103734374"
"867","-16.097050643","-16.097050643","-16.097050643"
"868","-16.0575995016","-16.0575995016","-16.0575995016"
"869","-16.2622957802","-16.2622957802","-16.2622957802"
"870","-16.1113063669","-16.1113063669","-16.1113063669"
"871","-16.1265763664","-16.1265763664","-16.1265763664"
"872","-16.2131748152","-16.2131748152","-16.2131748152"
"873","-16.1746922398","-16.1746922398","-16.1746922398"
"874","-16.269302783","-16.269302783","-16.269302783"
"875","-16.310159483","-16.310159483","-16.310159483"
"876","-16.4002768373","-16.4002768373","-16.4002768373"
"877","-16.3433388662","-16.3433388662","-16.3433388662"
"878","-16.3454775143","-16.3454775143","-16.3454775143"
"879","-16.4009135628","-16.4009135628","-16.4009135628"
"880","-16.5066042423","-16.5066042423","-16.5066042423"
"881","-16.5305989075","-16.5305989075","-16.5305989075"
"882","-16.5234704924","-16.5234704924","-16.5234704924"
"883","-16.3970953035","-16.3970953035","-16.3970953035"
"884","-16.5808303118","-16.5808303118","-16.5808303118"
"885","-16.6321039152","-16.6321039152","-16.6321039152"
"886","-16.6913900757","-16.6913900757","-16.6913900757"
"887","-16.7864171314","-16.7864171314","-16.7864171314"
"888","-16.6624485445","-16.6624485445","-16.6624485445"
"889","-16.8091977549","-16.8091977549","-16.8091977549"
"890","-16.7837276506","-16.7837276506","-16.7837276506"
"891","-16.7609406519","-16.7609406519","-16.7609406519"
"892","-16.8365396404","-16.8365396404","-16.8365396404"
"893","-16.8785690594","-16.8785690594","-16.8785690594"
"894","-16.9253315496","-16.9253315496","-16.9253315496"
"895","-16.9453841543","-16.9453841543","-16.9453841543"
"896","-16.9078327131","-16.9078327131","-16.9078327131"
"897","-17.2055114985","-17.2055114985","-17.2055114985"
"898","-17.0202174044","-17.0202174044","-17.0202174044"
"899","-17.1339194775","-17.1339194775","-17.1339194775"
"900","-17.2229718924","-17.2229718924","-17.2229718924"
"901","-17.2648664188","-17.2648664188","-17.2648664188"
"902","-17.2218139267","-17.2218139267","-17.2218139267"
"903","-17.167200861","-17.167200861","-17.167200861"
"904","-17.2236377716","-17.2236377716","-17.2236377716"
"905","-17.3072991323","-17.3072991323","-17.3072991323"
"906","-17.3009780931","-17.3009780931","-17.3009780931"
"907","-17.4427825594","-17.4427825594","-17.4427825594"
"908","-17.3146589518","-17.3146589518","-17.3146589518"
"909","-17.2338713884","-17.2338713884","-17.2338713884"
"910","-17.6276896667","-17.6276896667","-17.6276896667"
"911","-17.5140032721","-17.5140032721","-17.5140032721"
"912","-17.5809703684","-17.5809703684","-17.5809703684"
"913","-17.4576200151","-17.4576200151","-17.4576200151"
"914","-17.4853467226","-17.4853467226","-17.4853467226"
"915","-17.5314454651","-17.5314454651","-17.5314454651"
"916","-17.6700131035","-17.6700131035","-17.6700131035"
"917","-17.6245242357","-17.6245242357","-17.6245242357"
"918","-17.6003036833","-17.6003036833","-17.6003036833"
"919","-17.6977565575","-17.6977565575","-17.6977565575"
"920","-17.7145991945","-17.7145991945","-17.7145991945"
"921","-17.6847912073","-17.6847912073","-17.6847912073"
"922","-17.805344615","-17.805344615","-17.805344615"
"923","-17.9012302017","-17.9012302017","-17.9012302017"
"924","-17.8921934652","-17.8921934652","-17.8921934652"
"925","-17.9558389187","-17.9558389187","-17.9558389187"
"926","-17.9597815371","-17.9597815371","-17.9597815371"
"927","-17.9364130878","-17.9364130878","-17.9364130878"
"928","-18.1238357353","-18.1238357353","-18.1238357353"
"929","-18.0292007017","-18.0292007017","-18.0292007017"
"930","-18.1224543619","-18.1224543619","-18.1224543619"
"931","-18.1118776703","-18.1118776703","-18.1118776703"
"932","-18.0821756697","-18.0821756697","-18.0821756697"
"933","-18.1541568089","-18.1541568089","-18.1541568089"
"934","-18.1181332493","-18.1181332493","-18.1181332493"
"935","-18.0900067949","-18.0900067949","-18.0900067949"
"936","-18.2120044088","-18.2120044088","-18.2120044088"
"937","-18.2697468042","-18.2697468042","-18.2697468042"
"938","-18.4193171597","-18.4193171597","-18.4193171597"
"939","-18.3722358036","-18.3722358036","-18.3722358036"
"940","-18.2124835014","-18.2124835014","-18.2124835014"
"941","-18.394291501","-18.394291501","-18.394291501"
"942","-18.4710420132","-18.4710420132","-18.4710420132"
"943","-18.5442924976","-18.5442924976","-18.5442924976"
"944","-18.3632342243","-18.3632342243","-18.3632342243"
"945","-18.5574109316","-18.5574109316","-18.5574109316"
"946","-18.5282569456","-18.5282569456","-18.5282569456"
"947","-18.5415636539","-18.5415636539","-18.5415636539"
"948","-18.6148441792","-18.6148441792","-18.6148441792"
"949","-18.5787155819","-18.5787155819","-18.5787155819"
"950","-18.6682365179","-18.6682365179","-18.6682365179"
"951","-18.6533375406","-18.6533375406","-18.6533375406"
"952","-18.7179839325","-18.7179839325","-18.7179839325"
"953","-18.802786541","-18.802786541","-18.802786541"
"954","-18.8268816185","-18.8268816185","-18.8268816185"
"955","-18.9110825729","-18.9110825729","-18.9110825729"
"956","-18.9273695707","-18.9273695707","-18.9273695707"
"957","-18.9578652477","-18.9578652477","-18.9578652477"
"958","-18.9198372364","-18.9198372364","-18.9198372364"
"959","-18.8979700947","-18.8979700947","-18.8979700947"
"960","-18.8087289238","-18.8087289238","-18.8087289238"
"961","-19.0811377144","-19.0811377144","-19.0811377144"
"962","-19.0222679615","-19.0222679615","-19.0222679615"
"963","-19.3215668011","-19.3215668011","-19.3215668011"
"964","-19.0727421284","-19.0727421284","-19.0727421284"
"965","-19.1760361576","-19.1760361576","-19.1760361576"
"966","-19.1566674137","-19.1566674137","-19.1566674137"
"967","-19.3040088081","-19.3040088081","-19.3040088081"
"968","-19.2284455967","-19.2284455967","-19.2284455967"
"969","-19.3535532951","-19.3535532951","-19.3535532951"
"970","-19.3251352692","-19.3251352692","-19.3251352692"
"971","-19.2616489029","-19.2616489029","-19.2616489029"
"972","-19.379275322","-19.379275322","-19.379275322"
"973","-19.5213016319","-19.5213016319","-19.5213016319"
"974","-19.4540237713","-19.4540237713","-19.4540237713"
"975","-19.4254714775","-19.4254714775","-19.4254714775"
"976","-19.5139478779","-19.5139478779","-19.5139478779"
"977","-19.583921504","-19.583921504","-19.583921504"
"978","-19.5780060005","-19.5780060005","-19.5780060005"
"979","-19.7001146793","-19.7001146793","-19.7001146793"
"980","-19.6215963173","-19.6215963173","-19.6215963173"
"981","-19.6949709702","-19.6949709702","-19.6949709702"
"982","-19.7202144337","-19.7202144337","-19.7202144337"
"983","-19.6728244019","-19.6728244019","-19.6728244019"
"984","-19.9606233454","-19.9606233454","-19.9606233454"
"985","-19.7536150837","-19.7536150837","-19.7536150837"
"986","-19.874342041","-19.874342041","-19.874342041"
"987","-19.9108857536","-19.9108857536","-19.9108857536"
"988","-19.8709344673","-19.8709344673","-19.8709344673"
"989","-20.0476876259","-20.0476876259","-20.0476876259"
"990","-20.1264017105","-20.1264017105","-20.1264017105"
"991","-20.1088052368","-20.1088052368","-20.1088052368"
"992","-20.2599228859","-20.2599228859","-20.2599228859"
"993","-20.0374337196","-20.0374337196","-20.0374337196"
"994","-19.8760995293","-19.8760995293","-19.8760995293"
"995","-20.1372448826","-20.1372448826","-20.1372448826"
"996","-20.1184708786","-20.1184708786","-20.1184708786"
"997","-20.1472176552","-20.1472176552","-20.1472176552"
"998","-20.1557235718","-20.1557235718","-20.1557235718"
"999","-20.3515355396","-20.3515355396","-20.3515355396"