"Step","SAC_single_critic_short_test_track_pixel - return_train","SAC_single_critic_short_test_track_pixel - return_train__MIN","SAC_single_critic_short_test_track_pixel - return_train__MAX"
"0","3.1199999303","3.1199999303","3.1199999303"
"1","3.1199999303","3.1199999303","3.1199999303"
"2","0.8999999799","0.8999999799","0.8999999799"
"3","0.2999999933","0.2999999933","0.2999999933"
"4","0.0199999996","0.0199999996","0.0199999996"
"5","0.0299999993","0.0299999993","0.0299999993"
"6","0.669999985","0.669999985","0.669999985"
"7","0","0","0"
"8","0.6399999857","0.6399999857","0.6399999857"
"9","0.2599999942","0.2599999942","0.2599999942"
"10","0","0","0"
"11","1.0799999759","1.0799999759","1.0799999759"
"12","0.0199999996","0.0199999996","0.0199999996"
"13","0.3299999926","0.3299999926","0.3299999926"
"14","0.6799999848","0.6799999848","0.6799999848"
"15","1.1699999738","1.1699999738","1.1699999738"
"16","1.519999966","1.519999966","1.519999966"
"17","0.6399999857","0.6399999857","0.6399999857"
"18","0.3099999931","0.3099999931","0.3099999931"
"19","0.0299999993","0.0299999993","0.0299999993"
"20","5.0599998906","5.0599998906","5.0599998906"
"21","5.0599998906","5.0599998906","5.0599998906"
"22","6.8299998473","6.8299998473","6.8299998473"
"23","0.7899999823","0.7899999823","0.7899999823"
"24","2.0899999533","2.0899999533","2.0899999533"
"25","3.5299999211","3.5299999211","3.5299999211"
"26","2.4399999455","2.4399999455","2.4399999455"
"27","5.3099999018","5.3099999018","5.3099999018"
"28","1.1399999745","1.1399999745","1.1399999745"
"29","0.5899999868","0.5899999868","0.5899999868"
"30","8.1899998244","8.1899998244","8.1899998244"
"31","2.2999999486","2.2999999486","2.2999999486"
"32","4.6699998956","4.6699998956","4.6699998956"
"33","10.1099998113","10.1099998113","10.1099998113"
"34","10.1099998113","10.1099998113","10.1099998113"
"35","15.7499996573","15.7499996573","15.7499996573"
"36","0.1699999962","0.1699999962","0.1699999962"
"37","0.1699999962","0.1699999962","0.1699999962"
"38","14.4399996903","14.4399996903","14.4399996903"
"39","9.4299997985","9.4299997985","9.4299997985"
"40","1.969999956","1.969999956","1.969999956"
"41","1.969999956","1.969999956","1.969999956"
"42","15.9099996649","15.9099996649","15.9099996649"
"43","5.4199998882","5.4199998882","5.4199998882"
"44","5.4199998882","5.4199998882","5.4199998882"
"45","16.7299996465","16.7299996465","16.7299996465"
"46","7.8999998327","7.8999998327","7.8999998327"
"47","7.8999998327","7.8999998327","7.8999998327"
"48","8.8199998084","8.8199998084","8.8199998084"
"49","8.8199998084","8.8199998084","8.8199998084"
"50","15.3199996576","15.3199996576","15.3199996576"
"51","15.3199996576","15.3199996576","15.3199996576"
"52","15.3199996576","15.3199996576","15.3199996576"
"53","14.2899997029","14.2899997029","14.2899997029"
"54","16.0899996888","16.0899996888","16.0899996888"
"55","16.0899996888","16.0899996888","16.0899996888"
"56","16.0899996888","16.0899996888","16.0899996888"
"57","18.0999997165","18.0999997165","18.0999997165"
"58","9.0799997989","9.0799997989","9.0799997989"
"59","9.0799997989","9.0799997989","9.0799997989"
"60","8.1399998236","8.1399998236","8.1399998236"
"61","4.91999989","4.91999989","4.91999989"
"62","8.6699998062","8.6699998062","8.6699998062"
"63","4.069999909","4.069999909","4.069999909"
"64","6.4199998584","6.4199998584","6.4199998584"
"65","8.0099998303","8.0099998303","8.0099998303"
"66","8.0099998303","8.0099998303","8.0099998303"
"67","6.2099998631","6.2099998631","6.2099998631"
"68","8.7099998109","8.7099998109","8.7099998109"
"69","6.1199998669","6.1199998669","6.1199998669"
"70","6.1199998669","6.1199998669","6.1199998669"
"71","10.5399998203","10.5399998203","10.5399998203"
"72","4.4499999005","4.4499999005","4.4499999005"
"73","4.4499999005","4.4499999005","4.4499999005"
"74","6.7599998508","6.7599998508","6.7599998508"
"75","10.5199998096","10.5199998096","10.5199998096"
"76","10.6899998337","10.6899998337","10.6899998337"
"77","5.8099998981","5.8099998981","5.8099998981"
"78","10.6399998572","10.6399998572","10.6399998572"
"79","3.4599999227","3.4599999227","3.4599999227"
"80","3.2299999446","3.2299999446","3.2299999446"
"81","9.8099998198","9.8099998198","9.8099998198"
"82","10.1499998216","10.1499998216","10.1499998216"
"83","7.0499998685","7.0499998685","7.0499998685"
"84","3.4299999364","3.4299999364","3.4299999364"
"85","9.1999998093","9.1999998093","9.1999998093"
"86","9.7799997926","9.7799997926","9.7799997926"
"87","9.7799997926","9.7799997926","9.7799997926"
"88","9.7799997926","9.7799997926","9.7799997926"
"89","15.6699997261","15.6699997261","15.6699997261"
"90","15.6699997261","15.6699997261","15.6699997261"
"91","4.9899999332","4.9899999332","4.9899999332"
"92","2.9399999343","2.9399999343","2.9399999343"
"93","2.9399999343","2.9399999343","2.9399999343"
"94","14.6299997587","14.6299997587","14.6299997587"
"95","14.6299997587","14.6299997587","14.6299997587"
"96","16.1799997482","16.1799997482","16.1799997482"
"97","15.6799997613","15.6799997613","15.6799997613"
"98","15.6799997613","15.6799997613","15.6799997613"
"99","14.6699997094","14.6699997094","14.6699997094"
"100","14.6699997094","14.6699997094","14.6699997094"
"101","15.6299997363","15.6299997363","15.6299997363"
"102","15.6299997363","15.6299997363","15.6299997363"
"103","15.9299997315","15.9299997315","15.9299997315"
"104","15.9299997315","15.9299997315","15.9299997315"
"105","15.9299997315","15.9299997315","15.9299997315"
"106","38.3699996788","38.3699996788","38.3699996788"
"107","16.8499996774","16.8499996774","16.8499996774"
"108","16.8499996774","16.8499996774","16.8499996774"
"109","16.7499996834","16.7499996834","16.7499996834"
"110","16.9399997853","16.9399997853","16.9399997853"
"111","16.9399997853","16.9399997853","16.9399997853"
"112","16.9399997853","16.9399997853","16.9399997853"
"113","15.259999698","15.259999698","15.259999698"
"114","16.5399997514","16.5399997514","16.5399997514"
"115","16.5399997514","16.5399997514","16.5399997514"
"116","15.3999998122","15.3999998122","15.3999998122"
"117","15.2999997754","15.2999997754","15.2999997754"
"118","15.2999997754","15.2999997754","15.2999997754"
"119","33.1899995785","33.1899995785","33.1899995785"
"120","3.7099999283","3.7099999283","3.7099999283"
"121","4.169999944","4.169999944","4.169999944"
"122","4.169999944","4.169999944","4.169999944"
"123","27.949999569","27.949999569","27.949999569"
"124","27.949999569","27.949999569","27.949999569"
"125","15.2299997713","15.2299997713","15.2299997713"
"126","15.4199998174","15.4199998174","15.4199998174"
"127","14.7399997972","14.7399997972","14.7399997972"
"128","14.7399997972","14.7399997972","14.7399997972"
"129","11.9999997448","11.9999997448","11.9999997448"
"130","11.9999997448","11.9999997448","11.9999997448"
"131","31.7699997593","31.7699997593","31.7699997593"
"132","15.3399998024","15.3399998024","15.3399998024"
"133","17.5499999132","17.5499999132","17.5499999132"
"134","17.5499999132","17.5499999132","17.5499999132"
"135","16.7599996906","16.7599996906","16.7599996906"
"136","3.1999999471","3.1999999471","3.1999999471"
"137","3.1999999471","3.1999999471","3.1999999471"
"138","15.4399997517","15.4399997517","15.4399997517"
"139","15.4399997517","15.4399997517","15.4399997517"
"140","30.9699995704","30.9699995704","30.9699995704"
"141","30.9699995704","30.9699995704","30.9699995704"
"142","16.1699997671","16.1699997671","16.1699997671"
"143","16.32999973","16.32999973","16.32999973"
"144","16.32999973","16.32999973","16.32999973"
"145","16.32999973","16.32999973","16.32999973"
"146","27.5699995998","27.5699995998","27.5699995998"
"147","16.1499998253","16.1499998253","16.1499998253"
"148","16.1499998253","16.1499998253","16.1499998253"
"149","16.1499998253","16.1499998253","16.1499998253"
"150","43.9899997599","43.9899997599","43.9899997599"
"151","16.3299997617","16.3299997617","16.3299997617"
"152","16.3299997617","16.3299997617","16.3299997617"
"153","21.6599997487","21.6599997487","21.6599997487"
"154","21.6599997487","21.6599997487","21.6599997487"
"155","35.2199995816","35.2199995816","35.2199995816"
"156","35.2199995816","35.2199995816","35.2199995816"
"157","35.2199995816","35.2199995816","35.2199995816"
"158","36.4399996325","36.4399996325","36.4399996325"
"159","13.6199997552","13.6199997552","13.6199997552"
"160","13.6199997552","13.6199997552","13.6199997552"
"161","13.6199997552","13.6199997552","13.6199997552"
"162","47.5899996348","47.5899996348","47.5899996348"
"163","17.8399999514","17.8399999514","17.8399999514"
"164","15.3099998031","15.3099998031","15.3099998031"
"165","2.149999965","2.149999965","2.149999965"
"166","16.3299999088","16.3299999088","16.3299999088"
"167","16.3299999088","16.3299999088","16.3299999088"
"168","17.3499998245","17.3499998245","17.3499998245"
"169","16.4799997881","16.4799997881","16.4799997881"
"170","16.4799997881","16.4799997881","16.4799997881"
"171","31.2499996815","31.2499996815","31.2499996815"
"172","31.2499996815","31.2499996815","31.2499996815"
"173","31.2499996815","31.2499996815","31.2499996815"
"174","41.8399995789","41.8399995789","41.8399995789"
"175","41.8399995789","41.8399995789","41.8399995789"
"176","39.1199995615","39.1199995615","39.1199995615"
"177","39.1199995615","39.1199995615","39.1199995615"
"178","31.4099996835","31.4099996835","31.4099996835"
"179","31.4099996835","31.4099996835","31.4099996835"
"180","30.7099998202","30.7099998202","30.7099998202"
"181","30.7099998202","30.7099998202","30.7099998202"
"182","31.1199997924","31.1199997924","31.1199997924"
"183","10.4999998938","10.4999998938","10.4999998938"
"184","10.4999998938","10.4999998938","10.4999998938"
"185","37.1699996814","37.1699996814","37.1699996814"
"186","37.1699996814","37.1699996814","37.1699996814"
"187","29.3999998104","29.3999998104","29.3999998104"
"188","29.3999998104","29.3999998104","29.3999998104"
"189","42.3799996171","42.3799996171","42.3799996171"
"190","42.3799996171","42.3799996171","42.3799996171"
"191","28.6899997573","28.6899997573","28.6899997573"
"192","28.4499997757","28.4499997757","28.4499997757"
"193","28.4499997757","28.4499997757","28.4499997757"
"194","27.0199999791","27.0199999791","27.0199999791"
"195","27.0199999791","27.0199999791","27.0199999791"
"196","148.1999963317","148.1999963317","148.1999963317"
"197","148.1999963317","148.1999963317","148.1999963317"
"198","148.1999963317","148.1999963317","148.1999963317"
"199","148.279999489","148.279999489","148.279999489"
"200","148.279999489","148.279999489","148.279999489"
"201","30.2299997713","30.2299997713","30.2299997713"
"202","30.2299997713","30.2299997713","30.2299997713"
"203","36.7999995705","36.7999995705","36.7999995705"
"204","36.7999995705","36.7999995705","36.7999995705"
"205","30.4199997913","30.4199997913","30.4199997913"
"206","30.4199997913","30.4199997913","30.4199997913"
"207","28.4799997322","28.4799997322","28.4799997322"
"208","10.7599999178","10.7599999178","10.7599999178"
"209","29.6999997478","29.6999997478","29.6999997478"
"210","29.6999997478","29.6999997478","29.6999997478"
"211","29.6999997478","29.6999997478","29.6999997478"
"212","2.8599999603","2.8599999603","2.8599999603"
"213","2.8599999603","2.8599999603","2.8599999603"
"214","25.5199996755","25.5199996755","25.5199996755"
"215","25.5199996755","25.5199996755","25.5199996755"
"216","25.5199996755","25.5199996755","25.5199996755"
"217","33.849999601","33.849999601","33.849999601"
"218","33.849999601","33.849999601","33.849999601"
"219","148.2299993597","148.2299993597","148.2299993597"
"220","6.9599999245","6.9599999245","6.9599999245"
"221","6.9599999245","6.9599999245","6.9599999245"
"222","42.7599997967","42.7599997967","42.7599997967"
"223","42.7599997967","42.7599997967","42.7599997967"
"224","26.5299998261","26.5299998261","26.5299998261"
"225","26.5299998261","26.5299998261","26.5299998261"
"226","13.8599997852","13.8599997852","13.8599997852"
"227","3.519999966","3.519999966","3.519999966"
"228","3.5499999747","3.5499999747","3.5499999747"
"229","2.419999972","2.419999972","2.419999972"
"230","1.3599999808","1.3599999808","1.3599999808"
"231","7.009999916","7.009999916","7.009999916"
"232","7.0299999546","7.0299999546","7.0299999546"
"233","12.2899998389","12.2899998389","12.2899998389"
"234","9.8099998906","9.8099998906","9.8099998906"
"235","9.8099998906","9.8099998906","9.8099998906"
"236","9.8099998906","9.8099998906","9.8099998906"
"237","43.4399996269","43.4399996269","43.4399996269"
"238","6.9499999676","6.9499999676","6.9499999676"
"239","5.0499999542","5.0499999542","5.0499999542"
"240","5.0499999542","5.0499999542","5.0499999542"
"241","31.4299998153","31.4299998153","31.4299998153"
"242","31.4299998153","31.4299998153","31.4299998153"
"243","35.6299995948","35.6299995948","35.6299995948"
"244","2.7199999951","2.7199999951","2.7199999951"
"245","5.9999999423","5.9999999423","5.9999999423"
"246","12.7399999443","12.7399999443","12.7399999443"
"247","5.4699999038","5.4699999038","5.4699999038"
"248","2.4499999769","2.4499999769","2.4499999769"
"249","2.4499999769","2.4499999769","2.4499999769"
"250","2.4499999769","2.4499999769","2.4499999769"
"251","37.109999612","37.109999612","37.109999612"
"252","6.2899999432","6.2899999432","6.2899999432"
"253","19.0099998917","19.0099998917","19.0099998917"
"254","6.36999988","6.36999988","6.36999988"
"255","11.9899998605","11.9899998605","11.9899998605"
"256","6.7299998943","6.7299998943","6.7299998943"
"257","6.7299998943","6.7299998943","6.7299998943"
"258","148.2799972985","148.2799972985","148.2799972985"
"259","148.2799972985","148.2799972985","148.2799972985"
"260","2.2599999718","2.2599999718","2.2599999718"
"261","11.5899998955","11.5899998955","11.5899998955"
"262","11.5899998955","11.5899998955","11.5899998955"
"263","12.7999998275","12.7999998275","12.7999998275"
"264","25.6599997729","25.6599997729","25.6599997729"
"265","25.6599997729","25.6599997729","25.6599997729"
"266","25.6599997729","25.6599997729","25.6599997729"
"267","8.6799998861","8.6799998861","8.6799998861"
"268","8.6799998861","8.6799998861","8.6799998861"
"269","8.6799998861","8.6799998861","8.6799998861"
"270","34.8199996762","34.8199996762","34.8199996762"
"271","23.42999986","23.42999986","23.42999986"
"272","23.42999986","23.42999986","23.42999986"
"273","23.42999986","23.42999986","23.42999986"
"274","148.2499972992","148.2499972992","148.2499972992"
"275","148.2499972992","148.2499972992","148.2499972992"
"276","148.2099995688","148.2099995688","148.2099995688"
"277","148.2099995688","148.2099995688","148.2099995688"
"278","148.2899972554","148.2899972554","148.2899972554"
"279","148.2899972554","148.2899972554","148.2899972554"
"280","35.459999701","35.459999701","35.459999701"
"281","19.7599999253","19.7599999253","19.7599999253"
"282","19.7599999253","19.7599999253","19.7599999253"
"283","148.1899995022","148.1899995022","148.1899995022"
"284","148.1899995022","148.1899995022","148.1899995022"
"285","148.2899973914","148.2899973914","148.2899973914"
"286","9.5499999654","9.5499999654","9.5499999654"
"287","6.3499999326","6.3499999326","6.3499999326"
"288","6.3499999326","6.3499999326","6.3499999326"
"289","6.3499999326","6.3499999326","6.3499999326"
"290","43.8699997198","43.8699997198","43.8699997198"
"291","43.8699997198","43.8699997198","43.8699997198"
"292","148.2899997756","148.2899997756","148.2899997756"
"293","148.2899997756","148.2899997756","148.2899997756"
"294","148.2899997756","148.2899997756","148.2899997756"
"295","37.729999572","37.729999572","37.729999572"
"296","37.729999572","37.729999572","37.729999572"
"297","46.9499996696","46.9499996696","46.9499996696"
"298","2.9699999765","2.9699999765","2.9699999765"
"299","14.5299998578","14.5299998578","14.5299998578"
"300","14.5299998578","14.5299998578","14.5299998578"
"301","148.2899998128","148.2899998128","148.2899998128"
"302","148.2899998128","148.2899998128","148.2899998128"
"303","44.9899996351","44.9899996351","44.9899996351"
"304","44.9899996351","44.9899996351","44.9899996351"
"305","148.2499994934","148.2499994934","148.2499994934"
"306","148.2499994934","148.2499994934","148.2499994934"
"307","30.6299998388","30.6299998388","30.6299998388"
"308","30.6299998388","30.6299998388","30.6299998388"
"309","148.2299981657","148.2299981657","148.2299981657"
"310","148.2299981657","148.2299981657","148.2299981657"
"311","148.2899997197","148.2899997197","148.2899997197"
"312","13.2399999779","13.2399999779","13.2399999779"
"313","13.2399999779","13.2399999779","13.2399999779"
"314","148.2099994496","148.2099994496","148.2099994496"
"315","148.2099994496","148.2099994496","148.2099994496"
"316","2.379999971","2.379999971","2.379999971"
"317","27.479999939","27.479999939","27.479999939"
"318","27.479999939","27.479999939","27.479999939"
"319","27.479999939","27.479999939","27.479999939"
"320","148.2899960503","148.2899960503","148.2899960503"
"321","148.2899960503","148.2899960503","148.2899960503"
"322","148.2200017162","148.2200017162","148.2200017162"
"323","148.2200017162","148.2200017162","148.2200017162"
"324","148.2100016288","148.2100016288","148.2100016288"
"325","148.2100016288","148.2100016288","148.2100016288"
"326","14.8499999568","14.8499999568","14.8499999568"
"327","6.4199999422","6.4199999422","6.4199999422"
"328","28.2000000291","28.2000000291","28.2000000291"
"329","27.8899999075","27.8899999075","27.8899999075"
"330","27.8899999075","27.8899999075","27.8899999075"
"331","148.2699983399","148.2699983399","148.2699983399"
"332","27.7699998692","27.7699998692","27.7699998692"
"333","26.3799999095","26.3799999095","26.3799999095"
"334","26.3799999095","26.3799999095","26.3799999095"
"335","26.3799999095","26.3799999095","26.3799999095"
"336","148.2200028468","148.2200028468","148.2200028468"
"337","23.5999997929","23.5999997929","23.5999997929"
"338","28.6300000437","28.6300000437","28.6300000437"
"339","28.3299998678","28.3299998678","28.3299998678"
"340","28.3299998678","28.3299998678","28.3299998678"
"341","28.3299998678","28.3299998678","28.3299998678"
"342","148.2599961106","148.2599961106","148.2599961106"
"343","29.2499999348","29.2499999348","29.2499999348"
"344","29.2499999348","29.2499999348","29.2499999348"
"345","148.2399983983","148.2399983983","148.2399983983"
"346","27.8799998667","27.8799998667","27.8799998667"
"347","6.2999999635","6.2999999635","6.2999999635"
"348","6.2999999635","6.2999999635","6.2999999635"
"349","28.3499998879","28.3499998879","28.3499998879"
"350","28.5499999635","28.5499999635","28.5499999635"
"351","27.5199998356","27.5199998356","27.5199998356"
"352","27.5199998356","27.5199998356","27.5199998356"
"353","28.249999892","28.249999892","28.249999892"
"354","26.3799999356","26.3799999356","26.3799999356"
"355","28.3999999855","28.3999999855","28.3999999855"
"356","18.9899998512","18.9899998512","18.9899998512"
"357","10.0299999807","10.0299999807","10.0299999807"
"358","25.5999999326","25.5999999326","25.5999999326"
"359","28.1099998951","28.1099998951","28.1099998951"
"360","28.1099998951","28.1099998951","28.1099998951"
"361","2.3399999589","2.3399999589","2.3399999589"
"362","17.6699999049","17.6699999049","17.6699999049"
"363","17.6699999049","17.6699999049","17.6699999049"
"364","148.2499983814","148.2499983814","148.2499983814"
"365","29.579999797","29.579999797","29.579999797"
"366","29.579999797","29.579999797","29.579999797"
"367","29.579999797","29.579999797","29.579999797"
"368","148.2500015665","148.2500015665","148.2500015665"
"369","30.3999999445","30.3999999445","30.3999999445"
"370","30.3999999445","30.3999999445","30.3999999445"
"371","148.239996139","148.239996139","148.239996139"
"372","9.9199999701","9.9199999701","9.9199999701"
"373","9.9199999701","9.9199999701","9.9199999701"
"374","148.1899961755","148.1899961755","148.1899961755"
"375","7.4199999832","7.4199999832","7.4199999832"
"376","7.4199999832","7.4199999832","7.4199999832"
"377","38.7399998493","38.7399998493","38.7399998493"
"378","38.7399998493","38.7399998493","38.7399998493"
"379","37.7199997883","37.7199997883","37.7199997883"
"380","13.2799998727","13.2799998727","13.2799998727"
"381","16.5799999721","16.5799999721","16.5799999721"
"382","8.9799999632","8.9799999632","8.9799999632"
"383","34.8899998255","34.8899998255","34.8899998255"
"384","10.2599999011","10.2599999011","10.2599999011"
"385","10.2599999011","10.2599999011","10.2599999011"
"386","148.2899999432","148.2899999432","148.2899999432"
"387","148.2899999432","148.2899999432","148.2899999432"
"388","5.1199999396","5.1199999396","5.1199999396"
"389","6.799999956","6.799999956","6.799999956"
"390","6.799999956","6.799999956","6.799999956"
"391","37.2699999157","37.2699999157","37.2699999157"
"392","37.2699999157","37.2699999157","37.2699999157"
"393","41.1799999326","41.1799999326","41.1799999326"
"394","39.3099998757","39.3099998757","39.3099998757"
"395","10.9199999105","10.9199999105","10.9199999105"
"396","10.4299999047","10.4299999047","10.4299999047"
"397","9.8299999367","9.8299999367","9.8299999367"
"398","12.2899999786","12.2899999786","12.2899999786"
"399","10.5699999444","10.5699999444","10.5699999444"
"400","10.94000002","10.94000002","10.94000002"
"401","10.8099999242","10.8099999242","10.8099999242"
"402","10.4599999767","10.4599999767","10.4599999767"
"403","10.4599999767","10.4599999767","10.4599999767"
"404","7.7599999774","7.7599999774","7.7599999774"
"405","10.5799999088","10.5799999088","10.5799999088"
"406","11.9499998577","11.9499998577","11.9499998577"
"407","10.8099999242","10.8099999242","10.8099999242"
"408","10.8099999242","10.8099999242","10.8099999242"
"409","32.1899997965","32.1899997965","32.1899997965"
"410","9.0099998955","9.0099998955","9.0099998955"
"411","32.8399998415","32.8399998415","32.8399998415"
"412","32.8399998415","32.8399998415","32.8399998415"
"413","9.7799999993","9.7799999993","9.7799999993"
"414","10.2799999639","10.2799999639","10.2799999639"
"415","7.2499999665","7.2499999665","7.2499999665"
"416","29.9399997853","29.9399997853","29.9399997853"
"417","9.4199999664","9.4199999664","9.4199999664"
"418","9.4199999664","9.4199999664","9.4199999664"
"419","27.4799998607","27.4799998607","27.4799998607"
"420","27.4799998607","27.4799998607","27.4799998607"
"421","148.2000017036","148.2000017036","148.2000017036"
"422","29.7099999618","29.7099999618","29.7099999618"
"423","6.709999999","6.709999999","6.709999999"
"424","6.709999999","6.709999999","6.709999999"
"425","7.7699999642","7.7699999642","7.7699999642"
"426","7.7699999642","7.7699999642","7.7699999642"
"427","148.290000774","148.290000774","148.290000774"
"428","9.599999981","9.599999981","9.599999981"
"429","9.599999981","9.599999981","9.599999981"
"430","8.2999999505","8.2999999505","8.2999999505"
"431","8.6099999659","8.6099999659","8.6099999659"
"432","28.7499999925","28.7499999925","28.7499999925"
"433","7.3199999817","7.3199999817","7.3199999817"
"434","29.0799999069","29.0799999069","29.0799999069"
"435","29.0799999069","29.0799999069","29.0799999069"
"436","148.2900014482","148.2900014482","148.2900014482"
"437","6.6899999734","6.6899999734","6.6899999734"
"438","148.2700035442","148.2700035442","148.2700035442"
"439","148.2700035442","148.2700035442","148.2700035442"
"440","148.2700035442","148.2700035442","148.2700035442"
"441","148.2899992522","148.2899992522","148.2899992522"
"442","148.2899992522","148.2899992522","148.2899992522"
"443","10.0699999947","10.0699999947","10.0699999947"
"444","9.2299999464","9.2299999464","9.2299999464"
"445","28.8899998907","28.8899998907","28.8899998907"
"446","7.4799999837","7.4799999837","7.4799999837"
"447","9.72999998","9.72999998","9.72999998"
"448","9.72999998","9.72999998","9.72999998"
"449","8.9499999899","8.9499999899","8.9499999899"
"450","22.7599998657","22.7599998657","22.7599998657"
"451","22.7599998657","22.7599998657","22.7599998657"
"452","29.1199998651","29.1199998651","29.1199998651"
"453","29.2299999092","29.2299999092","29.2299999092"
"454","11.2099999897","11.2099999897","11.2099999897"
"455","20.9699999541","20.9699999541","20.9699999541"
"456","20.9699999541","20.9699999541","20.9699999541"
"457","148.2599983886","148.2599983886","148.2599983886"
"458","148.2599983886","148.2599983886","148.2599983886"
"459","29.1399998832","29.1399998832","29.1399998832"
"460","148.2900005151","148.2900005151","148.2900005151"
"461","10.3699999619","10.3699999619","10.3699999619"
"462","28.3099999428","28.3099999428","28.3099999428"
"463","23.8099999074","23.8099999074","23.8099999074"
"464","9.4599999916","9.4599999916","9.4599999916"
"465","8.489999989","8.489999989","8.489999989"
"466","9.9000000097","9.9000000097","9.9000000097"
"467","29.5399998911","29.5399998911","29.5399998911"
"468","29.5399998911","29.5399998911","29.5399998911"
"469","30.5900000036","30.5900000036","30.5900000036"
"470","30.0799999181","30.0799999181","30.0799999181"
"471","29.1799999289","29.1799999289","29.1799999289"
"472","10.8299999647","10.8299999647","10.8299999647"
"473","30.5899999104","30.5899999104","30.5899999104"
"474","24.6500000041","24.6500000041","24.6500000041"
"475","28.7400000244","28.7400000244","28.7400000244"
"476","28.7400000244","28.7400000244","28.7400000244"
"477","29.0900000017","29.0900000017","29.0900000017"
"478","29.0899999347","29.0899999347","29.0899999347"
"479","28.819999991","28.819999991","28.819999991"
"480","29.0299998559","29.0299998559","29.0299998559"
"481","29.3099999521","29.3099999521","29.3099999521"
"482","29.3099999521","29.3099999521","29.3099999521"
"483","30.3999998104","30.3999998104","30.3999998104"
"484","30.3999998104","30.3999998104","30.3999998104"
"485","30.4599999059","30.4599999059","30.4599999059"
"486","30.3299998436","30.3299998436","30.3299998436"
"487","25.8599999901","25.8599999901","25.8599999901"
"488","28.4699999169","28.4699999169","28.4699999169"
"489","9.759999983","9.759999983","9.759999983"
"490","29.6400000099","29.6400000099","29.6400000099"
"491","29.6400000099","29.6400000099","29.6400000099"
"492","30.089999957","30.089999957","30.089999957"
"493","30.7099998798","30.7099998798","30.7099998798"
"494","28.4799998999","28.4799998999","28.4799998999"
"495","10.1399999652","10.1399999652","10.1399999652"
"496","31.5799998492","31.5799998492","31.5799998492"
"497","28.9499998689","28.9499998689","28.9499998689"
"498","28.9499998689","28.9499998689","28.9499998689"
"499","29.7599999253","29.7599999253","29.7599999253"
"500","9.8399999905","9.8399999905","9.8399999905"
"501","9.8399999905","9.8399999905","9.8399999905"
"502","29.8899998907","29.8899998907","29.8899998907"
"503","30.4299998768","30.4299998768","30.4299998768"
"504","30.4299998768","30.4299998768","30.4299998768"
"505","148.2899970021","148.2899970021","148.2899970021"
"506","148.2899970021","148.2899970021","148.2899970021"
"507","28.9699998721","28.9699998721","28.9699998721"
"508","9.6000000071","9.6000000071","9.6000000071"
"509","9.4299999401","9.4299999401","9.4299999401"
"510","10.7500000391","10.7500000391","10.7500000391"
"511","6.7599999979","6.7599999979","6.7599999979"
"512","9.7800000329","9.7800000329","9.7800000329"
"513","9.429999955","9.429999955","9.429999955"
"514","29.8199998699","29.8199998699","29.8199998699"
"515","6.4700000063","6.4700000063","6.4700000063"
"516","29.6999999993","29.6999999993","29.6999999993"
"517","24.0399998911","24.0399998911","24.0399998911"
"518","24.0399998911","24.0399998911","24.0399998911"
"519","29.0499999356","29.0499999356","29.0499999356"
"520","22.2599999011","22.2599999011","22.2599999011"
"521","22.2599999011","22.2599999011","22.2599999011"
"522","148.250002671","148.250002671","148.250002671"
"523","148.250002671","148.250002671","148.250002671"
"524","148.2899980266","148.2899980266","148.2899980266"
"525","23.6699999422","23.6699999422","23.6699999422"
"526","23.759999888","23.759999888","23.759999888"
"527","32.2399999201","32.2399999201","32.2399999201"
"528","32.2399999201","32.2399999201","32.2399999201"
"529","30.35999991","30.35999991","30.35999991"
"530","30.35999991","30.35999991","30.35999991"
"531","148.2600014675","148.2600014675","148.2600014675"
"532","148.2600014675","148.2600014675","148.2600014675"
"533","33.8499997295","33.8499997295","33.8499997295"
"534","22.8899999838","22.8899999838","22.8899999838"
"535","29.0999998692","29.0999998692","29.0999998692"
"536","29.0999998692","29.0999998692","29.0999998692"
"537","148.2100025471","148.2100025471","148.2100025471"
"538","28.3499998543","28.3499998543","28.3499998543"
"539","28.3499998543","28.3499998543","28.3499998543"
"540","22.2799998932","22.2799998932","22.2799998932"
"541","34.5099998359","34.5099998359","34.5099998359"
"542","34.5099998359","34.5099998359","34.5099998359"
"543","148.200001834","148.200001834","148.200001834"
"544","35.1599998362","35.1599998362","35.1599998362"
"545","35.1599998362","35.1599998362","35.1599998362"
"546","33.5999999791","33.5999999791","33.5999999791"
"547","32.5399998911","32.5399998911","32.5399998911"
"548","10.2999999598","10.2999999598","10.2999999598"
"549","148.2299962826","148.2299962826","148.2299962826"
"550","148.2299962826","148.2299962826","148.2299962826"
"551","34.5199999139","34.5199999139","34.5199999139"
"552","34.5199999139","34.5199999139","34.5199999139"
"553","33.8799999114","33.8799999114","33.8799999114"
"554","38.7099999581","38.7099999581","38.7099999581"
"555","27.0999999382","27.0999999382","27.0999999382"
"556","27.0299999416","27.0299999416","27.0299999416"
"557","22.7799999285","22.7799999285","22.7799999285"
"558","22.7799999285","22.7799999285","22.7799999285"
"559","148.2399992589","148.2399992589","148.2399992589"
"560","148.2399992589","148.2399992589","148.2399992589"
"561","23.3299998324","23.3299998324","23.3299998324"
"562","23.3299998324","23.3299998324","23.3299998324"
"563","148.2899970021","148.2899970021","148.2899970021"
"564","148.2899970021","148.2899970021","148.2899970021"
"565","11.2199999616","11.2199999616","11.2199999616"
"566","11.2199999616","11.2199999616","11.2199999616"
"567","9.6899999697","9.6899999697","9.6899999697"
"568","9.6899999697","9.6899999697","9.6899999697"
"569","25.969999874","25.969999874","25.969999874"
"570","25.969999874","25.969999874","25.969999874"
"571","148.2799980883","148.2799980883","148.2799980883"
"572","25.5099998806","25.5099998806","25.5099998806"
"573","25.5099998806","25.5099998806","25.5099998806"
"574","148.2900034897","148.2900034897","148.2900034897"
"575","148.2900034897","148.2900034897","148.2900034897"
"576","34.4199999925","34.4199999925","34.4199999925"
"577","34.4199999925","34.4199999925","34.4199999925"
"578","148.2600003313","148.2600003313","148.2600003313"
"579","148.2600003313","148.2600003313","148.2600003313"
"580","30.6299998313","30.6299998313","30.6299998313"
"581","9.1399999764","9.1399999764","9.1399999764"
"582","9.1399999764","9.1399999764","9.1399999764"
"583","148.2499992717","148.2499992717","148.2499992717"
"584","11.5299999062","11.5299999062","11.5299999062"
"585","33.8199999593","33.8199999593","33.8199999593"
"586","33.8199999593","33.8199999593","33.8199999593"
"587","148.209998453","148.209998453","148.209998453"
"588","35.8199998643","35.8199998643","35.8199998643"
"589","35.8199998643","35.8199998643","35.8199998643"
"590","31.3499998711","31.3499998711","31.3499998711"
"591","34.9599999338","34.9599999338","34.9599999338"
"592","34.2899998762","34.2899998762","34.2899998762"
"593","34.2899998762","34.2899998762","34.2899998762"
"594","31.6199998129","31.6199998129","31.6199998129"
"595","31.6199998129","31.6199998129","31.6199998129"
"596","148.1999996956","148.1999996956","148.1999996956"
"597","148.1999996956","148.1999996956","148.1999996956"
"598","39.3599996641","39.3599996641","39.3599996641"
"599","39.3599996641","39.3599996641","39.3599996641"
"600","148.190001389","148.190001389","148.190001389"
"601","35.3099999111","35.3099999111","35.3099999111"
"602","35.3099999111","35.3099999111","35.3099999111"
"603","31.2099998593","31.2099998593","31.2099998593"
"604","5.8199999444","5.8199999444","5.8199999444"
"605","148.1799982935","148.1799982935","148.1799982935"
"606","11.5199999791","11.5199999791","11.5199999791"
"607","11.5199999791","11.5199999791","11.5199999791"
"608","148.2999978904","148.2999978904","148.2999978904"
"609","148.2999978904","148.2999978904","148.2999978904"
"610","148.2900026366","148.2900026366","148.2900026366"
"611","148.2900026366","148.2900026366","148.2900026366"
"612","148.2700026296","148.2700026296","148.2700026296"
"613","148.2700026296","148.2700026296","148.2700026296"
"614","148.220001746","148.220001746","148.220001746"
"615","148.1900001876","148.1900001876","148.1900001876"
"616","148.1900001876","148.1900001876","148.1900001876"
"617","148.2200016659","148.2200016659","148.2200016659"
"618","148.2200016659","148.2200016659","148.2200016659"
"619","148.289999906","148.289999906","148.289999906"
"620","148.289999906","148.289999906","148.289999906"
"621","148.219998477","148.219998477","148.219998477"
"622","3.0399999693","3.0399999693","3.0399999693"
"623","32.7899999656","32.7899999656","32.7899999656"
"624","148.1800005175","148.1800005175","148.1800005175"
"625","148.1800005175","148.1800005175","148.1800005175"
"626","148.2299991883","148.2299991883","148.2299991883"
"627","148.2299991883","148.2299991883","148.2299991883"
"628","148.2899972368","148.2899972368","148.2899972368"
"629","148.2200013902","148.2200013902","148.2200013902"
"630","148.2200013902","148.2200013902","148.2200013902"
"631","148.2200013902","148.2200013902","148.2200013902"
"632","148.2200034559","148.2200034559","148.2200034559"
"633","25.269999845","25.269999845","25.269999845"
"634","26.6800000016","26.6800000016","26.6800000016"
"635","26.6800000016","26.6800000016","26.6800000016"
"636","148.2000025604","148.2000025604","148.2000025604"
"637","148.2000025604","148.2000025604","148.2000025604"
"638","148.2899993546","148.2899993546","148.2899993546"
"639","148.2800005469","148.2800005469","148.2800005469"
"640","148.2800005469","148.2800005469","148.2800005469"
"641","148.2600003183","148.2600003183","148.2600003183"
"642","148.2899980657","148.2899980657","148.2899980657"
"643","148.2899980657","148.2899980657","148.2899980657"
"644","148.2099984046","148.2099984046","148.2099984046"
"645","148.2099984046","148.2099984046","148.2099984046"
"646","148.180000199","148.180000199","148.180000199"
"647","148.2799984459","148.2799984459","148.2799984459"
"648","148.2799984459","148.2799984459","148.2799984459"
"649","148.2400015406","148.2400015406","148.2400015406"
"650","11.069999963","11.069999963","11.069999963"
"651","23.8099999018","23.8099999018","23.8099999018"
"652","23.8099999018","23.8099999018","23.8099999018"
"653","148.2899980973","148.2899980973","148.2899980973"
"654","148.2899980973","148.2899980973","148.2899980973"
"655","148.2200025693","148.2200025693","148.2200025693"
"656","148.2200025693","148.2200025693","148.2200025693"
"657","148.2399983332","148.2399983332","148.2399983332"
"658","148.2699972261","148.2699972261","148.2699972261"
"659","148.2699972261","148.2699972261","148.2699972261"
"660","148.2000005059","148.2000005059","148.2000005059"
"661","148.2200014498","148.2200014498","148.2200014498"
"662","148.2200014498","148.2200014498","148.2200014498"
"663","148.209996257","148.209996257","148.209996257"
"664","148.209996257","148.209996257","148.209996257"
"665","148.2900026552","148.2900026552","148.2900026552"
"666","148.2600015085","148.2600015085","148.2600015085"
"667","148.2600015085","148.2600015085","148.2600015085"
"668","148.2299961932","148.2299961932","148.2299961932"
"669","21.4999999236","21.4999999236","21.4999999236"
"670","148.2500013318","148.2500013318","148.2500013318"
"671","148.2500013318","148.2500013318","148.2500013318"
"672","148.2300035227","148.2300035227","148.2300035227"
"673","148.2300035227","148.2300035227","148.2300035227"
"674","148.1999991257","148.1999991257","148.1999991257"
"675","148.2900004592","148.2900004592","148.2900004592"
"676","148.2900004592","148.2900004592","148.2900004592"
"677","148.1999995746","148.1999995746","148.1999995746"
"678","148.1999995746","148.1999995746","148.1999995746"
"679","148.2300025038","148.2300025038","148.2300025038"
"680","148.2899980545","148.2899980545","148.2899980545"
"681","148.2899980545","148.2899980545","148.2899980545"
"682","148.2300005946","148.2300005946","148.2300005946"
"683","148.259997122","148.259997122","148.259997122"
"684","24.7799999546","24.7799999546","24.7799999546"
"685","24.7799999546","24.7799999546","24.7799999546"
"686","148.2499971762","148.2499971762","148.2499971762"
"687","22.9199998751","22.9199998751","22.9199998751"
"688","22.9199998751","22.9199998751","22.9199998751"
"689","148.2400005888","148.2400005888","148.2400005888"
"690","148.2699970827","148.2699970827","148.2699970827"
"691","148.2699970827","148.2699970827","148.2699970827"
"692","148.1800013985","148.1800013985","148.1800013985"
"693","148.1800013985","148.1800013985","148.1800013985"
"694","148.2900004815","148.2900004815","148.2900004815"
"695","23.7299999259","23.7299999259","23.7299999259"
"696","23.5499998871","23.5499998871","23.5499998871"
"697","148.290002536","148.290002536","148.290002536"
"698","23.7499999721","23.7499999721","23.7499999721"
"699","23.7499999721","23.7499999721","23.7499999721"
"700","148.2699962799","148.2699962799","148.2699962799"
"701","23.4599999189","23.4599999189","23.4599999189"
"702","23.6099999249","23.6099999249","23.6099999249"
"703","24.2599999569","24.2599999569","24.2599999569"
"704","25.7700000107","25.7700000107","25.7700000107"
"705","148.2799984403","148.2799984403","148.2799984403"
"706","148.2799984403","148.2799984403","148.2799984403"
"707","148.2599971332","148.2599971332","148.2599971332"
"708","148.2599971332","148.2599971332","148.2599971332"
"709","148.2899982948","148.2899982948","148.2899982948"
"710","148.2899983954","148.2899983954","148.2899983954"
"711","21.5699999798","21.5699999798","21.5699999798"
"712","21.5699999798","21.5699999798","21.5699999798"
"713","148.2899962123","148.2899962123","148.2899962123"
"714","148.2899962123","148.2899962123","148.2899962123"
"715","148.2099997792","148.2099997792","148.2099997792"
"716","24.7900000121","24.7900000121","24.7900000121"
"717","19.790000027","19.790000027","19.790000027"
"718","148.2099973317","148.2099973317","148.2099973317"
"719","148.2099973317","148.2099973317","148.2099973317"
"720","148.2900004052","148.2900004052","148.2900004052"
"721","20.1899999343","20.1899999343","20.1899999343"
"722","148.2700014487","148.2700014487","148.2700014487"
"723","148.2700014487","148.2700014487","148.2700014487"
"724","148.2600035854","148.2600035854","148.2600035854"
"725","148.2800007425","148.2800007425","148.2800007425"
"726","148.2800007425","148.2800007425","148.2800007425"
"727","148.2400035467","148.2400035467","148.2400035467"
"728","148.259998519","148.259998519","148.259998519"
"729","148.2899999432","148.2899999432","148.2899999432"
"730","148.2899999432","148.2899999432","148.2899999432"
"731","148.2899990305","148.2899990305","148.2899990305"
"732","148.2899990305","148.2899990305","148.2899990305"
"733","148.2899993397","148.2899993397","148.2899993397"
"734","148.2000033557","148.2000033557","148.2000033557"
"735","148.2000033557","148.2000033557","148.2000033557"
"736","148.2900030576","148.2900030576","148.2900030576"
"737","148.2399987318","148.2399987318","148.2399987318"
"738","148.2399987318","148.2399987318","148.2399987318"
"739","148.2099963911","148.2099963911","148.2099963911"
"740","148.2699972764","148.2699972764","148.2699972764"
"741","148.2699972764","148.2699972764","148.2699972764"
"742","148.260002682","148.260002682","148.260002682"
"743","148.289997261","148.289997261","148.289997261"
"744","148.2900009509","148.2900009509","148.2900009509"
"745","148.289997356","148.289997356","148.289997356"
"746","148.289997356","148.289997356","148.289997356"
"747","148.2100036349","148.2100036349","148.2100036349"
"748","148.2100036349","148.2100036349","148.2100036349"
"749","148.2900036257","148.2900036257","148.2900036257"
"750","148.2699972652","148.2699972652","148.2699972652"
"751","148.289998129","148.289998129","148.289998129"
"752","148.289998129","148.289998129","148.289998129"
"753","148.2899996731","148.2899996731","148.2899996731"
"754","148.230000414","148.230000414","148.230000414"
"755","148.230000414","148.230000414","148.230000414"
"756","148.2399976794","148.2399976794","148.2399976794"
"757","148.2399976794","148.2399976794","148.2399976794"
"758","148.2899998911","148.2899998911","148.2899998911"
"759","148.2899965681","148.2899965681","148.2899965681"
"760","148.2499965634","148.2499965634","148.2499965634"
"761","148.2499965634","148.2499965634","148.2499965634"
"762","148.2899994943","148.2899994943","148.2899994943"
"763","148.2899977937","148.2899977937","148.2899977937"
"764","148.2899977937","148.2899977937","148.2899977937"
"765","148.2899968382","148.2899968382","148.2899968382"
"766","148.2400002293","148.2400002293","148.2400002293"
"767","148.2400002293","148.2400002293","148.2400002293"
"768","148.2700033169","148.2700033169","148.2700033169"
"769","148.2899981197","148.2899981197","148.2899981197"
"770","148.2899981197","148.2899981197","148.2899981197"
"771","148.2900025956","148.2900025956","148.2900025956"
"772","148.2899998054","148.2899998054","148.2899998054"
"773","148.2899998054","148.2899998054","148.2899998054"
"774","148.2900035083","148.2900035083","148.2900035083"
"775","148.2899999972","148.2899999972","148.2899999972"
"776","148.2899996396","148.2899996396","148.2899996396"
"777","148.2899996396","148.2899996396","148.2899996396"
"778","148.2900005803","148.2900005803","148.2900005803"
"779","148.2900021654","148.2900021654","148.2900021654"
"780","148.2899999991","148.2899999991","148.2899999991"
"781","148.2899999991","148.2899999991","148.2899999991"
"782","148.2900000624","148.2900000624","148.2900000624"
"783","148.2899988182","148.2899988182","148.2899988182"
"784","148.2899995316","148.2899995316","148.2899995316"
"785","148.2899995316","148.2899995316","148.2899995316"
"786","148.2799989413","148.2799989413","148.2799989413"
"787","148.2900008634","148.2900008634","148.2900008634"
"788","148.2900004797","148.2900004797","148.2900004797"
"789","148.2900004797","148.2900004797","148.2900004797"
"790","148.2899997123","148.2899997123","148.2899997123"
"791","148.2899987288","148.2899987288","148.2899987288"
"792","5.97999998","5.97999998","5.97999998"
"793","5.97999998","5.97999998","5.97999998"
"794","148.2899997104","148.2899997104","148.2899997104"
"795","148.2899998855","148.2899998855","148.2899998855"
"796","148.2899998855","148.2899998855","148.2899998855"
"797","148.2900007982","148.2900007982","148.2900007982"
"798","148.2899986748","148.2899986748","148.2899986748"
"799","148.2899986748","148.2899986748","148.2899986748"
"800","148.2900018468","148.2900018468","148.2900018468"
"801","14.1599999461","14.1599999461","14.1599999461"
"802","148.2899998948","148.2899998948","148.2899998948"
"803","148.2899998948","148.2899998948","148.2899998948"
"804","148.2899998855","148.2899998855","148.2899998855"
"805","148.2900009193","148.2900009193","148.2900009193"
"806","148.2900009193","148.2900009193","148.2900009193"
"807","1.7399999853","1.7399999853","1.7399999853"
"808","148.2900015693","148.2900015693","148.2900015693"
"809","148.2900015693","148.2900015693","148.2900015693"
"810","148.290002007","148.290002007","148.290002007"
"811","148.2899998892","148.2899998892","148.2899998892"
"812","148.2899988629","148.2899988629","148.2899988629"
"813","15.349999899","15.349999899","15.349999899"
"814","148.2900018133","148.2900018133","148.2900018133"
"815","148.2900018133","148.2900018133","148.2900018133"
"816","148.2900016811","148.2900016811","148.2900016811"
"817","148.2900016811","148.2900016811","148.2900016811"
"818","148.2899998929","148.2899998929","148.2899998929"
"819","148.2900005765","148.2900005765","148.2900005765"
"820","148.2900005765","148.2900005765","148.2900005765"
"821","148.2899999563","148.2899999563","148.2899999563"
"822","148.2899999078","148.2899999078","148.2899999078"
"823","148.2899999078","148.2899999078","148.2899999078"
"824","148.2899998613","148.2899998613","148.2899998613"
"825","148.2899999227","148.2899999227","148.2899999227"
"826","148.2899999227","148.2899999227","148.2899999227"
"827","148.2900000103","148.2900000103","148.2900000103"
"828","148.2899998911","148.2899998911","148.2899998911"
"829","148.2899998911","148.2899998911","148.2899998911"
"830","148.2899985462","148.2899985462","148.2899985462"
"831","148.2900020983","148.2900020983","148.2900020983"
"832","148.2900020983","148.2900020983","148.2900020983"
"833","148.2900020704","148.2900020704","148.2900020704"
"834","148.2899999376","148.2899999376","148.2899999376"
"835","148.2899999376","148.2899999376","148.2899999376"
"836","148.2899963427","148.2899963427","148.2899963427"
"837","148.2899999768","148.2899999768","148.2899999768"
"838","148.2899963353","148.2899963353","148.2899963353"
"839","148.2899963353","148.2899963353","148.2899963353"
"840","148.2899999171","148.2899999171","148.2899999171"
"841","148.2899999674","148.2899999674","148.2899999674"
"842","148.2900023889","148.2900023889","148.2900023889"
"843","148.2900023889","148.2900023889","148.2900023889"
"844","148.2900020685","148.2900020685","148.2900020685"
"845","148.2899998706","148.2899998706","148.2899998706"
"846","148.2899999991","148.2899999991","148.2899999991"
"847","2.099999981","2.099999981","2.099999981"
"848","148.2899998631","148.2899998631","148.2899998631"
"849","148.2899998631","148.2899998631","148.2899998631"
"850","148.2899997868","148.2899997868","148.2899997868"
"851","148.2899999544","148.2899999544","148.2899999544"
"852","148.2899999339","148.2899999339","148.2899999339"
"853","148.2899999339","148.2899999339","148.2899999339"
"854","5.6299999952","5.6299999952","5.6299999952"
"855","6.320000004","6.320000004","6.320000004"
"856","148.2899998501","148.2899998501","148.2899998501"
"857","148.2899999246","148.2899999246","148.2899999246"
"858","148.2899999246","148.2899999246","148.2899999246"
"859","148.2899966333","148.2899966333","148.2899966333"
"860","148.2899999879","148.2899999879","148.2899999879"
"861","148.2899999786","148.2899999786","148.2899999786"
"862","148.2899999302","148.2899999302","148.2899999302"
"863","148.2899999302","148.2899999302","148.2899999302"
"864","148.2899999451","148.2899999451","148.2899999451"
"865","148.2899998985","148.2899998985","148.2899998985"
"866","148.2899998631","148.2899998631","148.2899998631"
"867","148.2899998631","148.2899998631","148.2899998631"
"868","148.2900011223","148.2900011223","148.2900011223"
"869","148.2899981663","148.2899981663","148.2899981663"
"870","148.2899986785","148.2899986785","148.2899986785"
"871","148.2899986785","148.2899986785","148.2899986785"
"872","148.2899999097","148.2899999097","148.2899999097"
"873","148.2899999265","148.2899999265","148.2899999265"
"874","148.2899967041","148.2899967041","148.2899967041"
"875","148.2899967041","148.2899967041","148.2899967041"
"876","148.2899998706","148.2899998706","148.2899998706"
"877","148.2300021853","148.2300021853","148.2300021853"
"878","148.2300021853","148.2300021853","148.2300021853"
"879","148.2899999823","148.2899999823","148.2899999823"
"880","148.2899999171","148.2899999171","148.2899999171"
"881","148.2899999432","148.2899999432","148.2899999432"
"882","148.2899999432","148.2899999432","148.2899999432"
"883","148.2899997123","148.2899997123","148.2899997123"
"884","148.2900000568","148.2900000568","148.2900000568"
"885","148.2900000568","148.2900000568","148.2900000568"
"886","148.2899998203","148.2899998203","148.2899998203"
"887","148.2900000308","148.2900000308","148.2900000308"
"888","148.2899999525","148.2899999525","148.2899999525"
"889","148.2899999842","148.2899999842","148.2899999842"
"890","148.2899999842","148.2899999842","148.2899999842"
"891","148.2899998855","148.2899998855","148.2899998855"
"892","148.2899999768","148.2899999768","148.2899999768"
"893","148.2899964675","148.2899964675","148.2899964675"
"894","148.2899964675","148.2899964675","148.2899964675"
"895","148.2900020685","148.2900020685","148.2900020685"
"896","148.2900000382","148.2900000382","148.2900000382"
"897","148.2900009304","148.2900009304","148.2900009304"
"898","148.2900000419","148.2900000419","148.2900000419"
"899","148.289999973","148.289999973","148.289999973"
"900","148.289999973","148.289999973","148.289999973"
"901","148.2899999376","148.2899999376","148.2899999376"
"902","148.2899999376","148.2899999376","148.2899999376"
"903","148.2900029812","148.2900029812","148.2900029812"
"904","148.2899998389","148.2899998389","148.2899998389"
"905","148.2899974752","148.2899974752","148.2899974752"
"906","148.2900001146","148.2900001146","148.2900001146"
"907","148.2900001146","148.2900001146","148.2900001146"
"908","148.2899999656","148.2899999656","148.2899999656"
"909","148.290000882","148.290000882","148.290000882"
"910","148.2899987772","148.2899987772","148.2899987772"
"911","148.2899996992","148.2899996992","148.2899996992"
"912","148.2899996024","148.2899996024","148.2899996024"
"913","148.2900008187","148.2900008187","148.2900008187"
"914","148.2900008187","148.2900008187","148.2900008187"
"915","148.2900021002","148.2900021002","148.2900021002"
"916","148.2899965923","148.2899965923","148.2899965923"
"917","148.2899988014","148.2899988014","148.2899988014"
"918","148.2900030781","148.2900030781","148.2900030781"
"919","148.2900030781","148.2900030781","148.2900030781"
"920","148.2899999078","148.2899999078","148.2899999078"
"921","148.2899966016","148.2899966016","148.2899966016"
"922","4.8899999652","4.8899999652","4.8899999652"
"923","148.290000068","148.290000068","148.290000068"
"924","148.290000068","148.290000068","148.290000068"
"925","148.2899982166","148.2899982166","148.2899982166"
"926","148.2899998967","148.2899998967","148.2899998967"
"927","148.2899999358","148.2899999358","148.2899999358"
"928","148.2900008876","148.2900008876","148.2900008876"
"929","148.2900008876","148.2900008876","148.2900008876"
"930","148.2899999619","148.2899999619","148.2899999619"
"931","148.2900000028","148.2900000028","148.2900000028"
"932","148.2899984829","148.2899984829","148.2899984829"
"933","148.2900027782","148.2900027782","148.2900027782"
"934","148.2900001705","148.2900001705","148.2900001705"
"935","148.2899976037","148.2899976037","148.2899976037"
"936","148.2900008485","148.2900008485","148.2900008485"
"937","148.2899975013","148.2899975013","148.2899975013"
"938","148.2900000401","148.2900000401","148.2900000401"
"939","148.2900000401","148.2900000401","148.2900000401"
"940","148.2899974845","148.2899974845","148.2899974845"
"941","148.2899996769","148.2899996769","148.2899996769"
"942","148.2899996769","148.2899996769","148.2899996769"
"943","148.2900000568","148.2900000568","148.2900000568"
"944","148.2900028657","148.2900028657","148.2900028657"
"945","148.2899991684","148.2899991684","148.2899991684"
"946","148.2899991684","148.2899991684","148.2899991684"
"947","148.2899975907","148.2899975907","148.2899975907"
"948","148.2900000792","148.2900000792","148.2900000792"
"949","148.2899987102","148.2899987102","148.2899987102"
"950","148.2899964377","148.2899964377","148.2899964377"
"951","148.2899988033","148.2899988033","148.2899988033"
"952","148.290000163","148.290000163","148.290000163"
"953","148.290003024","148.290003024","148.290003024"
"954","148.2899999656","148.2899999656","148.2899999656"
"955","148.2900035195","148.2900035195","148.2900035195"
"956","148.2900035195","148.2900035195","148.2900035195"
"957","148.2900018822","148.2900018822","148.2900018822"
"958","148.290001573","148.290001573","148.290001573"
"959","148.2899987195","148.2899987195","148.2899987195"
"960","148.2899999674","148.2899999674","148.2899999674"
"961","148.2900000568","148.2900000568","148.2900000568"
"962","148.2899988815","148.2899988815","148.2899988815"
"963","148.2899998426","148.2899998426","148.2899998426"
"964","148.2899998426","148.2899998426","148.2899998426"
"965","148.2900008447","148.2900008447","148.2900008447"
"966","148.2899983954","148.2899983954","148.2899983954"
"967","148.2899998631","148.2899998631","148.2899998631"
"968","148.2900000736","148.2900000736","148.2900000736"
"969","148.2899998818","148.2899998818","148.2899998818"
"970","148.2900032625","148.2900032625","148.2900032625"
"971","148.2900001667","148.2900001667","148.2900001667"
"972","148.290000027","148.290000027","148.290000027"
"973","148.2899965458","148.2899965458","148.2899965458"
"974","148.2900000904","148.2900000904","148.2900000904"
"975","148.2900026627","148.2900026627","148.2900026627"
"976","148.2900005486","148.2900005486","148.2900005486"
"977","148.2899999544","148.2899999544","148.2899999544"
"978","148.28999996","148.28999996","148.28999996"
"979","148.28999996","148.28999996","148.28999996"
"980","148.2900000252","148.2900000252","148.2900000252"
"981","148.2900019791","148.2900019791","148.2900019791"
"982","148.2899975237","148.2899975237","148.2899975237"
"983","148.2899997029","148.2899997029","148.2899997029"
"984","6.6800000053","6.6800000053","6.6800000053"
"985","148.2899999693","148.2899999693","148.2899999693"
"986","148.29000099","148.29000099","148.29000099"
"987","148.2899983078","148.2899983078","148.2899983078"
"988","148.2899999134","148.2899999134","148.2899999134"
"989","148.2900030538","148.2900030538","148.2900030538"
"990","148.2900000885","148.2900000885","148.2900000885"
"991","148.2899965998","148.2899965998","148.2899965998"
"992","148.2900000364","148.2900000364","148.2900000364"
"993","148.2899998054","148.2899998054","148.2899998054"
"994","148.2899979521","148.2899979521","148.2899979521"
"995","148.2899979521","148.2899979521","148.2899979521"
"996","148.2900000289","148.2900000289","148.2900000289"
"997","148.2900000904","148.2900000904","148.2900000904"
"998","148.2899974436","148.2899974436","148.2899974436"
"999","148.2900022157","148.2900022157","148.2900022157"