"Step","SAC_Double_critic_lidar - loss_actor","SAC_Double_critic_lidar - loss_actor__MIN","SAC_Double_critic_lidar - loss_actor__MAX"
"0","7.2137853718","7.2137853718","7.2137853718"
"1","6.818146801","6.818146801","6.818146801"
"2","6.9990800142","6.9990800142","6.9990800142"
"3","7.1610602617","7.1610602617","7.1610602617"
"4","7.4159057307","7.4159057307","7.4159057307"
"5","7.6695881748","7.6695881748","7.6695881748"
"6","7.8671008492","7.8671008492","7.8671008492"
"7","7.9845281243","7.9845281243","7.9845281243"
"8","7.9683548665","7.9683548665","7.9683548665"
"9","8.6342738414","8.6342738414","8.6342738414"
"10","8.6418873882","8.6418873882","8.6418873882"
"11","8.960382247","8.960382247","8.960382247"
"12","8.9718404913","8.9718404913","8.9718404913"
"13","9.2091236687","9.2091236687","9.2091236687"
"14","9.2530190468","9.2530190468","9.2530190468"
"15","9.2314627075","9.2314627075","9.2314627075"
"16","9.3178027582","9.3178027582","9.3178027582"
"17","9.2989070177","9.2989070177","9.2989070177"
"18","9.2219016552","9.2219016552","9.2219016552"
"19","9.2476464796","9.2476464796","9.2476464796"
"20","9.3102336025","9.3102336025","9.3102336025"
"21","9.578900156","9.578900156","9.578900156"
"22","9.579976778","9.579976778","9.579976778"
"23","9.6493185282","9.6493185282","9.6493185282"
"24","9.7838134813","9.7838134813","9.7838134813"
"25","9.8415941715","9.8415941715","9.8415941715"
"26","10.1215854502","10.1215854502","10.1215854502"
"27","10.1460163784","10.1460163784","10.1460163784"
"28","10.2665201902","10.2665201902","10.2665201902"
"29","10.2759792328","10.2759792328","10.2759792328"
"30","10.3719689369","10.3719689369","10.3719689369"
"31","10.4088587236","10.4088587236","10.4088587236"
"32","10.4000366974","10.4000366974","10.4000366974"
"33","10.6981232929","10.6981232929","10.6981232929"
"34","10.7051505947","10.7051505947","10.7051505947"
"35","10.7395768833","10.7395768833","10.7395768833"
"36","10.7039964533","10.7039964533","10.7039964533"
"37","10.6125761747","10.6125761747","10.6125761747"
"38","10.5300477743","10.5300477743","10.5300477743"
"39","10.4943659925","10.4943659925","10.4943659925"
"40","10.4192080021","10.4192080021","10.4192080021"
"41","10.2956399918","10.2956399918","10.2956399918"
"42","10.1350560236","10.1350560236","10.1350560236"
"43","10.1738699627","10.1738699627","10.1738699627"
"44","10.0475049353","10.0475049353","10.0475049353"
"45","9.959577527","9.959577527","9.959577527"
"46","9.811235652","9.811235652","9.811235652"
"47","9.8004419756","9.8004419756","9.8004419756"
"48","9.677310977","9.677310977","9.677310977"
"49","9.6248609209","9.6248609209","9.6248609209"
"50","9.5872793865","9.5872793865","9.5872793865"
"51","9.5345157862","9.5345157862","9.5345157862"
"52","9.4601861143","9.4601861143","9.4601861143"
"53","9.4159939814","9.4159939814","9.4159939814"
"54","9.3730924892","9.3730924892","9.3730924892"
"55","9.3169747925","9.3169747925","9.3169747925"
"56","9.2597606182","9.2597606182","9.2597606182"
"57","9.146410265","9.146410265","9.146410265"
"58","9.0837828827","9.0837828827","9.0837828827"
"59","9.0582557917","9.0582557917","9.0582557917"
"60","8.986078124","8.986078124","8.986078124"
"61","8.9134728193","8.9134728193","8.9134728193"
"62","8.8450708389","8.8450708389","8.8450708389"
"63","8.8012712812","8.8012712812","8.8012712812"
"64","8.7510292816","8.7510292816","8.7510292816"
"65","8.7085182858","8.7085182858","8.7085182858"
"66","8.6590850306","8.6590850306","8.6590850306"
"67","8.5824789667","8.5824789667","8.5824789667"
"68","8.5231780076","8.5231780076","8.5231780076"
"69","8.50744766","8.50744766","8.50744766"
"70","8.463325994","8.463325994","8.463325994"
"71","8.4147185278","8.4147185278","8.4147185278"
"72","8.3746539545","8.3746539545","8.3746539545"
"73","8.3517605686","8.3517605686","8.3517605686"
"74","8.2964928889","8.2964928889","8.2964928889"
"75","8.1658319092","8.1658319092","8.1658319092"
"76","8.1485999393","8.1485999393","8.1485999393"
"77","8.1047730017","8.1047730017","8.1047730017"
"78","8.0370796967","8.0370796967","8.0370796967"
"79","7.9826966858","7.9826966858","7.9826966858"
"80","7.927836194","7.927836194","7.927836194"
"81","7.8711053085","7.8711053085","7.8711053085"
"82","7.802229836","7.802229836","7.802229836"
"83","7.7336005306","7.7336005306","7.7336005306"
"84","7.675540278","7.675540278","7.675540278"
"85","7.6619485545","7.6619485545","7.6619485545"
"86","7.547718401","7.547718401","7.547718401"
"87","7.5285757685","7.5285757685","7.5285757685"
"88","7.445704174","7.445704174","7.445704174"
"89","7.4219686437","7.4219686437","7.4219686437"
"90","7.3510020137","7.3510020137","7.3510020137"
"91","7.2799105072","7.2799105072","7.2799105072"
"92","7.2197693205","7.2197693205","7.2197693205"
"93","7.1797441959","7.1797441959","7.1797441959"
"94","7.0808867502","7.0808867502","7.0808867502"
"95","6.9966706586","6.9966706586","6.9966706586"
"96","6.9780438805","6.9780438805","6.9780438805"
"97","6.9007573605","6.9007573605","6.9007573605"
"98","6.8542525816","6.8542525816","6.8542525816"
"99","6.808465457","6.808465457","6.808465457"
"100","6.7367675304","6.7367675304","6.7367675304"
"101","6.6726042771","6.6726042771","6.6726042771"
"102","6.633208189","6.633208189","6.633208189"
"103","6.5624642372","6.5624642372","6.5624642372"
"104","6.5094125772","6.5094125772","6.5094125772"
"105","6.4137416983","6.4137416983","6.4137416983"
"106","6.3799015069","6.3799015069","6.3799015069"
"107","6.3192797041","6.3192797041","6.3192797041"
"108","6.2731390977","6.2731390977","6.2731390977"
"109","6.1953953576","6.1953953576","6.1953953576"
"110","6.1472809577","6.1472809577","6.1472809577"
"111","6.0975737572","6.0975737572","6.0975737572"
"112","5.9947011638","5.9947011638","5.9947011638"
"113","5.936761508","5.936761508","5.936761508"
"114","5.8668356204","5.8668356204","5.8668356204"
"115","5.8019261289","5.8019261289","5.8019261289"
"116","5.7448374462","5.7448374462","5.7448374462"
"117","5.6894579816","5.6894579816","5.6894579816"
"118","5.5980404687","5.5980404687","5.5980404687"
"119","5.5674637508","5.5674637508","5.5674637508"
"120","5.4817440295","5.4817440295","5.4817440295"
"121","5.4249642754","5.4249642754","5.4249642754"
"122","5.3573998594","5.3573998594","5.3573998594"
"123","5.2914396024","5.2914396024","5.2914396024"
"124","5.2261732459","5.2261732459","5.2261732459"
"125","5.1572427654","5.1572427654","5.1572427654"
"126","5.1052236819","5.1052236819","5.1052236819"
"127","5.0424005055","5.0424005055","5.0424005055"
"128","4.9832631159","4.9832631159","4.9832631159"
"129","4.9150632","4.9150632","4.9150632"
"130","4.8622796607","4.8622796607","4.8622796607"
"131","4.8127565885","4.8127565885","4.8127565885"
"132","4.7607314992","4.7607314992","4.7607314992"
"133","4.7034160137","4.7034160137","4.7034160137"
"134","4.6491885614","4.6491885614","4.6491885614"
"135","4.5953918219","4.5953918219","4.5953918219"
"136","4.5228207541","4.5228207541","4.5228207541"
"137","4.4687030315","4.4687030315","4.4687030315"
"138","4.4327330112","4.4327330112","4.4327330112"
"139","4.3878667831","4.3878667831","4.3878667831"
"140","4.3175941539","4.3175941539","4.3175941539"
"141","4.277689811","4.277689811","4.277689811"
"142","4.2275363338","4.2275363338","4.2275363338"
"143","4.1760020864","4.1760020864","4.1760020864"
"144","4.1143975925","4.1143975925","4.1143975925"
"145","4.0811974871","4.0811974871","4.0811974871"
"146","4.0306543827","4.0306543827","4.0306543827"
"147","3.9822693515","3.9822693515","3.9822693515"
"148","3.9330072451","3.9330072451","3.9330072451"
"149","3.8985505247","3.8985505247","3.8985505247"
"150","3.8445053971","3.8445053971","3.8445053971"
"151","3.7984324813","3.7984324813","3.7984324813"
"152","3.782023077","3.782023077","3.782023077"
"153","3.7101637197","3.7101637197","3.7101637197"
"154","3.6794604802","3.6794604802","3.6794604802"
"155","3.6261202657","3.6261202657","3.6261202657"
"156","3.5781625283","3.5781625283","3.5781625283"
"157","3.5435098875","3.5435098875","3.5435098875"
"158","3.5054326177","3.5054326177","3.5054326177"
"159","3.4707088923","3.4707088923","3.4707088923"
"160","3.4213336051","3.4213336051","3.4213336051"
"161","3.379554956","3.379554956","3.379554956"
"162","3.3499629235","3.3499629235","3.3499629235"
"163","3.311689961","3.311689961","3.311689961"
"164","3.2788897908","3.2788897908","3.2788897908"
"165","3.2364581728","3.2364581728","3.2364581728"
"166","3.2104106331","3.2104106331","3.2104106331"
"167","3.1568766594","3.1568766594","3.1568766594"
"168","3.1289522016","3.1289522016","3.1289522016"
"169","3.0941594863","3.0941594863","3.0941594863"
"170","3.0555296147","3.0555296147","3.0555296147"
"171","3.0250510466","3.0250510466","3.0250510466"
"172","2.9879539096","2.9879539096","2.9879539096"
"173","2.9669026589","2.9669026589","2.9669026589"
"174","2.924415499","2.924415499","2.924415499"
"175","2.8940200341","2.8940200341","2.8940200341"
"176","2.8597577202","2.8597577202","2.8597577202"
"177","2.809749186","2.809749186","2.809749186"
"178","2.800173068","2.800173068","2.800173068"
"179","2.7667925572","2.7667925572","2.7667925572"
"180","2.7216731763","2.7216731763","2.7216731763"
"181","2.7015811193","2.7015811193","2.7015811193"
"182","2.6836687183","2.6836687183","2.6836687183"
"183","2.6427427936","2.6427427936","2.6427427936"
"184","2.6196857989","2.6196857989","2.6196857989"
"185","2.5887154341","2.5887154341","2.5887154341"
"186","2.5574679375","2.5574679375","2.5574679375"
"187","2.5366504169","2.5366504169","2.5366504169"
"188","2.5008724391","2.5008724391","2.5008724391"
"189","2.4690460145","2.4690460145","2.4690460145"
"190","2.456937964","2.456937964","2.456937964"
"191","2.4186477566","2.4186477566","2.4186477566"
"192","2.3921532393","2.3921532393","2.3921532393"
"193","2.3531522095","2.3531522095","2.3531522095"
"194","2.329647007","2.329647007","2.329647007"
"195","2.3097304845","2.3097304845","2.3097304845"
"196","2.2853890276","2.2853890276","2.2853890276"
"197","2.2618551135","2.2618551135","2.2618551135"
"198","2.2324565411","2.2324565411","2.2324565411"
"199","2.2115755582","2.2115755582","2.2115755582"
"200","2.186954307","2.186954307","2.186954307"
"201","2.1588405091","2.1588405091","2.1588405091"
"202","2.1461641628","2.1461641628","2.1461641628"
"203","2.1282345432","2.1282345432","2.1282345432"
"204","2.1018601245","2.1018601245","2.1018601245"
"205","2.082026825","2.082026825","2.082026825"
"206","2.0678194451","2.0678194451","2.0678194451"
"207","2.0446819168","2.0446819168","2.0446819168"
"208","2.0179561526","2.0179561526","2.0179561526"
"209","1.9926022661","1.9926022661","1.9926022661"
"210","1.97864353","1.97864353","1.97864353"
"211","1.9474270546","1.9474270546","1.9474270546"
"212","1.9365761888","1.9365761888","1.9365761888"
"213","1.9127996457","1.9127996457","1.9127996457"
"214","1.901634028","1.901634028","1.901634028"
"215","1.8737198967","1.8737198967","1.8737198967"
"216","1.85359173","1.85359173","1.85359173"
"217","1.8288146484","1.8288146484","1.8288146484"
"218","1.8078623825","1.8078623825","1.8078623825"
"219","1.7881524849","1.7881524849","1.7881524849"
"220","1.7740379965","1.7740379965","1.7740379965"
"221","1.752228753","1.752228753","1.752228753"
"222","1.7414054054","1.7414054054","1.7414054054"
"223","1.7298996001","1.7298996001","1.7298996001"
"224","1.7103297859","1.7103297859","1.7103297859"
"225","1.6882557684","1.6882557684","1.6882557684"
"226","1.6770805979","1.6770805979","1.6770805979"
"227","1.6477154797","1.6477154797","1.6477154797"
"228","1.628688432","1.628688432","1.628688432"
"229","1.608730678","1.608730678","1.608730678"
"230","1.5892770123","1.5892770123","1.5892770123"
"231","1.5808805329","1.5808805329","1.5808805329"
"232","1.5598071444","1.5598071444","1.5598071444"
"233","1.5443540311","1.5443540311","1.5443540311"
"234","1.5281107938","1.5281107938","1.5281107938"
"235","1.5191459531","1.5191459531","1.5191459531"
"236","1.4941443557","1.4941443557","1.4941443557"
"237","1.4861574692","1.4861574692","1.4861574692"
"238","1.4657616848","1.4657616848","1.4657616848"
"239","1.4489984661","1.4489984661","1.4489984661"
"240","1.4291238451","1.4291238451","1.4291238451"
"241","1.4220536917","1.4220536917","1.4220536917"
"242","1.4006416905","1.4006416905","1.4006416905"
"243","1.3873228186","1.3873228186","1.3873228186"
"244","1.3856668991","1.3856668991","1.3856668991"
"245","1.360794484","1.360794484","1.360794484"
"246","1.3483223569","1.3483223569","1.3483223569"
"247","1.3354277343","1.3354277343","1.3354277343"
"248","1.3203410047","1.3203410047","1.3203410047"
"249","1.3036634713","1.3036634713","1.3036634713"
"250","1.2868049109","1.2868049109","1.2868049109"
"251","1.2696854353","1.2696854353","1.2696854353"
"252","1.2639198554","1.2639198554","1.2639198554"
"253","1.238404752","1.238404752","1.238404752"
"254","1.2326627195","1.2326627195","1.2326627195"
"255","1.2163740641","1.2163740641","1.2163740641"
"256","1.2069225991","1.2069225991","1.2069225991"
"257","1.1918614858","1.1918614858","1.1918614858"
"258","1.1764695317","1.1764695317","1.1764695317"
"259","1.1673685187","1.1673685187","1.1673685187"
"260","1.1485082811","1.1485082811","1.1485082811"
"261","1.1367721012","1.1367721012","1.1367721012"
"262","1.1249498761","1.1249498761","1.1249498761"
"263","1.1136957738","1.1136957738","1.1136957738"
"264","1.1027723005","1.1027723005","1.1027723005"
"265","1.0919952083","1.0919952083","1.0919952083"
"266","1.0789369416","1.0789369416","1.0789369416"
"267","1.0675565669","1.0675565669","1.0675565669"
"268","1.050972949","1.050972949","1.050972949"
"269","1.0376487786","1.0376487786","1.0376487786"
"270","1.0292677361","1.0292677361","1.0292677361"
"271","1.014572235","1.014572235","1.014572235"
"272","1.0084597135","1.0084597135","1.0084597135"
"273","0.9983641997","0.9983641997","0.9983641997"
"274","0.9810489157","0.9810489157","0.9810489157"
"275","0.9713916603","0.9713916603","0.9713916603"
"276","0.9673312896","0.9673312896","0.9673312896"
"277","0.9481710896","0.9481710896","0.9481710896"
"278","0.9434977186","0.9434977186","0.9434977186"
"279","0.9374405673","0.9374405673","0.9374405673"
"280","0.9255935726","0.9255935726","0.9255935726"
"281","0.9060196671","0.9060196671","0.9060196671"
"282","0.9027683234","0.9027683234","0.9027683234"
"283","0.8897562355","0.8897562355","0.8897562355"
"284","0.8805109602","0.8805109602","0.8805109602"
"285","0.8755660066","0.8755660066","0.8755660066"
"286","0.8714315519","0.8714315519","0.8714315519"
"287","0.8574773201","0.8574773201","0.8574773201"
"288","0.8496192145","0.8496192145","0.8496192145"
"289","0.8452936283","0.8452936283","0.8452936283"
"290","0.8356419563","0.8356419563","0.8356419563"
"291","0.8285994038","0.8285994038","0.8285994038"
"292","0.8144216537","0.8144216537","0.8144216537"
"293","0.8084691826","0.8084691826","0.8084691826"
"294","0.799282659","0.799282659","0.799282659"
"295","0.7952688679","0.7952688679","0.7952688679"
"296","0.7814008924","0.7814008924","0.7814008924"
"297","0.7808030736","0.7808030736","0.7808030736"
"298","0.7727131537","0.7727131537","0.7727131537"
"299","0.759836998","0.759836998","0.759836998"
"300","0.7584706551","0.7584706551","0.7584706551"
"301","0.7427336216","0.7427336216","0.7427336216"
"302","0.7378614724","0.7378614724","0.7378614724"
"303","0.7313028234","0.7313028234","0.7313028234"
"304","0.7298863828","0.7298863828","0.7298863828"
"305","0.7191382575","0.7191382575","0.7191382575"
"306","0.7156654412","0.7156654412","0.7156654412"
"307","0.7096527201","0.7096527201","0.7096527201"
"308","0.6921129087","0.6921129087","0.6921129087"
"309","0.6903551808","0.6903551808","0.6903551808"
"310","0.6855790353","0.6855790353","0.6855790353"
"311","0.6752476507","0.6752476507","0.6752476507"
"312","0.6673744652","0.6673744652","0.6673744652"
"313","0.6706238064","0.6706238064","0.6706238064"
"314","0.6539240362","0.6539240362","0.6539240362"
"315","0.6489633715","0.6489633715","0.6489633715"
"316","0.6479728583","0.6479728583","0.6479728583"
"317","0.6440801623","0.6440801623","0.6440801623"
"318","0.6323456013","0.6323456013","0.6323456013"
"319","0.627314502","0.627314502","0.627314502"
"320","0.6187477247","0.6187477247","0.6187477247"
"321","0.6073616548","0.6073616548","0.6073616548"
"322","0.6070060062","0.6070060062","0.6070060062"
"323","0.5970286906","0.5970286906","0.5970286906"
"324","0.5920011823","0.5920011823","0.5920011823"
"325","0.5890630987","0.5890630987","0.5890630987"
"326","0.5847065729","0.5847065729","0.5847065729"
"327","0.57796303","0.57796303","0.57796303"
"328","0.5677424093","0.5677424093","0.5677424093"
"329","0.5631599724","0.5631599724","0.5631599724"
"330","0.5594969675","0.5594969675","0.5594969675"
"331","0.5570632584","0.5570632584","0.5570632584"
"332","0.5537002854","0.5537002854","0.5537002854"
"333","0.539040094","0.539040094","0.539040094"
"334","0.5370083153","0.5370083153","0.5370083153"
"335","0.5312036107","0.5312036107","0.5312036107"
"336","0.5263567339","0.5263567339","0.5263567339"
"337","0.5208603813","0.5208603813","0.5208603813"
"338","0.5271637231","0.5271637231","0.5271637231"
"339","0.5186329947","0.5186329947","0.5186329947"
"340","0.5024209318","0.5024209318","0.5024209318"
"341","0.5011441608","0.5011441608","0.5011441608"
"342","0.4953830892","0.4953830892","0.4953830892"
"343","0.4821803668","0.4821803668","0.4821803668"
"344","0.4881485859","0.4881485859","0.4881485859"
"345","0.4801153152","0.4801153152","0.4801153152"
"346","0.4815298624","0.4815298624","0.4815298624"
"347","0.4686745603","0.4686745603","0.4686745603"
"348","0.4724103178","0.4724103178","0.4724103178"
"349","0.4585154125","0.4585154125","0.4585154125"
"350","0.4500339904","0.4500339904","0.4500339904"
"351","0.4467868946","0.4467868946","0.4467868946"
"352","0.4422152105","0.4422152105","0.4422152105"
"353","0.4382555702","0.4382555702","0.4382555702"
"354","0.4489560468","0.4489560468","0.4489560468"
"355","0.4381688106","0.4381688106","0.4381688106"
"356","0.4365376627","0.4365376627","0.4365376627"
"357","0.446583824","0.446583824","0.446583824"
"358","0.4354963878","0.4354963878","0.4354963878"
"359","0.4349927282","0.4349927282","0.4349927282"
"360","0.4291330786","0.4291330786","0.4291330786"
"361","0.4315636632","0.4315636632","0.4315636632"
"362","0.4326148365","0.4326148365","0.4326148365"
"363","0.4289388324","0.4289388324","0.4289388324"
"364","0.4179321828","0.4179321828","0.4179321828"
"365","0.4257977033","0.4257977033","0.4257977033"
"366","0.4228851277","0.4228851277","0.4228851277"
"367","0.4203480873","0.4203480873","0.4203480873"
"368","0.4128155737","0.4128155737","0.4128155737"
"369","0.4123173951","0.4123173951","0.4123173951"
"370","0.4145740277","0.4145740277","0.4145740277"
"371","0.4203783242","0.4203783242","0.4203783242"
"372","0.4193866237","0.4193866237","0.4193866237"
"373","0.4151113375","0.4151113375","0.4151113375"
"374","0.413387765","0.413387765","0.413387765"
"375","0.4100563508","0.4100563508","0.4100563508"
"376","0.4130251831","0.4130251831","0.4130251831"
"377","0.4128219577","0.4128219577","0.4128219577"
"378","0.4052511708","0.4052511708","0.4052511708"
"379","0.4177965882","0.4177965882","0.4177965882"
"380","0.4161427653","0.4161427653","0.4161427653"
"381","0.4083453098","0.4083453098","0.4083453098"
"382","0.4181105146","0.4181105146","0.4181105146"
"383","0.4161594476","0.4161594476","0.4161594476"
"384","0.4090609023","0.4090609023","0.4090609023"
"385","0.4091219743","0.4091219743","0.4091219743"
"386","0.4202942424","0.4202942424","0.4202942424"
"387","0.4184668641","0.4184668641","0.4184668641"
"388","0.4243452711","0.4243452711","0.4243452711"
"389","0.4169265728","0.4169265728","0.4169265728"
"390","0.4127831426","0.4127831426","0.4127831426"
"391","0.4188534166","0.4188534166","0.4188534166"
"392","0.4091878717","0.4091878717","0.4091878717"
"393","0.4137637648","0.4137637648","0.4137637648"
"394","0.4168341972","0.4168341972","0.4168341972"
"395","0.412238391","0.412238391","0.412238391"
"396","0.419479515","0.419479515","0.419479515"
"397","0.4111793447","0.4111793447","0.4111793447"
"398","0.4153806549","0.4153806549","0.4153806549"
"399","0.4168764658","0.4168764658","0.4168764658"
"400","0.4269185564","0.4269185564","0.4269185564"
"401","0.4174971531","0.4174971531","0.4174971531"
"402","0.4219227305","0.4219227305","0.4219227305"
"403","0.4251853117","0.4251853117","0.4251853117"
"404","0.4179689224","0.4179689224","0.4179689224"
"405","0.4255430338","0.4255430338","0.4255430338"
"406","0.4248560676","0.4248560676","0.4248560676"
"407","0.4265465155","0.4265465155","0.4265465155"
"408","0.4291981536","0.4291981536","0.4291981536"
"409","0.4293147266","0.4293147266","0.4293147266"
"410","0.4325306785","0.4325306785","0.4325306785"
"411","0.4354188368","0.4354188368","0.4354188368"
"412","0.4311620657","0.4311620657","0.4311620657"
"413","0.4356706937","0.4356706937","0.4356706937"
"414","0.4404629023","0.4404629023","0.4404629023"
"415","0.4308688883","0.4308688883","0.4308688883"
"416","0.4282199502","0.4282199502","0.4282199502"
"417","0.4344017833","0.4344017833","0.4344017833"
"418","0.4270503305","0.4270503305","0.4270503305"
"419","0.4276779027","0.4276779027","0.4276779027"
"420","0.4276316464","0.4276316464","0.4276316464"
"421","0.4219236463","0.4219236463","0.4219236463"
"422","0.4287375231","0.4287375231","0.4287375231"
"423","0.4242361432","0.4242361432","0.4242361432"
"424","0.4292937182","0.4292937182","0.4292937182"
"425","0.4229671474","0.4229671474","0.4229671474"
"426","0.4265799479","0.4265799479","0.4265799479"
"427","0.4254007061","0.4254007061","0.4254007061"
"428","0.4236035754","0.4236035754","0.4236035754"
"429","0.4192924036","0.4192924036","0.4192924036"
"430","0.4176462872","0.4176462872","0.4176462872"
"431","0.4155476364","0.4155476364","0.4155476364"
"432","0.4158802363","0.4158802363","0.4158802363"
"433","0.4149900229","0.4149900229","0.4149900229"
"434","0.415899096","0.415899096","0.415899096"
"435","0.4154042491","0.4154042491","0.4154042491"
"436","0.4167458567","0.4167458567","0.4167458567"
"437","0.4163803187","0.4163803187","0.4163803187"
"438","0.4208553027","0.4208553027","0.4208553027"
"439","0.4164568976","0.4164568976","0.4164568976"
"440","0.4227739175","0.4227739175","0.4227739175"
"441","0.425551551","0.425551551","0.425551551"
"442","0.4223909017","0.4223909017","0.4223909017"
"443","0.4150319695","0.4150319695","0.4150319695"
"444","0.4172323589","0.4172323589","0.4172323589"
"445","0.4201797162","0.4201797162","0.4201797162"
"446","0.4187813421","0.4187813421","0.4187813421"
"447","0.4135031092","0.4135031092","0.4135031092"
"448","0.4059693359","0.4059693359","0.4059693359"
"449","0.4049021298","0.4049021298","0.4049021298"
"450","0.4037273681","0.4037273681","0.4037273681"
"451","0.400457422","0.400457422","0.400457422"
"452","0.40861378","0.40861378","0.40861378"
"453","0.4001266306","0.4001266306","0.4001266306"
"454","0.4035480258","0.4035480258","0.4035480258"
"455","0.3992697957","0.3992697957","0.3992697957"
"456","0.4019281684","0.4019281684","0.4019281684"
"457","0.3998830411","0.3998830411","0.3998830411"
"458","0.4017736973","0.4017736973","0.4017736973"
"459","0.3918616494","0.3918616494","0.3918616494"
"460","0.3992124368","0.3992124368","0.3992124368"
"461","0.396326904","0.396326904","0.396326904"
"462","0.3889469574","0.3889469574","0.3889469574"
"463","0.3834910533","0.3834910533","0.3834910533"
"464","0.3918816653","0.3918816653","0.3918816653"
"465","0.3882247369","0.3882247369","0.3882247369"
"466","0.38450581","0.38450581","0.38450581"
"467","0.3820818219","0.3820818219","0.3820818219"
"468","0.3908318467","0.3908318467","0.3908318467"
"469","0.3866324601","0.3866324601","0.3866324601"
"470","0.3773571187","0.3773571187","0.3773571187"
"471","0.3784005886","0.3784005886","0.3784005886"
"472","0.3697237007","0.3697237007","0.3697237007"
"473","0.3720895044","0.3720895044","0.3720895044"
"474","0.3630448827","0.3630448827","0.3630448827"
"475","0.363911155","0.363911155","0.363911155"
"476","0.3662812901","0.3662812901","0.3662812901"
"477","0.3644759754","0.3644759754","0.3644759754"
"478","0.3598644586","0.3598644586","0.3598644586"
"479","0.3574775974","0.3574775974","0.3574775974"
"480","0.3647695883","0.3647695883","0.3647695883"
"481","0.3574634589","0.3574634589","0.3574634589"
"482","0.3558428824","0.3558428824","0.3558428824"
"483","0.3519540071","0.3519540071","0.3519540071"
"484","0.3531255816","0.3531255816","0.3531255816"
"485","0.3526181755","0.3526181755","0.3526181755"
"486","0.349847139","0.349847139","0.349847139"
"487","0.3484277078","0.3484277078","0.3484277078"
"488","0.3403357697","0.3403357697","0.3403357697"
"489","0.3449526546","0.3449526546","0.3449526546"
"490","0.3451655786","0.3451655786","0.3451655786"
"491","0.3396251877","0.3396251877","0.3396251877"
"492","0.328262385","0.328262385","0.328262385"
"493","0.3393752369","0.3393752369","0.3393752369"
"494","0.3311359242","0.3311359242","0.3311359242"
"495","0.3307260619","0.3307260619","0.3307260619"
"496","0.3271597514","0.3271597514","0.3271597514"
"497","0.3268725687","0.3268725687","0.3268725687"
"498","0.3222938489","0.3222938489","0.3222938489"
"499","0.3173214149","0.3173214149","0.3173214149"
"500","0.3199982396","0.3199982396","0.3199982396"
"501","0.3175392409","0.3175392409","0.3175392409"
"502","0.3203501222","0.3203501222","0.3203501222"
"503","0.3108497998","0.3108497998","0.3108497998"
"504","0.3013356739","0.3013356739","0.3013356739"
"505","0.2994462521","0.2994462521","0.2994462521"
"506","0.2931206116","0.2931206116","0.2931206116"
"507","0.2946646254","0.2946646254","0.2946646254"
"508","0.2919415688","0.2919415688","0.2919415688"
"509","0.2924190827","0.2924190827","0.2924190827"
"510","0.2895486783","0.2895486783","0.2895486783"
"511","0.283575048","0.283575048","0.283575048"
"512","0.284510343","0.284510343","0.284510343"
"513","0.2788290345","0.2788290345","0.2788290345"
"514","0.2788672787","0.2788672787","0.2788672787"
"515","0.2742393691","0.2742393691","0.2742393691"
"516","0.2754340563","0.2754340563","0.2754340563"
"517","0.2700065999","0.2700065999","0.2700065999"
"518","0.2645275508","0.2645275508","0.2645275508"
"519","0.2655230974","0.2655230974","0.2655230974"
"520","0.2626365596","0.2626365596","0.2626365596"
"521","0.2542668416","0.2542668416","0.2542668416"
"522","0.2543094506","0.2543094506","0.2543094506"
"523","0.2505994868","0.2505994868","0.2505994868"
"524","0.2460660363","0.2460660363","0.2460660363"
"525","0.2501054196","0.2501054196","0.2501054196"
"526","0.2429082244","0.2429082244","0.2429082244"
"527","0.2417224642","0.2417224642","0.2417224642"
"528","0.2362470684","0.2362470684","0.2362470684"
"529","0.2439028459","0.2439028459","0.2439028459"
"530","0.2413359214","0.2413359214","0.2413359214"
"531","0.2297798987","0.2297798987","0.2297798987"
"532","0.2265514267","0.2265514267","0.2265514267"
"533","0.2235393192","0.2235393192","0.2235393192"
"534","0.2217130037","0.2217130037","0.2217130037"
"535","0.2145978772","0.2145978772","0.2145978772"
"536","0.2138427767","0.2138427767","0.2138427767"
"537","0.2081636028","0.2081636028","0.2081636028"
"538","0.2075647112","0.2075647112","0.2075647112"
"539","0.210248537","0.210248537","0.210248537"
"540","0.1999873758","0.1999873758","0.1999873758"
"541","0.1957685825","0.1957685825","0.1957685825"
"542","0.1916529487","0.1916529487","0.1916529487"
"543","0.1835273479","0.1835273479","0.1835273479"
"544","0.1888887682","0.1888887682","0.1888887682"
"545","0.1795731162","0.1795731162","0.1795731162"
"546","0.1762797153","0.1762797153","0.1762797153"
"547","0.1777286091","0.1777286091","0.1777286091"
"548","0.1776967897","0.1776967897","0.1776967897"
"549","0.1731450171","0.1731450171","0.1731450171"
"550","0.1678332663","0.1678332663","0.1678332663"
"551","0.1658416126","0.1658416126","0.1658416126"
"552","0.1587382159","0.1587382159","0.1587382159"
"553","0.1597093033","0.1597093033","0.1597093033"
"554","0.1551703267","0.1551703267","0.1551703267"
"555","0.1471555659","0.1471555659","0.1471555659"
"556","0.1404404806","0.1404404806","0.1404404806"
"557","0.1341181996","0.1341181996","0.1341181996"
"558","0.1307276825","0.1307276825","0.1307276825"
"559","0.1306818556","0.1306818556","0.1306818556"
"560","0.1275984072","0.1275984072","0.1275984072"
"561","0.1188184073","0.1188184073","0.1188184073"
"562","0.1180434095","0.1180434095","0.1180434095"
"563","0.1153704187","0.1153704187","0.1153704187"
"564","0.1061717154","0.1061717154","0.1061717154"
"565","0.1090210304","0.1090210304","0.1090210304"
"566","0.1045262422","0.1045262422","0.1045262422"
"567","0.1036572742","0.1036572742","0.1036572742"
"568","0.0957956846","0.0957956846","0.0957956846"
"569","0.09217268","0.09217268","0.09217268"
"570","0.0848538972","0.0848538972","0.0848538972"
"571","0.0820887976","0.0820887976","0.0820887976"
"572","0.0767955823","0.0767955823","0.0767955823"
"573","0.0712951699","0.0712951699","0.0712951699"
"574","0.0599228014","0.0599228014","0.0599228014"
"575","0.0640471231","0.0640471231","0.0640471231"
"576","0.0554399213","0.0554399213","0.0554399213"
"577","0.0516989304","0.0516989304","0.0516989304"
"578","0.0491409031","0.0491409031","0.0491409031"
"579","0.0369084551","0.0369084551","0.0369084551"
"580","0.0314021769","0.0314021769","0.0314021769"
"581","0.0252180194","0.0252180194","0.0252180194"
"582","0.0243042348","0.0243042348","0.0243042348"
"583","0.0149735968","0.0149735968","0.0149735968"
"584","0.0100791639","0.0100791639","0.0100791639"
"585","0.0068878774","0.0068878774","0.0068878774"
"586","-0.0024676638","-0.0024676638","-0.0024676638"
"587","-0.0016946688","-0.0016946688","-0.0016946688"
"588","-0.0084507259","-0.0084507259","-0.0084507259"
"589","-0.0184729672","-0.0184729672","-0.0184729672"
"590","-0.0181179473","-0.0181179473","-0.0181179473"
"591","-0.0232453428","-0.0232453428","-0.0232453428"
"592","-0.0285970822","-0.0285970822","-0.0285970822"
"593","-0.0412017853","-0.0412017853","-0.0412017853"
"594","-0.0357119836","-0.0357119836","-0.0357119836"
"595","-0.0396213029","-0.0396213029","-0.0396213029"
"596","-0.0513544045","-0.0513544045","-0.0513544045"
"597","-0.0567919475","-0.0567919475","-0.0567919475"
"598","-0.0645057172","-0.0645057172","-0.0645057172"
"599","-0.0677404014","-0.0677404014","-0.0677404014"
"600","-0.0728869302","-0.0728869302","-0.0728869302"
"601","-0.0782411035","-0.0782411035","-0.0782411035"
"602","-0.0768405891","-0.0768405891","-0.0768405891"
"603","-0.0813989366","-0.0813989366","-0.0813989366"
"604","-0.0915869064","-0.0915869064","-0.0915869064"
"605","-0.1025825059","-0.1025825059","-0.1025825059"
"606","-0.1039572285","-0.1039572285","-0.1039572285"
"607","-0.118472482","-0.118472482","-0.118472482"
"608","-0.1223256842","-0.1223256842","-0.1223256842"
"609","-0.1320867378","-0.1320867378","-0.1320867378"
"610","-0.1419540336","-0.1419540336","-0.1419540336"
"611","-0.1424210006","-0.1424210006","-0.1424210006"
"612","-0.1495486295","-0.1495486295","-0.1495486295"
"613","-0.1522624862","-0.1522624862","-0.1522624862"
"614","-0.1575907811","-0.1575907811","-0.1575907811"
"615","-0.1647893361","-0.1647893361","-0.1647893361"
"616","-0.1682626199","-0.1682626199","-0.1682626199"
"617","-0.1914500752","-0.1914500752","-0.1914500752"
"618","-0.1951075944","-0.1951075944","-0.1951075944"
"619","-0.1900689935","-0.1900689935","-0.1900689935"
"620","-0.1995787242","-0.1995787242","-0.1995787242"
"621","-0.2172682244","-0.2172682244","-0.2172682244"
"622","-0.2303868704","-0.2303868704","-0.2303868704"
"623","-0.2265287566","-0.2265287566","-0.2265287566"
"624","-0.2507918281","-0.2507918281","-0.2507918281"
"625","-0.2529155039","-0.2529155039","-0.2529155039"
"626","-0.2596573295","-0.2596573295","-0.2596573295"
"627","-0.2772694253","-0.2772694253","-0.2772694253"
"628","-0.2820452438","-0.2820452438","-0.2820452438"
"629","-0.2927892386","-0.2927892386","-0.2927892386"
"630","-0.2934233152","-0.2934233152","-0.2934233152"
"631","-0.3069226555","-0.3069226555","-0.3069226555"
"632","-0.310153362","-0.310153362","-0.310153362"
"633","-0.3118318474","-0.3118318474","-0.3118318474"
"634","-0.3381327056","-0.3381327056","-0.3381327056"
"635","-0.3373458724","-0.3373458724","-0.3373458724"
"636","-0.3293702901","-0.3293702901","-0.3293702901"
"637","-0.3453022553","-0.3453022553","-0.3453022553"
"638","-0.3417004087","-0.3417004087","-0.3417004087"
"639","-0.3502769121","-0.3502769121","-0.3502769121"
"640","-0.361576371","-0.361576371","-0.361576371"
"641","-0.3667742469","-0.3667742469","-0.3667742469"
"642","-0.3893426129","-0.3893426129","-0.3893426129"
"643","-0.3922591206","-0.3922591206","-0.3922591206"
"644","-0.4160155828","-0.4160155828","-0.4160155828"
"645","-0.4022352006","-0.4022352006","-0.4022352006"
"646","-0.4244760658","-0.4244760658","-0.4244760658"
"647","-0.4159963071","-0.4159963071","-0.4159963071"
"648","-0.4309117096","-0.4309117096","-0.4309117096"
"649","-0.4467543944","-0.4467543944","-0.4467543944"
"650","-0.4569506342","-0.4569506342","-0.4569506342"
"651","-0.4760128151","-0.4760128151","-0.4760128151"
"652","-0.4854903802","-0.4854903802","-0.4854903802"
"653","-0.493683989","-0.493683989","-0.493683989"
"654","-0.5239176641","-0.5239176641","-0.5239176641"
"655","-0.522904786","-0.522904786","-0.522904786"
"656","-0.5407101104","-0.5407101104","-0.5407101104"
"657","-0.5349767171","-0.5349767171","-0.5349767171"
"658","-0.5633067185","-0.5633067185","-0.5633067185"
"659","-0.5667627259","-0.5667627259","-0.5667627259"
"660","-0.5892014835","-0.5892014835","-0.5892014835"
"661","-0.5988977154","-0.5988977154","-0.5988977154"
"662","-0.6050217441","-0.6050217441","-0.6050217441"
"663","-0.6036996321","-0.6036996321","-0.6036996321"
"664","-0.6289660703","-0.6289660703","-0.6289660703"
"665","-0.6400094087","-0.6400094087","-0.6400094087"
"666","-0.6303964105","-0.6303964105","-0.6303964105"
"667","-0.6374491906","-0.6374491906","-0.6374491906"
"668","-0.6418547426","-0.6418547426","-0.6418547426"
"669","-0.6863130683","-0.6863130683","-0.6863130683"
"670","-0.7034626028","-0.7034626028","-0.7034626028"
"671","-0.7002897699","-0.7002897699","-0.7002897699"
"672","-0.6993728276","-0.6993728276","-0.6993728276"
"673","-0.7092890756","-0.7092890756","-0.7092890756"
"674","-0.7309676218","-0.7309676218","-0.7309676218"
"675","-0.7264090262","-0.7264090262","-0.7264090262"
"676","-0.7785666895","-0.7785666895","-0.7785666895"
"677","-0.7652336732","-0.7652336732","-0.7652336732"
"678","-0.7731450908","-0.7731450908","-0.7731450908"
"679","-0.7770362599","-0.7770362599","-0.7770362599"
"680","-0.816660853","-0.816660853","-0.816660853"
"681","-0.8166359891","-0.8166359891","-0.8166359891"
"682","-0.8242311028","-0.8242311028","-0.8242311028"
"683","-0.8325993654","-0.8325993654","-0.8325993654"
"684","-0.8570447174","-0.8570447174","-0.8570447174"
"685","-0.8578979355","-0.8578979355","-0.8578979355"
"686","-0.8817812151","-0.8817812151","-0.8817812151"
"687","-0.9405368876","-0.9405368876","-0.9405368876"
"688","-0.9123976743","-0.9123976743","-0.9123976743"
"689","-0.9329324687","-0.9329324687","-0.9329324687"
"690","-0.9417834008","-0.9417834008","-0.9417834008"
"691","-0.9570683968","-0.9570683968","-0.9570683968"
"692","-1.0123967052","-1.0123967052","-1.0123967052"
"693","-1.0268124208","-1.0268124208","-1.0268124208"
"694","-1.0068140212","-1.0068140212","-1.0068140212"
"695","-1.0104287842","-1.0104287842","-1.0104287842"
"696","-1.0317061993","-1.0317061993","-1.0317061993"
"697","-1.0542558512","-1.0542558512","-1.0542558512"
"698","-1.0666372216","-1.0666372216","-1.0666372216"
"699","-1.0933239767","-1.0933239767","-1.0933239767"
"700","-1.1005052337","-1.1005052337","-1.1005052337"
"701","-1.1569441354","-1.1569441354","-1.1569441354"
"702","-1.162857894","-1.162857894","-1.162857894"
"703","-1.1937818328","-1.1937818328","-1.1937818328"
"704","-1.305762502","-1.305762502","-1.305762502"
"705","-1.2791270232","-1.2791270232","-1.2791270232"
"706","-1.2976421425","-1.2976421425","-1.2976421425"
"707","-1.3313718417","-1.3313718417","-1.3313718417"
"708","-1.3086121559","-1.3086121559","-1.3086121559"
"709","-1.3010423878","-1.3010423878","-1.3010423878"
"710","-1.307567873","-1.307567873","-1.307567873"
"711","-1.3579626381","-1.3579626381","-1.3579626381"
"712","-1.3780971712","-1.3780971712","-1.3780971712"
"713","-1.3846451795","-1.3846451795","-1.3846451795"
"714","-1.3823132205","-1.3823132205","-1.3823132205"
"715","-1.4597463283","-1.4597463283","-1.4597463283"
"716","-1.4754823425","-1.4754823425","-1.4754823425"
"717","-1.4548553148","-1.4548553148","-1.4548553148"
"718","-1.5493780434","-1.5493780434","-1.5493780434"
"719","-1.5514531571","-1.5514531571","-1.5514531571"
"720","-1.5828630504","-1.5828630504","-1.5828630504"
"721","-1.5618897253","-1.5618897253","-1.5618897253"
"722","-1.6509594762","-1.6509594762","-1.6509594762"
"723","-1.5915465644","-1.5915465644","-1.5915465644"
"724","-1.6104057369","-1.6104057369","-1.6104057369"
"725","-1.604187966","-1.604187966","-1.604187966"
"726","-1.6138147745","-1.6138147745","-1.6138147745"
"727","-1.6935970521","-1.6935970521","-1.6935970521"
"728","-1.6817742735","-1.6817742735","-1.6817742735"
"729","-1.6467720625","-1.6467720625","-1.6467720625"
"730","-1.6182277554","-1.6182277554","-1.6182277554"
"731","-1.7576318061","-1.7576318061","-1.7576318061"
"732","-1.7003669795","-1.7003669795","-1.7003669795"
"733","-1.7173646092","-1.7173646092","-1.7173646092"
"734","-1.6995930454","-1.6995930454","-1.6995930454"
"735","-1.8549505591","-1.8549505591","-1.8549505591"
"736","-1.8498635733","-1.8498635733","-1.8498635733"
"737","-1.7948173249","-1.7948173249","-1.7948173249"
"738","-1.7669565803","-1.7669565803","-1.7669565803"
"739","-1.7929852179","-1.7929852179","-1.7929852179"
"740","-1.7801185739","-1.7801185739","-1.7801185739"
"741","-1.8133450222","-1.8133450222","-1.8133450222"
"742","-1.7928974259","-1.7928974259","-1.7928974259"
"743","-1.8250572568","-1.8250572568","-1.8250572568"
"744","-1.8265915406","-1.8265915406","-1.8265915406"
"745","-1.8108040565","-1.8108040565","-1.8108040565"
"746","-1.8869298461","-1.8869298461","-1.8869298461"
"747","-1.8862901112","-1.8862901112","-1.8862901112"
"748","-1.8981782937","-1.8981782937","-1.8981782937"
"749","-1.9505088198","-1.9505088198","-1.9505088198"
"750","-1.9912248963","-1.9912248963","-1.9912248963"
"751","-1.9330446357","-1.9330446357","-1.9330446357"
"752","-1.9386229861","-1.9386229861","-1.9386229861"
"753","-1.9026021558","-1.9026021558","-1.9026021558"
"754","-1.9292340875","-1.9292340875","-1.9292340875"
"755","-1.8841061527","-1.8841061527","-1.8841061527"
"756","-2.0112728578","-2.0112728578","-2.0112728578"
"757","-2.0083036101","-2.0083036101","-2.0083036101"
"758","-1.9333319896","-1.9333319896","-1.9333319896"
"759","-1.9397582343","-1.9397582343","-1.9397582343"
"760","-2.0469756413","-2.0469756413","-2.0469756413"
"761","-2.0685138917","-2.0685138917","-2.0685138917"
"762","-2.0276196766","-2.0276196766","-2.0276196766"
"763","-1.9693589193","-1.9693589193","-1.9693589193"
"764","-2.0574877954","-2.0574877954","-2.0574877954"
"765","-2.1081646502","-2.1081646502","-2.1081646502"
"766","-2.0885804325","-2.0885804325","-2.0885804325"
"767","-2.0878415567","-2.0878415567","-2.0878415567"
"768","-2.0891142142","-2.0891142142","-2.0891142142"
"769","-2.1204698327","-2.1204698327","-2.1204698327"
"770","-2.1359272444","-2.1359272444","-2.1359272444"
"771","-2.1213283175","-2.1213283175","-2.1213283175"
"772","-2.1279532164","-2.1279532164","-2.1279532164"
"773","-2.0991120476","-2.0991120476","-2.0991120476"
"774","-2.154000361","-2.154000361","-2.154000361"
"775","-2.1969544289","-2.1969544289","-2.1969544289"
"776","-2.1338919115","-2.1338919115","-2.1338919115"
"777","-2.2359080791","-2.2359080791","-2.2359080791"
"778","-2.2068156582","-2.2068156582","-2.2068156582"
"779","-2.1586837465","-2.1586837465","-2.1586837465"
"780","-2.2562173885","-2.2562173885","-2.2562173885"
"781","-2.19117356","-2.19117356","-2.19117356"
"782","-2.332039758","-2.332039758","-2.332039758"
"783","-2.2805849066","-2.2805849066","-2.2805849066"
"784","-2.2936117941","-2.2936117941","-2.2936117941"
"785","-2.2741898435","-2.2741898435","-2.2741898435"
"786","-2.3353326237","-2.3353326237","-2.3353326237"
"787","-2.3407536542","-2.3407536542","-2.3407536542"
"788","-2.2915460426","-2.2915460426","-2.2915460426"
"789","-2.2779399592","-2.2779399592","-2.2779399592"
"790","-2.3057431543","-2.3057431543","-2.3057431543"
"791","-2.4230820978","-2.4230820978","-2.4230820978"
"792","-2.4209502608","-2.4209502608","-2.4209502608"
"793","-2.3552061892","-2.3552061892","-2.3552061892"
"794","-2.37489981","-2.37489981","-2.37489981"
"795","-2.4576857328","-2.4576857328","-2.4576857328"
"796","-2.4598786747","-2.4598786747","-2.4598786747"
"797","-2.4427915615","-2.4427915615","-2.4427915615"
"798","-2.4670027727","-2.4670027727","-2.4670027727"
"799","-2.4818351406","-2.4818351406","-2.4818351406"
"800","-2.4366528714","-2.4366528714","-2.4366528714"
"801","-2.4797444004","-2.4797444004","-2.4797444004"
"802","-2.5625804591","-2.5625804591","-2.5625804591"
"803","-2.539684186","-2.539684186","-2.539684186"
"804","-2.5196922964","-2.5196922964","-2.5196922964"
"805","-2.5003210908","-2.5003210908","-2.5003210908"
"806","-2.6024288642","-2.6024288642","-2.6024288642"
"807","-2.587714625","-2.587714625","-2.587714625"
"808","-2.5652016413","-2.5652016413","-2.5652016413"
"809","-2.5163361144","-2.5163361144","-2.5163361144"
"810","-2.4712534368","-2.4712534368","-2.4712534368"
"811","-2.5458690643","-2.5458690643","-2.5458690643"
"812","-2.4623956765","-2.4623956765","-2.4623956765"
"813","-2.6074372441","-2.6074372441","-2.6074372441"
"814","-2.5145021814","-2.5145021814","-2.5145021814"
"815","-2.5993568861","-2.5993568861","-2.5993568861"
"816","-2.6405979079","-2.6405979079","-2.6405979079"
"817","-2.5987556243","-2.5987556243","-2.5987556243"
"818","-2.6386391836","-2.6386391836","-2.6386391836"
"819","-2.5262750554","-2.5262750554","-2.5262750554"
"820","-2.7325135213","-2.7325135213","-2.7325135213"
"821","-2.6167313135","-2.6167313135","-2.6167313135"
"822","-2.659975608","-2.659975608","-2.659975608"
"823","-2.6913908833","-2.6913908833","-2.6913908833"
"824","-2.7160176164","-2.7160176164","-2.7160176164"
"825","-2.7076915401","-2.7076915401","-2.7076915401"
"826","-2.6997029483","-2.6997029483","-2.6997029483"
"827","-2.67178011","-2.67178011","-2.67178011"
"828","-2.7681983215","-2.7681983215","-2.7681983215"
"829","-2.7158543515","-2.7158543515","-2.7158543515"
"830","-2.736169824","-2.736169824","-2.736169824"
"831","-2.7392406434","-2.7392406434","-2.7392406434"
"832","-2.7624999553","-2.7624999553","-2.7624999553"
"833","-2.6995864069","-2.6995864069","-2.6995864069"
"834","-2.8594329935","-2.8594329935","-2.8594329935"
"835","-2.7715707982","-2.7715707982","-2.7715707982"
"836","-2.7514160362","-2.7514160362","-2.7514160362"
"837","-2.751995278","-2.751995278","-2.751995278"
"838","-2.8740183836","-2.8740183836","-2.8740183836"
"839","-2.7723910284","-2.7723910284","-2.7723910284"
"840","-2.7140104342","-2.7140104342","-2.7140104342"
"841","-2.795781666","-2.795781666","-2.795781666"
"842","-2.8422205853","-2.8422205853","-2.8422205853"
"843","-2.7722822088","-2.7722822088","-2.7722822088"
"844","-2.9273250186","-2.9273250186","-2.9273250186"
"845","-2.8585489333","-2.8585489333","-2.8585489333"
"846","-2.8343866485","-2.8343866485","-2.8343866485"
"847","-2.8188144022","-2.8188144022","-2.8188144022"
"848","-2.8973264915","-2.8973264915","-2.8973264915"
"849","-2.8411483973","-2.8411483973","-2.8411483973"
"850","-2.9220676219","-2.9220676219","-2.9220676219"
"851","-3.0119765359","-3.0119765359","-3.0119765359"
"852","-2.8799195611","-2.8799195611","-2.8799195611"
"853","-2.8738962483","-2.8738962483","-2.8738962483"
"854","-2.9693281639","-2.9693281639","-2.9693281639"
"855","-3.0506642741","-3.0506642741","-3.0506642741"
"856","-2.9912928909","-2.9912928909","-2.9912928909"
"857","-2.9617812228","-2.9617812228","-2.9617812228"
"858","-3.0126896596","-3.0126896596","-3.0126896596"
"859","-3.1389929283","-3.1389929283","-3.1389929283"
"860","-2.9916971666","-2.9916971666","-2.9916971666"
"861","-2.9247915447","-2.9247915447","-2.9247915447"
"862","-3.0713597453","-3.0713597453","-3.0713597453"
"863","-3.0767122746","-3.0767122746","-3.0767122746"
"864","-2.9894495276","-2.9894495276","-2.9894495276"
"865","-2.9815726411","-2.9815726411","-2.9815726411"
"866","-3.0584385556","-3.0584385556","-3.0584385556"
"867","-2.9989132303","-2.9989132303","-2.9989132303"
"868","-2.910795278","-2.910795278","-2.910795278"
"869","-2.9852222461","-2.9852222461","-2.9852222461"
"870","-2.8900263906","-2.8900263906","-2.8900263906"
"871","-2.9027334797","-2.9027334797","-2.9027334797"
"872","-3.0113162702","-3.0113162702","-3.0113162702"
"873","-2.8916346765","-2.8916346765","-2.8916346765"
"874","-2.9329301214","-2.9329301214","-2.9329301214"
"875","-3.006799193","-3.006799193","-3.006799193"
"876","-2.8548043066","-2.8548043066","-2.8548043066"
"877","-2.889227218","-2.889227218","-2.889227218"
"878","-2.9797644979","-2.9797644979","-2.9797644979"
"879","-2.8600187373","-2.8600187373","-2.8600187373"
"880","-2.7791083759","-2.7791083759","-2.7791083759"
"881","-2.8597448951","-2.8597448951","-2.8597448951"
"882","-3.0026389056","-3.0026389056","-3.0026389056"
"883","-2.9551520735","-2.9551520735","-2.9551520735"
"884","-2.8750178921","-2.8750178921","-2.8750178921"
"885","-2.7612937516","-2.7612937516","-2.7612937516"
"886","-2.6821072608","-2.6821072608","-2.6821072608"
"887","-2.7542924434","-2.7542924434","-2.7542924434"
"888","-2.7474865395","-2.7474865395","-2.7474865395"
"889","-2.8356674957","-2.8356674957","-2.8356674957"
"890","-2.8097228235","-2.8097228235","-2.8097228235"
"891","-2.8704383472","-2.8704383472","-2.8704383472"
"892","-2.7130425674","-2.7130425674","-2.7130425674"
"893","-2.6427438858","-2.6427438858","-2.6427438858"
"894","-2.7356745023","-2.7356745023","-2.7356745023"
"895","-2.761906738","-2.761906738","-2.761906738"
"896","-2.6471539015","-2.6471539015","-2.6471539015"
"897","-2.6546594191","-2.6546594191","-2.6546594191"
"898","-2.6691090748","-2.6691090748","-2.6691090748"
"899","-2.6168168059","-2.6168168059","-2.6168168059"
"900","-2.5599294007","-2.5599294007","-2.5599294007"
"901","-2.636201897","-2.636201897","-2.636201897"
"902","-2.608145273","-2.608145273","-2.608145273"
"903","-2.5341079324","-2.5341079324","-2.5341079324"
"904","-2.5981641322","-2.5981641322","-2.5981641322"
"905","-2.630209921","-2.630209921","-2.630209921"
"906","-2.4483634642","-2.4483634642","-2.4483634642"
"907","-2.450324491","-2.450324491","-2.450324491"
"908","-2.5024532965","-2.5024532965","-2.5024532965"
"909","-2.4959287184","-2.4959287184","-2.4959287184"
"910","-2.4369155058","-2.4369155058","-2.4369155058"
"911","-2.4841588333","-2.4841588333","-2.4841588333"
"912","-2.3966780338","-2.3966780338","-2.3966780338"
"913","-2.3822717148","-2.3822717148","-2.3822717148"
"914","-2.3687029462","-2.3687029462","-2.3687029462"
"915","-2.3502438037","-2.3502438037","-2.3502438037"
"916","-2.2968194987","-2.2968194987","-2.2968194987"
"917","-2.3182877348","-2.3182877348","-2.3182877348"
"918","-2.3005513066","-2.3005513066","-2.3005513066"
"919","-2.3697030212","-2.3697030212","-2.3697030212"
"920","-2.4189921486","-2.4189921486","-2.4189921486"
"921","-2.2309765889","-2.2309765889","-2.2309765889"
"922","-2.3161951274","-2.3161951274","-2.3161951274"
"923","-2.2999773888","-2.2999773888","-2.2999773888"
"924","-2.2283831294","-2.2283831294","-2.2283831294"
"925","-2.2554415974","-2.2554415974","-2.2554415974"
"926","-2.2269535836","-2.2269535836","-2.2269535836"
"927","-2.2599225235","-2.2599225235","-2.2599225235"
"928","-2.2573478769","-2.2573478769","-2.2573478769"
"929","-2.3190616122","-2.3190616122","-2.3190616122"
"930","-2.2019415066","-2.2019415066","-2.2019415066"
"931","-2.2291154595","-2.2291154595","-2.2291154595"
"932","-2.1335489447","-2.1335489447","-2.1335489447"
"933","-2.1412406197","-2.1412406197","-2.1412406197"
"934","-2.2889796254","-2.2889796254","-2.2889796254"
"935","-2.2348223925","-2.2348223925","-2.2348223925"
"936","-2.1202431089","-2.1202431089","-2.1202431089"
"937","-2.1137641701","-2.1137641701","-2.1137641701"
"938","-2.207146261","-2.207146261","-2.207146261"
"939","-2.1014265744","-2.1014265744","-2.1014265744"
"940","-2.0506945583","-2.0506945583","-2.0506945583"
"941","-2.0574779494","-2.0574779494","-2.0574779494"
"942","-2.1130074868","-2.1130074868","-2.1130074868"
"943","-2.0324687076","-2.0324687076","-2.0324687076"
"944","-2.1222141604","-2.1222141604","-2.1222141604"
"945","-2.032815817","-2.032815817","-2.032815817"
"946","-1.9671527406","-1.9671527406","-1.9671527406"
"947","-2.0229529777","-2.0229529777","-2.0229529777"
"948","-2.0833492213","-2.0833492213","-2.0833492213"
"949","-1.9529708928","-1.9529708928","-1.9529708928"
"950","-2.0269400342","-2.0269400342","-2.0269400342"
"951","-2.0499735305","-2.0499735305","-2.0499735305"
"952","-2.0430888679","-2.0430888679","-2.0430888679"
"953","-2.0153761953","-2.0153761953","-2.0153761953"
"954","-2.0186296785","-2.0186296785","-2.0186296785"
"955","-2.0503916977","-2.0503916977","-2.0503916977"
"956","-2.0010085078","-2.0010085078","-2.0010085078"
"957","-1.9447133288","-1.9447133288","-1.9447133288"
"958","-2.0517106086","-2.0517106086","-2.0517106086"
"959","-1.9347404713","-1.9347404713","-1.9347404713"
"960","-1.8984311566","-1.8984311566","-1.8984311566"
"961","-1.8594149122","-1.8594149122","-1.8594149122"
"962","-1.9208037799","-1.9208037799","-1.9208037799"
"963","-1.8602890458","-1.8602890458","-1.8602890458"
"964","-2.0048819079","-2.0048819079","-2.0048819079"
"965","-1.8984148562","-1.8984148562","-1.8984148562"
"966","-1.8650969556","-1.8650969556","-1.8650969556"
"967","-1.831792863","-1.831792863","-1.831792863"
"968","-1.9128912973","-1.9128912973","-1.9128912973"
"969","-1.8387123551","-1.8387123551","-1.8387123551"
"970","-1.8137230163","-1.8137230163","-1.8137230163"
"971","-1.8765132912","-1.8765132912","-1.8765132912"
"972","-1.7257112069","-1.7257112069","-1.7257112069"
"973","-1.7307043542","-1.7307043542","-1.7307043542"
"974","-1.7229269677","-1.7229269677","-1.7229269677"
"975","-1.6981039274","-1.6981039274","-1.6981039274"
"976","-1.6187206939","-1.6187206939","-1.6187206939"
"977","-1.7044873318","-1.7044873318","-1.7044873318"
"978","-1.6188859678","-1.6188859678","-1.6188859678"
"979","-1.7129516166","-1.7129516166","-1.7129516166"
"980","-1.7296278323","-1.7296278323","-1.7296278323"
"981","-1.7091987462","-1.7091987462","-1.7091987462"
"982","-1.6907189811","-1.6907189811","-1.6907189811"
"983","-1.7976373266","-1.7976373266","-1.7976373266"
"984","-1.7538427784","-1.7538427784","-1.7538427784"
"985","-1.6663224868","-1.6663224868","-1.6663224868"
"986","-1.7008117122","-1.7008117122","-1.7008117122"
"987","-1.5813548054","-1.5813548054","-1.5813548054"
"988","-1.5834753632","-1.5834753632","-1.5834753632"
"989","-1.518324999","-1.518324999","-1.518324999"
"990","-1.5449766624","-1.5449766624","-1.5449766624"
"991","-1.599854205","-1.599854205","-1.599854205"
"992","-1.6077722032","-1.6077722032","-1.6077722032"
"993","-1.5144775922","-1.5144775922","-1.5144775922"
"994","-1.4842605342","-1.4842605342","-1.4842605342"
"995","-1.5062956399","-1.5062956399","-1.5062956399"
"996","-1.5498883057","-1.5498883057","-1.5498883057"
"997","-1.5378016163","-1.5378016163","-1.5378016163"
"998","-1.4708609777","-1.4708609777","-1.4708609777"
"999","-1.615600362","-1.615600362","-1.615600362"