"Step","DDPG_short_test_track_pixel - loss_actor","DDPG_short_test_track_pixel - loss_actor__MIN","DDPG_short_test_track_pixel - loss_actor__MAX"
"0","0.0263120651","0.0263120651","0.0263120651"
"1","0.0208568233","0.0208568233","0.0208568233"
"2","0.0144808506","0.0144808506","0.0144808506"
"3","0.0083946092","0.0083946092","0.0083946092"
"4","-0.0095009129","-0.0095009129","-0.0095009129"
"5","-0.0207099344","-0.0207099344","-0.0207099344"
"6","-0.0390491304","-0.0390491304","-0.0390491304"
"7","-0.0462011822","-0.0462011822","-0.0462011822"
"8","-0.0598450525","-0.0598450525","-0.0598450525"
"9","-0.0646168439","-0.0646168439","-0.0646168439"
"10","-0.0738901354","-0.0738901354","-0.0738901354"
"11","-0.0797917076","-0.0797917076","-0.0797917076"
"12","-0.0894907881","-0.0894907881","-0.0894907881"
"13","-0.0949143858","-0.0949143858","-0.0949143858"
"14","-0.1028839973","-0.1028839973","-0.1028839973"
"15","-0.1165157051","-0.1165157051","-0.1165157051"
"16","-0.1199904942","-0.1199904942","-0.1199904942"
"17","-0.1212674783","-0.1212674783","-0.1212674783"
"18","-0.1335642666","-0.1335642666","-0.1335642666"
"19","-0.1412712438","-0.1412712438","-0.1412712438"
"20","-0.1419629899","-0.1419629899","-0.1419629899"
"21","-0.1533657597","-0.1533657597","-0.1533657597"
"22","-0.1611253972","-0.1611253972","-0.1611253972"
"23","-0.1650286886","-0.1650286886","-0.1650286886"
"24","-0.1683848971","-0.1683848971","-0.1683848971"
"25","-0.1692765499","-0.1692765499","-0.1692765499"
"26","-0.1743681696","-0.1743681696","-0.1743681696"
"27","-0.1831376532","-0.1831376532","-0.1831376532"
"28","-0.1853105923","-0.1853105923","-0.1853105923"
"29","-0.1894669015","-0.1894669015","-0.1894669015"
"30","-0.1952486101","-0.1952486101","-0.1952486101"
"31","-0.1938855045","-0.1938855045","-0.1938855045"
"32","-0.2010372323","-0.2010372323","-0.2010372323"
"33","-0.2041552136","-0.2041552136","-0.2041552136"
"34","-0.205648277","-0.205648277","-0.205648277"
"35","-0.2148444612","-0.2148444612","-0.2148444612"
"36","-0.2218738207","-0.2218738207","-0.2218738207"
"37","-0.2282861832","-0.2282861832","-0.2282861832"
"38","-0.2360233111","-0.2360233111","-0.2360233111"
"39","-0.2388044742","-0.2388044742","-0.2388044742"
"40","-0.2467375699","-0.2467375699","-0.2467375699"
"41","-0.2490883146","-0.2490883146","-0.2490883146"
"42","-0.2464719631","-0.2464719631","-0.2464719631"
"43","-0.2465491141","-0.2465491141","-0.2465491141"
"44","-0.2542387268","-0.2542387268","-0.2542387268"
"45","-0.2547927937","-0.2547927937","-0.2547927937"
"46","-0.2506823269","-0.2506823269","-0.2506823269"
"47","-0.2520949894","-0.2520949894","-0.2520949894"
"48","-0.2542300684","-0.2542300684","-0.2542300684"
"49","-0.2487337139","-0.2487337139","-0.2487337139"
"50","-0.2576489784","-0.2576489784","-0.2576489784"
"51","-0.2571997014","-0.2571997014","-0.2571997014"
"52","-0.2581868875","-0.2581868875","-0.2581868875"
"53","-0.2629028927","-0.2629028927","-0.2629028927"
"54","-0.2608626058","-0.2608626058","-0.2608626058"
"55","-0.2603146842","-0.2603146842","-0.2603146842"
"56","-0.2583993929","-0.2583993929","-0.2583993929"
"57","-0.2509034249","-0.2509034249","-0.2509034249"
"58","-0.2515190303","-0.2515190303","-0.2515190303"
"59","-0.257236282","-0.257236282","-0.257236282"
"60","-0.2632116544","-0.2632116544","-0.2632116544"
"61","-0.2569172388","-0.2569172388","-0.2569172388"
"62","-0.2522276083","-0.2522276083","-0.2522276083"
"63","-0.2547363646","-0.2547363646","-0.2547363646"
"64","-0.2559441905","-0.2559441905","-0.2559441905"
"65","-0.2544591971","-0.2544591971","-0.2544591971"
"66","-0.2575746991","-0.2575746991","-0.2575746991"
"67","-0.2539430115","-0.2539430115","-0.2539430115"
"68","-0.2490118969","-0.2490118969","-0.2490118969"
"69","-0.2500140481","-0.2500140481","-0.2500140481"
"70","-0.2462221259","-0.2462221259","-0.2462221259"
"71","-0.2457642509","-0.2457642509","-0.2457642509"
"72","-0.2404675991","-0.2404675991","-0.2404675991"
"73","-0.2425690475","-0.2425690475","-0.2425690475"
"74","-0.2393153069","-0.2393153069","-0.2393153069"
"75","-0.2350851467","-0.2350851467","-0.2350851467"
"76","-0.2399644931","-0.2399644931","-0.2399644931"
"77","-0.2365772069","-0.2365772069","-0.2365772069"
"78","-0.232727108","-0.232727108","-0.232727108"
"79","-0.2294051291","-0.2294051291","-0.2294051291"
"80","-0.2301704789","-0.2301704789","-0.2301704789"
"81","-0.2333908381","-0.2333908381","-0.2333908381"
"82","-0.2356700227","-0.2356700227","-0.2356700227"
"83","-0.2278761554","-0.2278761554","-0.2278761554"
"84","-0.2339024018","-0.2339024018","-0.2339024018"
"85","-0.2381838498","-0.2381838498","-0.2381838498"
"86","-0.2294797637","-0.2294797637","-0.2294797637"
"87","-0.2313354316","-0.2313354316","-0.2313354316"
"88","-0.2308028284","-0.2308028284","-0.2308028284"
"89","-0.2273600274","-0.2273600274","-0.2273600274"
"90","-0.2243167007","-0.2243167007","-0.2243167007"
"91","-0.2257363072","-0.2257363072","-0.2257363072"
"92","-0.2193812989","-0.2193812989","-0.2193812989"
"93","-0.2208636218","-0.2208636218","-0.2208636218"
"94","-0.2166678254","-0.2166678254","-0.2166678254"
"95","-0.2227564561","-0.2227564561","-0.2227564561"
"96","-0.2219212036","-0.2219212036","-0.2219212036"
"97","-0.2230458678","-0.2230458678","-0.2230458678"
"98","-0.2250201966","-0.2250201966","-0.2250201966"
"99","-0.2221383366","-0.2221383366","-0.2221383366"
"100","-0.2203846955","-0.2203846955","-0.2203846955"
"101","-0.2209438765","-0.2209438765","-0.2209438765"
"102","-0.2193275443","-0.2193275443","-0.2193275443"
"103","-0.2205480215","-0.2205480215","-0.2205480215"
"104","-0.2165908457","-0.2165908457","-0.2165908457"
"105","-0.2172578182","-0.2172578182","-0.2172578182"
"106","-0.2123804014","-0.2123804014","-0.2123804014"
"107","-0.2125854426","-0.2125854426","-0.2125854426"
"108","-0.2179422447","-0.2179422447","-0.2179422447"
"109","-0.2134874112","-0.2134874112","-0.2134874112"
"110","-0.2157039029","-0.2157039029","-0.2157039029"
"111","-0.2159083331","-0.2159083331","-0.2159083331"
"112","-0.2144621518","-0.2144621518","-0.2144621518"
"113","-0.2270479359","-0.2270479359","-0.2270479359"
"114","-0.2246001863","-0.2246001863","-0.2246001863"
"115","-0.2209247662","-0.2209247662","-0.2209247662"
"116","-0.2187362679","-0.2187362679","-0.2187362679"
"117","-0.2204244401","-0.2204244401","-0.2204244401"
"118","-0.2245430639","-0.2245430639","-0.2245430639"
"119","-0.231198562","-0.231198562","-0.231198562"
"120","-0.2326293758","-0.2326293758","-0.2326293758"
"121","-0.2332547899","-0.2332547899","-0.2332547899"
"122","-0.2298154334","-0.2298154334","-0.2298154334"
"123","-0.2367051943","-0.2367051943","-0.2367051943"
"124","-0.2386610287","-0.2386610287","-0.2386610287"
"125","-0.2404331172","-0.2404331172","-0.2404331172"
"126","-0.2389972842","-0.2389972842","-0.2389972842"
"127","-0.2460935442","-0.2460935442","-0.2460935442"
"128","-0.2401087472","-0.2401087472","-0.2401087472"
"129","-0.2425585863","-0.2425585863","-0.2425585863"
"130","-0.2456161803","-0.2456161803","-0.2456161803"
"131","-0.2427084041","-0.2427084041","-0.2427084041"
"132","-0.2452761519","-0.2452761519","-0.2452761519"
"133","-0.245605979","-0.245605979","-0.245605979"
"134","-0.2490045959","-0.2490045959","-0.2490045959"
"135","-0.2480359159","-0.2480359159","-0.2480359159"
"136","-0.2579378448","-0.2579378448","-0.2579378448"
"137","-0.252933033","-0.252933033","-0.252933033"
"138","-0.2565528769","-0.2565528769","-0.2565528769"
"139","-0.25751183","-0.25751183","-0.25751183"
"140","-0.2547700636","-0.2547700636","-0.2547700636"
"141","-0.2546986796","-0.2546986796","-0.2546986796"
"142","-0.2571464233","-0.2571464233","-0.2571464233"
"143","-0.2621702172","-0.2621702172","-0.2621702172"
"144","-0.2562161903","-0.2562161903","-0.2562161903"
"145","-0.2540029059","-0.2540029059","-0.2540029059"
"146","-0.2561576597","-0.2561576597","-0.2561576597"
"147","-0.258631755","-0.258631755","-0.258631755"
"148","-0.2539263302","-0.2539263302","-0.2539263302"
"149","-0.258328364","-0.258328364","-0.258328364"
"150","-0.2590190446","-0.2590190446","-0.2590190446"
"151","-0.2522769042","-0.2522769042","-0.2522769042"
"152","-0.2513521852","-0.2513521852","-0.2513521852"
"153","-0.2485457243","-0.2485457243","-0.2485457243"
"154","-0.2499974525","-0.2499974525","-0.2499974525"
"155","-0.2503261861","-0.2503261861","-0.2503261861"
"156","-0.2489404676","-0.2489404676","-0.2489404676"
"157","-0.2501864327","-0.2501864327","-0.2501864327"
"158","-0.2473503406","-0.2473503406","-0.2473503406"
"159","-0.2471833699","-0.2471833699","-0.2471833699"
"160","-0.2443123807","-0.2443123807","-0.2443123807"
"161","-0.245147045","-0.245147045","-0.245147045"
"162","-0.2445727551","-0.2445727551","-0.2445727551"
"163","-0.239864086","-0.239864086","-0.239864086"
"164","-0.2400282228","-0.2400282228","-0.2400282228"
"165","-0.2366548856","-0.2366548856","-0.2366548856"
"166","-0.2318971982","-0.2318971982","-0.2318971982"
"167","-0.2328690047","-0.2328690047","-0.2328690047"
"168","-0.233051192","-0.233051192","-0.233051192"
"169","-0.2288517198","-0.2288517198","-0.2288517198"
"170","-0.2309061238","-0.2309061238","-0.2309061238"
"171","-0.230701442","-0.230701442","-0.230701442"
"172","-0.2251325609","-0.2251325609","-0.2251325609"
"173","-0.2325731671","-0.2325731671","-0.2325731671"
"174","-0.229772834","-0.229772834","-0.229772834"
"175","-0.2294285946","-0.2294285946","-0.2294285946"
"176","-0.2213073929","-0.2213073929","-0.2213073929"
"177","-0.2237247486","-0.2237247486","-0.2237247486"
"178","-0.2243141919","-0.2243141919","-0.2243141919"
"179","-0.2203101216","-0.2203101216","-0.2203101216"
"180","-0.220885192","-0.220885192","-0.220885192"
"181","-0.2223418835","-0.2223418835","-0.2223418835"
"182","-0.2173475786","-0.2173475786","-0.2173475786"
"183","-0.2184508427","-0.2184508427","-0.2184508427"
"184","-0.2165726943","-0.2165726943","-0.2165726943"
"185","-0.2155279445","-0.2155279445","-0.2155279445"
"186","-0.2171231553","-0.2171231553","-0.2171231553"
"187","-0.2162540634","-0.2162540634","-0.2162540634"
"188","-0.2169742659","-0.2169742659","-0.2169742659"
"189","-0.2130311393","-0.2130311393","-0.2130311393"
"190","-0.2102380794","-0.2102380794","-0.2102380794"
"191","-0.2139390129","-0.2139390129","-0.2139390129"
"192","-0.2160325211","-0.2160325211","-0.2160325211"
"193","-0.2088899902","-0.2088899902","-0.2088899902"
"194","-0.2116414338","-0.2116414338","-0.2116414338"
"195","-0.2078051378","-0.2078051378","-0.2078051378"
"196","-0.2085117835","-0.2085117835","-0.2085117835"
"197","-0.2052341856","-0.2052341856","-0.2052341856"
"198","-0.2060802764","-0.2060802764","-0.2060802764"
"199","-0.2054693458","-0.2054693458","-0.2054693458"
"200","-0.2076796838","-0.2076796838","-0.2076796838"
"201","-0.2025673057","-0.2025673057","-0.2025673057"
"202","-0.201421026","-0.201421026","-0.201421026"
"203","-0.2012660822","-0.2012660822","-0.2012660822"
"204","-0.1992245138","-0.1992245138","-0.1992245138"
"205","-0.1940787597","-0.1940787597","-0.1940787597"
"206","-0.2023257736","-0.2023257736","-0.2023257736"
"207","-0.1953410276","-0.1953410276","-0.1953410276"
"208","-0.1961855847","-0.1961855847","-0.1961855847"
"209","-0.1943411355","-0.1943411355","-0.1943411355"
"210","-0.1973214654","-0.1973214654","-0.1973214654"
"211","-0.1964501753","-0.1964501753","-0.1964501753"
"212","-0.1961941231","-0.1961941231","-0.1961941231"
"213","-0.1987570815","-0.1987570815","-0.1987570815"
"214","-0.1964916463","-0.1964916463","-0.1964916463"
"215","-0.1981064567","-0.1981064567","-0.1981064567"
"216","-0.196469905","-0.196469905","-0.196469905"
"217","-0.19653133","-0.19653133","-0.19653133"
"218","-0.1981049905","-0.1981049905","-0.1981049905"
"219","-0.1962646854","-0.1962646854","-0.1962646854"
"220","-0.1976722907","-0.1976722907","-0.1976722907"
"221","-0.195785615","-0.195785615","-0.195785615"
"222","-0.1912361588","-0.1912361588","-0.1912361588"
"223","-0.1939062238","-0.1939062238","-0.1939062238"
"224","-0.1944740136","-0.1944740136","-0.1944740136"
"225","-0.1877767324","-0.1877767324","-0.1877767324"
"226","-0.1878770826","-0.1878770826","-0.1878770826"
"227","-0.1925505961","-0.1925505961","-0.1925505961"
"228","-0.1888549844","-0.1888549844","-0.1888549844"
"229","-0.1913966156","-0.1913966156","-0.1913966156"
"230","-0.1874512082","-0.1874512082","-0.1874512082"
"231","-0.1877228967","-0.1877228967","-0.1877228967"
"232","-0.1819801464","-0.1819801464","-0.1819801464"
"233","-0.1828162478","-0.1828162478","-0.1828162478"
"234","-0.1866571767","-0.1866571767","-0.1866571767"
"235","-0.1794445948","-0.1794445948","-0.1794445948"
"236","-0.1833487033","-0.1833487033","-0.1833487033"
"237","-0.1813571755","-0.1813571755","-0.1813571755"
"238","-0.180761095","-0.180761095","-0.180761095"
"239","-0.1791235811","-0.1791235811","-0.1791235811"
"240","-0.1791237739","-0.1791237739","-0.1791237739"
"241","-0.1758420903","-0.1758420903","-0.1758420903"
"242","-0.1768363919","-0.1768363919","-0.1768363919"
"243","-0.1763138153","-0.1763138153","-0.1763138153"
"244","-0.1770472449","-0.1770472449","-0.1770472449"
"245","-0.1711987247","-0.1711987247","-0.1711987247"
"246","-0.1765002565","-0.1765002565","-0.1765002565"
"247","-0.1752374925","-0.1752374925","-0.1752374925"
"248","-0.1730396146","-0.1730396146","-0.1730396146"
"249","-0.1756801021","-0.1756801021","-0.1756801021"
"250","-0.1741634975","-0.1741634975","-0.1741634975"
"251","-0.1726894425","-0.1726894425","-0.1726894425"
"252","-0.1729467127","-0.1729467127","-0.1729467127"
"253","-0.1755119679","-0.1755119679","-0.1755119679"
"254","-0.1748814918","-0.1748814918","-0.1748814918"
"255","-0.1718393397","-0.1718393397","-0.1718393397"
"256","-0.1709612117","-0.1709612117","-0.1709612117"
"257","-0.1723850344","-0.1723850344","-0.1723850344"
"258","-0.1773843745","-0.1773843745","-0.1773843745"
"259","-0.1751797007","-0.1751797007","-0.1751797007"
"260","-0.1719852597","-0.1719852597","-0.1719852597"
"261","-0.1670835139","-0.1670835139","-0.1670835139"
"262","-0.1690699145","-0.1690699145","-0.1690699145"
"263","-0.1640321534","-0.1640321534","-0.1640321534"
"264","-0.167636522","-0.167636522","-0.167636522"
"265","-0.1636410127","-0.1636410127","-0.1636410127"
"266","-0.1603295272","-0.1603295272","-0.1603295272"
"267","-0.1640634338","-0.1640634338","-0.1640634338"
"268","-0.1607624049","-0.1607624049","-0.1607624049"
"269","-0.1593745463","-0.1593745463","-0.1593745463"
"270","-0.1560362298","-0.1560362298","-0.1560362298"
"271","-0.1454761042","-0.1454761042","-0.1454761042"
"272","-0.14214434","-0.14214434","-0.14214434"
"273","-0.1471584891","-0.1471584891","-0.1471584891"
"274","-0.1451413324","-0.1451413324","-0.1451413324"
"275","-0.1453060203","-0.1453060203","-0.1453060203"
"276","-0.1447917742","-0.1447917742","-0.1447917742"
"277","-0.141276563","-0.141276563","-0.141276563"
"278","-0.1385083953","-0.1385083953","-0.1385083953"
"279","-0.1423804778","-0.1423804778","-0.1423804778"
"280","-0.1374290037","-0.1374290037","-0.1374290037"
"281","-0.1312870104","-0.1312870104","-0.1312870104"
"282","-0.1375895273","-0.1375895273","-0.1375895273"
"283","-0.1384864166","-0.1384864166","-0.1384864166"
"284","-0.140761389","-0.140761389","-0.140761389"
"285","-0.1410463452","-0.1410463452","-0.1410463452"
"286","-0.1420795915","-0.1420795915","-0.1420795915"
"287","-0.1386190764","-0.1386190764","-0.1386190764"
"288","-0.1404575769","-0.1404575769","-0.1404575769"
"289","-0.140326875","-0.140326875","-0.140326875"
"290","-0.1330894062","-0.1330894062","-0.1330894062"
"291","-0.1417993988","-0.1417993988","-0.1417993988"
"292","-0.1411122263","-0.1411122263","-0.1411122263"
"293","-0.1457263848","-0.1457263848","-0.1457263848"
"294","-0.1408122047","-0.1408122047","-0.1408122047"
"295","-0.1377734214","-0.1377734214","-0.1377734214"
"296","-0.1436136387","-0.1436136387","-0.1436136387"
"297","-0.1315541201","-0.1315541201","-0.1315541201"
"298","-0.1342528514","-0.1342528514","-0.1342528514"
"299","-0.1322866356","-0.1322866356","-0.1322866356"
"300","-0.1290328092","-0.1290328092","-0.1290328092"
"301","-0.1312282786","-0.1312282786","-0.1312282786"
"302","-0.1328829757","-0.1328829757","-0.1328829757"
"303","-0.1331724401","-0.1331724401","-0.1331724401"
"304","-0.1228447519","-0.1228447519","-0.1228447519"
"305","-0.1228407043","-0.1228407043","-0.1228407043"
"306","-0.1245950445","-0.1245950445","-0.1245950445"
"307","-0.1287032232","-0.1287032232","-0.1287032232"
"308","-0.1233440675","-0.1233440675","-0.1233440675"
"309","-0.1182217382","-0.1182217382","-0.1182217382"
"310","-0.1177172732","-0.1177172732","-0.1177172732"
"311","-0.1232247818","-0.1232247818","-0.1232247818"
"312","-0.1153162126","-0.1153162126","-0.1153162126"
"313","-0.1179872674","-0.1179872674","-0.1179872674"
"314","-0.1220666289","-0.1220666289","-0.1220666289"
"315","-0.1163033505","-0.1163033505","-0.1163033505"
"316","-0.1180234367","-0.1180234367","-0.1180234367"
"317","-0.1196679452","-0.1196679452","-0.1196679452"
"318","-0.1065176708","-0.1065176708","-0.1065176708"
"319","-0.1123833613","-0.1123833613","-0.1123833613"
"320","-0.1084535142","-0.1084535142","-0.1084535142"
"321","-0.1041172542","-0.1041172542","-0.1041172542"
"322","-0.1126943833","-0.1126943833","-0.1126943833"
"323","-0.1007380806","-0.1007380806","-0.1007380806"
"324","-0.0991359578","-0.0991359578","-0.0991359578"
"325","-0.1078450584","-0.1078450584","-0.1078450584"
"326","-0.1079282032","-0.1079282032","-0.1079282032"
"327","-0.1037810694","-0.1037810694","-0.1037810694"
"328","-0.101285716","-0.101285716","-0.101285716"
"329","-0.1009632722","-0.1009632722","-0.1009632722"
"330","-0.0886293855","-0.0886293855","-0.0886293855"
"331","-0.0818852178","-0.0818852178","-0.0818852178"
"332","-0.0774954839","-0.0774954839","-0.0774954839"
"333","-0.0859576065","-0.0859576065","-0.0859576065"
"334","-0.0716937657","-0.0716937657","-0.0716937657"
"335","-0.0698314803","-0.0698314803","-0.0698314803"
"336","-0.0709895547","-0.0709895547","-0.0709895547"
"337","-0.0730984695","-0.0730984695","-0.0730984695"
"338","-0.0655767865","-0.0655767865","-0.0655767865"
"339","-0.0398045663","-0.0398045663","-0.0398045663"
"340","-0.0607847869","-0.0607847869","-0.0607847869"
"341","-0.0595174154","-0.0595174154","-0.0595174154"
"342","-0.0429045717","-0.0429045717","-0.0429045717"
"343","-0.0366884937","-0.0366884937","-0.0366884937"
"344","-0.0525294197","-0.0525294197","-0.0525294197"
"345","-0.0554550722","-0.0554550722","-0.0554550722"
"346","-0.0352890958","-0.0352890958","-0.0352890958"
"347","-0.0260207457","-0.0260207457","-0.0260207457"
"348","0.0000683989","0.0000683989","0.0000683989"
"349","0.0045576625","0.0045576625","0.0045576625"
"350","-0.018492501","-0.018492501","-0.018492501"
"351","0.0083450635","0.0083450635","0.0083450635"
"352","0.0038590035","0.0038590035","0.0038590035"
"353","0.0254970159","0.0254970159","0.0254970159"
"354","0.0381262126","0.0381262126","0.0381262126"
"355","0.0268872016","0.0268872016","0.0268872016"
"356","0.040786419","0.040786419","0.040786419"
"357","0.0608244482","0.0608244482","0.0608244482"
"358","0.050784554","0.050784554","0.050784554"
"359","0.0550533942","0.0550533942","0.0550533942"
"360","0.0695418704","0.0695418704","0.0695418704"
"361","0.0479657827","0.0479657827","0.0479657827"
"362","0.1042115922","0.1042115922","0.1042115922"
"363","0.0748298423","0.0748298423","0.0748298423"
"364","0.0943818854","0.0943818854","0.0943818854"
"365","0.086609843","0.086609843","0.086609843"
"366","0.0697852171","0.0697852171","0.0697852171"
"367","0.0732985938","0.0732985938","0.0732985938"
"368","0.0822199338","0.0822199338","0.0822199338"
"369","0.1112382036","0.1112382036","0.1112382036"
"370","0.0956741531","0.0956741531","0.0956741531"
"371","0.0963580708","0.0963580708","0.0963580708"
"372","0.1008790527","0.1008790527","0.1008790527"
"373","0.1643701757","0.1643701757","0.1643701757"
"374","0.1408195055","0.1408195055","0.1408195055"
"375","0.1718135543","0.1718135543","0.1718135543"
"376","0.1830493763","0.1830493763","0.1830493763"
"377","0.1589630842","0.1589630842","0.1589630842"
"378","0.2025133664","0.2025133664","0.2025133664"
"379","0.1478165277","0.1478165277","0.1478165277"
"380","0.1650251561","0.1650251561","0.1650251561"
"381","0.2278096242","0.2278096242","0.2278096242"
"382","0.2259036946","0.2259036946","0.2259036946"
"383","0.2190347738","0.2190347738","0.2190347738"
"384","0.2091226834","0.2091226834","0.2091226834"
"385","0.2677725003","0.2677725003","0.2677725003"
"386","0.3140697492","0.3140697492","0.3140697492"
"387","0.2891293036","0.2891293036","0.2891293036"
"388","0.3127291982","0.3127291982","0.3127291982"
"389","0.2860883918","0.2860883918","0.2860883918"
"390","0.3191150192","0.3191150192","0.3191150192"
"391","0.3494026825","0.3494026825","0.3494026825"
"392","0.3915348133","0.3915348133","0.3915348133"
"393","0.3239252577","0.3239252577","0.3239252577"
"394","0.3752483531","0.3752483531","0.3752483531"
"395","0.3691409492","0.3691409492","0.3691409492"
"396","0.415803011","0.415803011","0.415803011"
"397","0.4458031945","0.4458031945","0.4458031945"
"398","0.4794669523","0.4794669523","0.4794669523"
"399","0.428624757","0.428624757","0.428624757"
"400","0.4613254784","0.4613254784","0.4613254784"
"401","0.510935433","0.510935433","0.510935433"
"402","0.5101662072","0.5101662072","0.5101662072"
"403","0.4688729709","0.4688729709","0.4688729709"
"404","0.490285938","0.490285938","0.490285938"
"405","0.4029186099","0.4029186099","0.4029186099"
"406","0.5835636867","0.5835636867","0.5835636867"
"407","0.5964501573","0.5964501573","0.5964501573"
"408","0.6029436015","0.6029436015","0.6029436015"
"409","0.4966263973","0.4966263973","0.4966263973"
"410","0.6140640005","0.6140640005","0.6140640005"
"411","0.7329269132","0.7329269132","0.7329269132"
"412","0.6622767927","0.6622767927","0.6622767927"
"413","0.7603684009","0.7603684009","0.7603684009"
"414","0.7052148676","0.7052148676","0.7052148676"
"415","0.8361587909","0.8361587909","0.8361587909"
"416","0.7236470735","0.7236470735","0.7236470735"
"417","0.7820836021","0.7820836021","0.7820836021"
"418","0.823333973","0.823333973","0.823333973"
"419","0.8508366133","0.8508366133","0.8508366133"
"420","0.7835484375","0.7835484375","0.7835484375"
"421","0.8213347445","0.8213347445","0.8213347445"
"422","0.8156872176","0.8156872176","0.8156872176"
"423","0.9290454643","0.9290454643","0.9290454643"
"424","0.8024083412","0.8024083412","0.8024083412"
"425","0.9144274639","0.9144274639","0.9144274639"
"426","0.9020032214","0.9020032214","0.9020032214"
"427","0.8635127553","0.8635127553","0.8635127553"
"428","0.9603369085","0.9603369085","0.9603369085"
"429","0.822422387","0.822422387","0.822422387"
"430","0.9157302774","0.9157302774","0.9157302774"
"431","0.9586622256","0.9586622256","0.9586622256"
"432","0.9605654413","0.9605654413","0.9605654413"
"433","1.0851039519","1.0851039519","1.0851039519"
"434","1.1361434254","1.1361434254","1.1361434254"
"435","1.0938640111","1.0938640111","1.0938640111"
"436","1.0877729881","1.0877729881","1.0877729881"
"437","1.2511288812","1.2511288812","1.2511288812"
"438","1.1603799957","1.1603799957","1.1603799957"
"439","1.2100911985","1.2100911985","1.2100911985"
"440","1.3373074184","1.3373074184","1.3373074184"
"441","1.2749421217","1.2749421217","1.2749421217"
"442","1.2459929987","1.2459929987","1.2459929987"
"443","1.493164603","1.493164603","1.493164603"
"444","1.543566323","1.543566323","1.543566323"
"445","1.5002892269","1.5002892269","1.5002892269"
"446","1.4065550822","1.4065550822","1.4065550822"
"447","1.5116436563","1.5116436563","1.5116436563"
"448","1.4575894171","1.4575894171","1.4575894171"
"449","1.539632051","1.539632051","1.539632051"
"450","1.388646744","1.388646744","1.388646744"
"451","1.416308361","1.416308361","1.416308361"
"452","1.3580669774","1.3580669774","1.3580669774"
"453","1.4629269393","1.4629269393","1.4629269393"
"454","1.7113423241","1.7113423241","1.7113423241"
"455","1.4674775874","1.4674775874","1.4674775874"
"456","1.7542406578","1.7542406578","1.7542406578"
"457","1.6867536021","1.6867536021","1.6867536021"
"458","1.6153542722","1.6153542722","1.6153542722"
"459","1.702163845","1.702163845","1.702163845"
"460","1.7073090698","1.7073090698","1.7073090698"
"461","1.6978241541","1.6978241541","1.6978241541"
"462","1.7334387746","1.7334387746","1.7334387746"
"463","1.9612369493","1.9612369493","1.9612369493"
"464","2.0424235629","2.0424235629","2.0424235629"
"465","1.8943390321","1.8943390321","1.8943390321"
"466","2.1432957523","2.1432957523","2.1432957523"
"467","2.1414413013","2.1414413013","2.1414413013"
"468","2.2427602807","2.2427602807","2.2427602807"
"469","2.3332950335","2.3332950335","2.3332950335"
"470","2.1193916545","2.1193916545","2.1193916545"
"471","2.317542483","2.317542483","2.317542483"
"472","2.3528156997","2.3528156997","2.3528156997"
"473","2.2664411829","2.2664411829","2.2664411829"
"474","2.24318386","2.24318386","2.24318386"
"475","2.3904155169","2.3904155169","2.3904155169"
"476","2.158584192","2.158584192","2.158584192"
"477","2.4368187113","2.4368187113","2.4368187113"
"478","2.6713476981","2.6713476981","2.6713476981"
"479","2.4370479046","2.4370479046","2.4370479046"
"480","2.565237067","2.565237067","2.565237067"
"481","2.445240202","2.445240202","2.445240202"
"482","2.4785351013","2.4785351013","2.4785351013"
"483","2.8084317664","2.8084317664","2.8084317664"
"484","2.5888491224","2.5888491224","2.5888491224"
"485","3.0441208088","3.0441208088","3.0441208088"
"486","2.6750361267","2.6750361267","2.6750361267"
"487","2.8791092196","2.8791092196","2.8791092196"
"488","2.6792012539","2.6792012539","2.6792012539"
"489","2.7939815851","2.7939815851","2.7939815851"
"490","2.7325996953","2.7325996953","2.7325996953"
"491","2.7326623541","2.7326623541","2.7326623541"
"492","2.9797040083","2.9797040083","2.9797040083"
"493","3.3082704311","3.3082704311","3.3082704311"
"494","3.1195071699","3.1195071699","3.1195071699"
"495","3.4349844381","3.4349844381","3.4349844381"
"496","3.4420166584","3.4420166584","3.4420166584"
"497","3.2933140419","3.2933140419","3.2933140419"
"498","3.523447393","3.523447393","3.523447393"
"499","3.3502770931","3.3502770931","3.3502770931"
"500","3.7384461358","3.7384461358","3.7384461358"
"501","3.6337385277","3.6337385277","3.6337385277"
"502","3.4572342524","3.4572342524","3.4572342524"
"503","3.912874437","3.912874437","3.912874437"
"504","3.4389814471","3.4389814471","3.4389814471"
"505","4.1860348748","4.1860348748","4.1860348748"
"506","3.706350064","3.706350064","3.706350064"
"507","3.7048072512","3.7048072512","3.7048072512"
"508","3.9121556342","3.9121556342","3.9121556342"
"509","3.7261586924","3.7261586924","3.7261586924"
"510","3.7953818502","3.7953818502","3.7953818502"
"511","4.0339215744","4.0339215744","4.0339215744"
"512","4.0306318422","4.0306318422","4.0306318422"
"513","3.6920458499","3.6920458499","3.6920458499"
"514","3.9319591783","3.9319591783","3.9319591783"
"515","3.9322050171","3.9322050171","3.9322050171"
"516","4.3580527052","4.3580527052","4.3580527052"
"517","4.0226608859","4.0226608859","4.0226608859"
"518","4.5202848443","4.5202848443","4.5202848443"
"519","4.397285841","4.397285841","4.397285841"
"520","3.8890753709","3.8890753709","3.8890753709"
"521","4.2654549459","4.2654549459","4.2654549459"
"522","4.5454763904","4.5454763904","4.5454763904"
"523","4.3239928862","4.3239928862","4.3239928862"
"524","4.6792598121","4.6792598121","4.6792598121"
"525","4.4503333741","4.4503333741","4.4503333741"
"526","4.6026408495","4.6026408495","4.6026408495"
"527","4.3098292558","4.3098292558","4.3098292558"
"528","4.6369001347","4.6369001347","4.6369001347"
"529","4.7197155939","4.7197155939","4.7197155939"
"530","4.8519612637","4.8519612637","4.8519612637"
"531","4.8335419954","4.8335419954","4.8335419954"
"532","4.7519342858","4.7519342858","4.7519342858"
"533","5.316862026","5.316862026","5.316862026"
"534","5.207185743","5.207185743","5.207185743"
"535","4.930022202","4.930022202","4.930022202"
"536","5.1185504963","5.1185504963","5.1185504963"
"537","5.1283828191","5.1283828191","5.1283828191"
"538","4.7566478625","4.7566478625","4.7566478625"
"539","5.3831938723","5.3831938723","5.3831938723"
"540","5.1792682511","5.1792682511","5.1792682511"
"541","5.1946471152","5.1946471152","5.1946471152"
"542","5.5490275554","5.5490275554","5.5490275554"
"543","5.1228313684","5.1228313684","5.1228313684"
"544","5.0603056224","5.0603056224","5.0603056224"
"545","5.4308542866","5.4308542866","5.4308542866"
"546","4.9949201462","4.9949201462","4.9949201462"
"547","5.5540420336","5.5540420336","5.5540420336"
"548","5.8793183322","5.8793183322","5.8793183322"
"549","5.7832549401","5.7832549401","5.7832549401"
"550","5.3932573062","5.3932573062","5.3932573062"
"551","5.6866181746","5.6866181746","5.6866181746"
"552","5.501493515","5.501493515","5.501493515"
"553","5.6771392831","5.6771392831","5.6771392831"
"554","6.2957738391","6.2957738391","6.2957738391"
"555","5.5710046519","5.5710046519","5.5710046519"
"556","5.7950380027","5.7950380027","5.7950380027"
"557","6.024240014","6.024240014","6.024240014"
"558","6.0763749117","6.0763749117","6.0763749117"
"559","6.1981971893","6.1981971893","6.1981971893"
"560","5.9539984314","5.9539984314","5.9539984314"
"561","6.1382766374","6.1382766374","6.1382766374"
"562","6.4096642166","6.4096642166","6.4096642166"
"563","6.2305050772","6.2305050772","6.2305050772"
"564","6.4109822112","6.4109822112","6.4109822112"
"565","6.5373359466","6.5373359466","6.5373359466"
"566","6.0865044212","6.0865044212","6.0865044212"
"567","7.2871800774","7.2871800774","7.2871800774"
"568","6.3982325403","6.3982325403","6.3982325403"
"569","6.7476764247","6.7476764247","6.7476764247"
"570","6.2985502221","6.2985502221","6.2985502221"
"571","6.6220927885","6.6220927885","6.6220927885"
"572","7.0003905243","7.0003905243","7.0003905243"
"573","7.0333611463","7.0333611463","7.0333611463"
"574","7.1116245411","7.1116245411","7.1116245411"
"575","7.8792667991","7.8792667991","7.8792667991"
"576","7.1774560016","7.1774560016","7.1774560016"
"577","7.0662012571","7.0662012571","7.0662012571"
"578","6.1543332091","6.1543332091","6.1543332091"
"579","6.9063249239","6.9063249239","6.9063249239"
"580","6.7874199519","6.7874199519","6.7874199519"
"581","6.7587337118","6.7587337118","6.7587337118"
"582","7.2658183728","7.2658183728","7.2658183728"
"583","6.9165486529","6.9165486529","6.9165486529"
"584","7.217217485","7.217217485","7.217217485"
"585","7.2500083734","7.2500083734","7.2500083734"
"586","6.9650380293","6.9650380293","6.9650380293"
"587","6.7758963943","6.7758963943","6.7758963943"
"588","7.4370036124","7.4370036124","7.4370036124"
"589","6.8116815288","6.8116815288","6.8116815288"
"590","8.0251933925","8.0251933925","8.0251933925"
"591","6.6770236865","6.6770236865","6.6770236865"
"592","7.730465309","7.730465309","7.730465309"
"593","7.6600977632","7.6600977632","7.6600977632"
"594","6.6933988293","6.6933988293","6.6933988293"
"595","6.4906408393","6.4906408393","6.4906408393"
"596","6.7078417805","6.7078417805","6.7078417805"
"597","6.5830511671","6.5830511671","6.5830511671"
"598","6.3515812634","6.3515812634","6.3515812634"
"599","6.9547117461","6.9547117461","6.9547117461"
"600","7.1535238595","7.1535238595","7.1535238595"
"601","7.6919903579","7.6919903579","7.6919903579"
"602","8.2461029035","8.2461029035","8.2461029035"
"603","7.3480291504","7.3480291504","7.3480291504"
"604","7.4106190895","7.4106190895","7.4106190895"
"605","7.1365758063","7.1365758063","7.1365758063"
"606","8.1351685688","8.1351685688","8.1351685688"
"607","6.8103819409","6.8103819409","6.8103819409"
"608","7.8477370565","7.8477370565","7.8477370565"
"609","7.5401320449","7.5401320449","7.5401320449"
"610","8.0455555725","8.0455555725","8.0455555725"
"611","7.0037201393","7.0037201393","7.0037201393"
"612","7.1822602805","7.1822602805","7.1822602805"
"613","7.7867257565","7.7867257565","7.7867257565"
"614","8.006337149","8.006337149","8.006337149"
"615","7.588451212","7.588451212","7.588451212"
"616","7.6752964345","7.6752964345","7.6752964345"
"617","8.5209398842","8.5209398842","8.5209398842"
"618","7.8906534253","7.8906534253","7.8906534253"
"619","6.6764535689","6.6764535689","6.6764535689"
"620","7.8931533712","7.8931533712","7.8931533712"
"621","7.4498515469","7.4498515469","7.4498515469"
"622","8.5876714756","8.5876714756","8.5876714756"
"623","7.3050760254","7.3050760254","7.3050760254"
"624","8.2712808758","8.2712808758","8.2712808758"
"625","8.2256271094","8.2256271094","8.2256271094"
"626","7.9501254997","7.9501254997","7.9501254997"
"627","8.0001674414","8.0001674414","8.0001674414"
"628","7.400397315","7.400397315","7.400397315"
"629","6.2352316198","6.2352316198","6.2352316198"
"630","7.283045314","7.283045314","7.283045314"
"631","8.4322031936","8.4322031936","8.4322031936"
"632","7.379798314","7.379798314","7.379798314"
"633","7.6698362243","7.6698362243","7.6698362243"
"634","7.7910016555","7.7910016555","7.7910016555"
"635","7.4603148225","7.4603148225","7.4603148225"
"636","7.9005223492","7.9005223492","7.9005223492"
"637","7.4153414187","7.4153414187","7.4153414187"
"638","6.728283174","6.728283174","6.728283174"
"639","7.6339047736","7.6339047736","7.6339047736"
"640","6.4184755552","6.4184755552","6.4184755552"
"641","7.6482142723","7.6482142723","7.6482142723"
"642","8.5956412965","8.5956412965","8.5956412965"
"643","7.4401892394","7.4401892394","7.4401892394"
"644","8.4921544528","8.4921544528","8.4921544528"
"645","8.6594989917","8.6594989917","8.6594989917"
"646","8.8689174646","8.8689174646","8.8689174646"
"647","8.0420044202","8.0420044202","8.0420044202"
"648","7.6531038669","7.6531038669","7.6531038669"
"649","6.8465257061","6.8465257061","6.8465257061"
"650","7.8560627005","7.8560627005","7.8560627005"
"651","7.8176576883","7.8176576883","7.8176576883"
"652","8.1390442741","8.1390442741","8.1390442741"
"653","7.388629995","7.388629995","7.388629995"
"654","6.2319170696","6.2319170696","6.2319170696"
"655","7.4291786188","7.4291786188","7.4291786188"
"656","5.8085674816","5.8085674816","5.8085674816"
"657","6.376835568","6.376835568","6.376835568"
"658","5.6189070717","5.6189070717","5.6189070717"
"659","5.3734909138","5.3734909138","5.3734909138"
"660","6.351668013","6.351668013","6.351668013"
"661","5.5383363479","5.5383363479","5.5383363479"
"662","5.8895233023","5.8895233023","5.8895233023"
"663","6.0599281608","6.0599281608","6.0599281608"
"664","4.2586425635","4.2586425635","4.2586425635"
"665","4.6836208764","4.6836208764","4.6836208764"
"666","6.0217240596","6.0217240596","6.0217240596"
"667","5.025346514","5.025346514","5.025346514"
"668","5.1904053283","5.1904053283","5.1904053283"
"669","3.8132613017","3.8132613017","3.8132613017"
"670","5.4514974645","5.4514974645","5.4514974645"
"671","4.1872667491","4.1872667491","4.1872667491"
"672","5.1621194047","5.1621194047","5.1621194047"
"673","3.4558339798","3.4558339798","3.4558339798"
"674","3.4004166502","3.4004166502","3.4004166502"
"675","1.0741628903","1.0741628903","1.0741628903"
"676","1.800564723","1.800564723","1.800564723"
"677","2.3087057406","2.3087057406","2.3087057406"
"678","2.0761739492","2.0761739492","2.0761739492"
"679","1.7545812201","1.7545812201","1.7545812201"
"680","0.9090735078","0.9090735078","0.9090735078"
"681","-0.1030877417","-0.1030877417","-0.1030877417"
"682","0.1925209427","0.1925209427","0.1925209427"
"683","2.1154963976","2.1154963976","2.1154963976"
"684","1.884753511","1.884753511","1.884753511"
"685","1.8041592211","1.8041592211","1.8041592211"
"686","-0.7101635659","-0.7101635659","-0.7101635659"
"687","-1.0610447788","-1.0610447788","-1.0610447788"
"688","0.8333788276","0.8333788276","0.8333788276"
"689","-0.7183307719","-0.7183307719","-0.7183307719"
"690","-0.9077740592","-0.9077740592","-0.9077740592"
"691","-2.9126183134","-2.9126183134","-2.9126183134"
"692","-1.2186513591","-1.2186513591","-1.2186513591"
"693","-4.6754667354","-4.6754667354","-4.6754667354"
"694","-2.2475800049","-2.2475800049","-2.2475800049"
"695","-2.8070117354","-2.8070117354","-2.8070117354"
"696","-4.5300382078","-4.5300382078","-4.5300382078"
"697","-3.82463938","-3.82463938","-3.82463938"
"698","-6.6036459625","-6.6036459625","-6.6036459625"
"699","-3.9303922677","-3.9303922677","-3.9303922677"
"700","-6.5523737228","-6.5523737228","-6.5523737228"
"701","-5.3152929497","-5.3152929497","-5.3152929497"
"702","-5.9246904671","-5.9246904671","-5.9246904671"
"703","-5.9072877342","-5.9072877342","-5.9072877342"
"704","-3.4061659342","-3.4061659342","-3.4061659342"
"705","-4.1415533036","-4.1415533036","-4.1415533036"
"706","-4.2428209859","-4.2428209859","-4.2428209859"
"707","-8.1458795643","-8.1458795643","-8.1458795643"
"708","-7.4031183434","-7.4031183434","-7.4031183434"
"709","-6.9361869931","-6.9361869931","-6.9361869931"
"710","-1.7092235899","-1.7092235899","-1.7092235899"
"711","-5.9509138298","-5.9509138298","-5.9509138298"
"712","-3.8910766131","-3.8910766131","-3.8910766131"
"713","-5.136815905","-5.136815905","-5.136815905"
"714","-4.4294059491","-4.4294059491","-4.4294059491"
"715","-4.0271292067","-4.0271292067","-4.0271292067"
"716","-4.1779243419","-4.1779243419","-4.1779243419"
"717","-7.583300947","-7.583300947","-7.583300947"
"718","-3.8763911986","-3.8763911986","-3.8763911986"
"719","-5.5922935712","-5.5922935712","-5.5922935712"
"720","-6.0657969654","-6.0657969654","-6.0657969654"
"721","-3.4355593646","-3.4355593646","-3.4355593646"
"722","-5.062253952","-5.062253952","-5.062253952"
"723","-5.4177974325","-5.4177974325","-5.4177974325"
"724","-3.8801800007","-3.8801800007","-3.8801800007"
"725","-2.252060855","-2.252060855","-2.252060855"
"726","-3.7044437338","-3.7044437338","-3.7044437338"
"727","-3.7516444886","-3.7516444886","-3.7516444886"
"728","-2.3197213179","-2.3197213179","-2.3197213179"
"729","-3.7200003624","-3.7200003624","-3.7200003624"
"730","-0.5704768628","-0.5704768628","-0.5704768628"
"731","-4.0602880329","-4.0602880329","-4.0602880329"
"732","-2.120309428","-2.120309428","-2.120309428"
"733","-3.3631474811","-3.3631474811","-3.3631474811"
"734","-1.0952137244","-1.0952137244","-1.0952137244"
"735","-2.5293358189","-2.5293358189","-2.5293358189"
"736","-1.93201729","-1.93201729","-1.93201729"
"737","-3.4029254568","-3.4029254568","-3.4029254568"
"738","-2.0476787764","-2.0476787764","-2.0476787764"
"739","-2.8279274404","-2.8279274404","-2.8279274404"
"740","-4.082179442","-4.082179442","-4.082179442"
"741","-0.8527729881","-0.8527729881","-0.8527729881"
"742","-5.2965587854","-5.2965587854","-5.2965587854"
"743","-3.6272708637","-3.6272708637","-3.6272708637"
"744","-2.5835578024","-2.5835578024","-2.5835578024"
"745","-3.1599720097","-3.1599720097","-3.1599720097"
"746","-2.524252128","-2.524252128","-2.524252128"
"747","-1.4339703643","-1.4339703643","-1.4339703643"
"748","-1.1270829806","-1.1270829806","-1.1270829806"
"749","-7.6362414777","-7.6362414777","-7.6362414777"
"750","-1.2631009352","-1.2631009352","-1.2631009352"
"751","-2.0837614807","-2.0837614807","-2.0837614807"
"752","-1.0681916559","-1.0681916559","-1.0681916559"
"753","-2.8874301004","-2.8874301004","-2.8874301004"
"754","-1.2907357979","-1.2907357979","-1.2907357979"
"755","-0.2793485755","-0.2793485755","-0.2793485755"
"756","-1.7157775411","-1.7157775411","-1.7157775411"
"757","-2.3315544659","-2.3315544659","-2.3315544659"
"758","-4.08368622","-4.08368622","-4.08368622"
"759","-0.1922417641","-0.1922417641","-0.1922417641"
"760","-2.6147560465","-2.6147560465","-2.6147560465"
"761","-4.9282213317","-4.9282213317","-4.9282213317"
"762","-3.4590341204","-3.4590341204","-3.4590341204"
"763","-5.1095267445","-5.1095267445","-5.1095267445"
"764","0.3400013882","0.3400013882","0.3400013882"
"765","-4.3845190877","-4.3845190877","-4.3845190877"
"766","-4.8282403278","-4.8282403278","-4.8282403278"
"767","-3.3983532894","-3.3983532894","-3.3983532894"
"768","-2.7004249853","-2.7004249853","-2.7004249853"
"769","-1.6680223376","-1.6680223376","-1.6680223376"
"770","-5.2777618897","-5.2777618897","-5.2777618897"
"771","-5.2182806242","-5.2182806242","-5.2182806242"
"772","-6.0859843329","-6.0859843329","-6.0859843329"
"773","-7.9682768655","-7.9682768655","-7.9682768655"
"774","-5.7705877677","-5.7705877677","-5.7705877677"
"775","-1.5712252825","-1.5712252825","-1.5712252825"
"776","-3.9209624064","-3.9209624064","-3.9209624064"
"777","-5.6119280005","-5.6119280005","-5.6119280005"
"778","-2.5652692068","-2.5652692068","-2.5652692068"
"779","-5.3091480672","-5.3091480672","-5.3091480672"
"780","-0.1501858535","-0.1501858535","-0.1501858535"
"781","0.1151576257","0.1151576257","0.1151576257"
"782","-6.410731166","-6.410731166","-6.410731166"
"783","-1.4669936955","-1.4669936955","-1.4669936955"
"784","-0.4501589155","-0.4501589155","-0.4501589155"
"785","-0.3032298249","-0.3032298249","-0.3032298249"
"786","-1.7874203441","-1.7874203441","-1.7874203441"
"787","-5.7115563643","-5.7115563643","-5.7115563643"
"788","-2.036540091","-2.036540091","-2.036540091"
"789","1.6424964488","1.6424964488","1.6424964488"
"790","1.0983935618","1.0983935618","1.0983935618"
"791","2.3383578146","2.3383578146","2.3383578146"
"792","-0.8908850276","-0.8908850276","-0.8908850276"
"793","1.8814884961","1.8814884961","1.8814884961"
"794","2.6839622027","2.6839622027","2.6839622027"
"795","-1.4884459877","-1.4884459877","-1.4884459877"
"796","3.7973258269","3.7973258269","3.7973258269"
"797","1.6857208627","1.6857208627","1.6857208627"
"798","-0.1130338067","-0.1130338067","-0.1130338067"
"799","0.7105849284","0.7105849284","0.7105849284"
"800","2.5249841487","2.5249841487","2.5249841487"
"801","0.4586896631","0.4586896631","0.4586896631"
"802","3.082041347","3.082041347","3.082041347"
"803","5.4923810172","5.4923810172","5.4923810172"
"804","3.8935100341","3.8935100341","3.8935100341"
"805","2.8389153838","2.8389153838","2.8389153838"
"806","-0.0719662294","-0.0719662294","-0.0719662294"
"807","0.936095382","0.936095382","0.936095382"
"808","-1.7179311705","-1.7179311705","-1.7179311705"
"809","-0.8708935761","-0.8708935761","-0.8708935761"
"810","-0.2902521312","-0.2902521312","-0.2902521312"
"811","0.820921123","0.820921123","0.820921123"
"812","-0.2901748884","-0.2901748884","-0.2901748884"
"813","4.1469714034","4.1469714034","4.1469714034"
"814","-1.0289590061","-1.0289590061","-1.0289590061"
"815","2.8166843867","2.8166843867","2.8166843867"
"816","1.7840489113","1.7840489113","1.7840489113"
"817","-0.9918858647","-0.9918858647","-0.9918858647"
"818","-1.3783016932","-1.3783016932","-1.3783016932"
"819","2.4517516375","2.4517516375","2.4517516375"
"820","-0.7507118404","-0.7507118404","-0.7507118404"
"821","0.467692523","0.467692523","0.467692523"
"822","3.8191018713","3.8191018713","3.8191018713"
"823","-1.1035168982","-1.1035168982","-1.1035168982"
"824","-1.7596778083","-1.7596778083","-1.7596778083"
"825","-2.9397534868","-2.9397534868","-2.9397534868"
"826","-2.8011790931","-2.8011790931","-2.8011790931"
"827","-4.1505896112","-4.1505896112","-4.1505896112"
"828","-2.6592364609","-2.6592364609","-2.6592364609"
"829","0.3740583503","0.3740583503","0.3740583503"
"830","-3.0973641765","-3.0973641765","-3.0973641765"
"831","1.7219323719","1.7219323719","1.7219323719"
"832","-0.6970535901","-0.6970535901","-0.6970535901"
"833","-7.3627592397","-7.3627592397","-7.3627592397"
"834","-5.5620387524","-5.5620387524","-5.5620387524"
"835","1.6847648799","1.6847648799","1.6847648799"
"836","-2.5370599151","-2.5370599151","-2.5370599151"
"837","-2.4598517597","-2.4598517597","-2.4598517597"
"838","-6.217900908","-6.217900908","-6.217900908"
"839","-2.5153854823","-2.5153854823","-2.5153854823"
"840","0.9961961889","0.9961961889","0.9961961889"
"841","-2.7458789015","-2.7458789015","-2.7458789015"
"842","-2.4902702355","-2.4902702355","-2.4902702355"
"843","2.5848039806","2.5848039806","2.5848039806"
"844","0.3849692512","0.3849692512","0.3849692512"
"845","2.6225342488","2.6225342488","2.6225342488"
"846","8.3058177447","8.3058177447","8.3058177447"
"847","0.1421592999","0.1421592999","0.1421592999"
"848","7.0659501922","7.0659501922","7.0659501922"
"849","6.4440429318","6.4440429318","6.4440429318"
"850","0.873415699","0.873415699","0.873415699"
"851","12.2091380298","12.2091380298","12.2091380298"
"852","6.7858027542","6.7858027542","6.7858027542"
"853","9.5515426469","9.5515426469","9.5515426469"
"854","7.8909487486","7.8909487486","7.8909487486"
"855","10.0402523553","10.0402523553","10.0402523553"
"856","10.4379834735","10.4379834735","10.4379834735"
"857","13.9280306375","13.9280306375","13.9280306375"
"858","3.6533942044","3.6533942044","3.6533942044"
"859","13.3595714301","13.3595714301","13.3595714301"
"860","7.6513397121","7.6513397121","7.6513397121"
"861","8.3047507739","8.3047507739","8.3047507739"
"862","13.607865169","13.607865169","13.607865169"
"863","5.1527496231","5.1527496231","5.1527496231"
"864","5.7655064207","5.7655064207","5.7655064207"
"865","13.0418385839","13.0418385839","13.0418385839"
"866","6.2707798612","6.2707798612","6.2707798612"
"867","4.1666542196","4.1666542196","4.1666542196"
"868","12.4964625502","12.4964625502","12.4964625502"
"869","10.9864304155","10.9864304155","10.9864304155"
"870","14.276391151","14.276391151","14.276391151"
"871","8.5021848726","8.5021848726","8.5021848726"
"872","9.2300683391","9.2300683391","9.2300683391"
"873","11.3387520683","11.3387520683","11.3387520683"
"874","4.3139213455","4.3139213455","4.3139213455"
"875","10.5712949836","10.5712949836","10.5712949836"
"876","5.8915709126","5.8915709126","5.8915709126"
"877","15.4492234933","15.4492234933","15.4492234933"
"878","15.2417854697","15.2417854697","15.2417854697"
"879","1.9326678073","1.9326678073","1.9326678073"
"880","11.3807363147","11.3807363147","11.3807363147"
"881","8.1871843505","8.1871843505","8.1871843505"
"882","12.536912384","12.536912384","12.536912384"
"883","5.7905208528","5.7905208528","5.7905208528"
"884","18.0056307757","18.0056307757","18.0056307757"
"885","15.1289881349","15.1289881349","15.1289881349"
"886","12.8249283856","12.8249283856","12.8249283856"
"887","14.6451399601","14.6451399601","14.6451399601"
"888","19.6269602203","19.6269602203","19.6269602203"
"889","15.5157888603","15.5157888603","15.5157888603"
"890","15.2536984682","15.2536984682","15.2536984682"
"891","12.8924679828","12.8924679828","12.8924679828"
"892","22.1304174018","22.1304174018","22.1304174018"
"893","22.0543434572","22.0543434572","22.0543434572"
"894","16.9212122416","16.9212122416","16.9212122416"
"895","14.256409322","14.256409322","14.256409322"
"896","25.8072039962","25.8072039962","25.8072039962"
"897","16.6218718851","16.6218718851","16.6218718851"
"898","21.2377082038","21.2377082038","21.2377082038"
"899","28.2608049083","28.2608049083","28.2608049083"
"900","17.361074934","17.361074934","17.361074934"
"901","20.423573947","20.423573947","20.423573947"
"902","29.0726374006","29.0726374006","29.0726374006"
"903","25.7448581648","25.7448581648","25.7448581648"
"904","27.8954980838","27.8954980838","27.8954980838"
"905","24.6333972847","24.6333972847","24.6333972847"
"906","19.1076020908","19.1076020908","19.1076020908"
"907","30.952933321","30.952933321","30.952933321"
"908","30.7561670756","30.7561670756","30.7561670756"
"909","31.7390471399","31.7390471399","31.7390471399"
"910","33.6822010016","33.6822010016","33.6822010016"
"911","28.5281522131","28.5281522131","28.5281522131"
"912","31.1725905681","31.1725905681","31.1725905681"
"913","34.8630717301","34.8630717301","34.8630717301"
"914","24.1833372045","24.1833372045","24.1833372045"
"915","31.3403497505","31.3403497505","31.3403497505"
"916","27.0982817197","27.0982817197","27.0982817197"
"917","19.578301543","19.578301543","19.578301543"
"918","34.5752688545","34.5752688545","34.5752688545"
"919","32.4894458103","32.4894458103","32.4894458103"
"920","35.3786301947","35.3786301947","35.3786301947"
"921","30.1913470864","30.1913470864","30.1913470864"
"922","32.0707570863","32.0707570863","32.0707570863"
"923","35.0795832896","35.0795832896","35.0795832896"
"924","37.1884893441","37.1884893441","37.1884893441"
"925","30.082463088","30.082463088","30.082463088"
"926","36.4980258441","36.4980258441","36.4980258441"
"927","35.3031407094","35.3031407094","35.3031407094"
"928","32.0357200074","32.0357200074","32.0357200074"
"929","40.3504265714","40.3504265714","40.3504265714"
"930","44.9227772808","44.9227772808","44.9227772808"
"931","41.8743303847","41.8743303847","41.8743303847"
"932","28.0842291689","28.0842291689","28.0842291689"
"933","35.9639396989","35.9639396989","35.9639396989"
"934","26.9416217959","26.9416217959","26.9416217959"
"935","39.0861679649","39.0861679649","39.0861679649"
"936","34.6694919062","34.6694919062","34.6694919062"
"937","35.100453639","35.100453639","35.100453639"
"938","35.1888350713","35.1888350713","35.1888350713"
"939","36.5875189006","36.5875189006","36.5875189006"
"940","37.4512038207","37.4512038207","37.4512038207"
"941","35.6721968722","35.6721968722","35.6721968722"
"942","37.1327710658","37.1327710658","37.1327710658"
"943","35.0806182992","35.0806182992","35.0806182992"
"944","40.5998033273","40.5998033273","40.5998033273"
"945","33.4090356731","33.4090356731","33.4090356731"
"946","36.7789910841","36.7789910841","36.7789910841"
"947","42.8168818879","42.8168818879","42.8168818879"
"948","36.8692285502","36.8692285502","36.8692285502"
"949","37.8566188872","37.8566188872","37.8566188872"
"950","39.5444855976","39.5444855976","39.5444855976"
"951","40.0553276849","40.0553276849","40.0553276849"
"952","35.5554744911","35.5554744911","35.5554744911"
"953","37.6610796666","37.6610796666","37.6610796666"
"954","42.7074114752","42.7074114752","42.7074114752"
"955","36.543563354","36.543563354","36.543563354"
"956","41.5951366651","41.5951366651","41.5951366651"
"957","33.896641078","33.896641078","33.896641078"
"958","40.6723761916","40.6723761916","40.6723761916"
"959","38.9073178411","38.9073178411","38.9073178411"
"960","35.2102750945","35.2102750945","35.2102750945"
"961","48.1378323698","48.1378323698","48.1378323698"
"962","40.5443988204","40.5443988204","40.5443988204"
"963","40.9456724584","40.9456724584","40.9456724584"
"964","49.8991775537","49.8991775537","49.8991775537"
"965","35.0133092797","35.0133092797","35.0133092797"
"966","43.5274416852","43.5274416852","43.5274416852"
"967","38.1445920396","38.1445920396","38.1445920396"
"968","45.5017685461","45.5017685461","45.5017685461"
"969","56.0365636826","56.0365636826","56.0365636826"
"970","45.5256787848","45.5256787848","45.5256787848"
"971","38.8570000458","38.8570000458","38.8570000458"
"972","40.5614673471","40.5614673471","40.5614673471"
"973","45.6049278414","45.6049278414","45.6049278414"
"974","41.1775084305","41.1775084305","41.1775084305"
"975","40.3679375076","40.3679375076","40.3679375076"
"976","44.2894938135","44.2894938135","44.2894938135"
"977","36.3235507631","36.3235507631","36.3235507631"
"978","35.5822582889","35.5822582889","35.5822582889"
"979","38.7007232189","38.7007232189","38.7007232189"
"980","38.6718641162","38.6718641162","38.6718641162"
"981","30.3208931422","30.3208931422","30.3208931422"
"982","41.1921204519","41.1921204519","41.1921204519"
"983","45.9559538078","45.9559538078","45.9559538078"
"984","39.2209836054","39.2209836054","39.2209836054"
"985","49.2698338985","49.2698338985","49.2698338985"
"986","47.3302839541","47.3302839541","47.3302839541"
"987","41.4137768269","41.4137768269","41.4137768269"
"988","43.8727425933","43.8727425933","43.8727425933"
"989","47.7169168615","47.7169168615","47.7169168615"
"990","47.4995758295","47.4995758295","47.4995758295"
"991","46.7540896434","46.7540896434","46.7540896434"
"992","44.9122399068","44.9122399068","44.9122399068"
"993","33.1478121996","33.1478121996","33.1478121996"
"994","44.6412215686","44.6412215686","44.6412215686"
"995","44.968191241","44.968191241","44.968191241"
"996","38.8297503805","38.8297503805","38.8297503805"
"997","30.1270395613","30.1270395613","30.1270395613"
"998","47.8423986077","47.8423986077","47.8423986077"
"999","42.886265192","42.886265192","42.886265192"