"Step","DDPG_short_test_track_pixel - loss_critic","DDPG_short_test_track_pixel - loss_critic__MIN","DDPG_short_test_track_pixel - loss_critic__MAX"
"0","0.0000537525","0.0000537525","0.0000537525"
"1","0.0000066336","0.0000066336","0.0000066336"
"2","0.0000069982","0.0000069982","0.0000069982"
"3","0.0000058962","0.0000058962","0.0000058962"
"4","0.0000318789","0.0000318789","0.0000318789"
"5","0.0000122922","0.0000122922","0.0000122922"
"6","0.0000242163","0.0000242163","0.0000242163"
"7","0.0000138071","0.0000138071","0.0000138071"
"8","0.000025096","0.000025096","0.000025096"
"9","0.0000561392","0.0000561392","0.0000561392"
"10","0.0000430577","0.0000430577","0.0000430577"
"11","0.0000206341","0.0000206341","0.0000206341"
"12","0.0000330106","0.0000330106","0.0000330106"
"13","0.0000436737","0.0000436737","0.0000436737"
"14","0.0000761687","0.0000761687","0.0000761687"
"15","0.0000835691","0.0000835691","0.0000835691"
"16","0.0000615615","0.0000615615","0.0000615615"
"17","0.0000560062","0.0000560062","0.0000560062"
"18","0.0000754226","0.0000754226","0.0000754226"
"19","0.0001156238","0.0001156238","0.0001156238"
"20","0.0000783822","0.0000783822","0.0000783822"
"21","0.0001097228","0.0001097228","0.0001097228"
"22","0.0000859905","0.0000859905","0.0000859905"
"23","0.0000984024","0.0000984024","0.0000984024"
"24","0.0001037144","0.0001037144","0.0001037144"
"25","0.0000870963","0.0000870963","0.0000870963"
"26","0.0000933487","0.0000933487","0.0000933487"
"27","0.0001864824","0.0001864824","0.0001864824"
"28","0.0001076261","0.0001076261","0.0001076261"
"29","0.0001529241","0.0001529241","0.0001529241"
"30","0.0001197766","0.0001197766","0.0001197766"
"31","0.0001179665","0.0001179665","0.0001179665"
"32","0.0001928667","0.0001928667","0.0001928667"
"33","0.0001450511","0.0001450511","0.0001450511"
"34","0.0002041694","0.0002041694","0.0002041694"
"35","0.0001567091","0.0001567091","0.0001567091"
"36","0.0002121502","0.0002121502","0.0002121502"
"37","0.0002241984","0.0002241984","0.0002241984"
"38","0.0002506846","0.0002506846","0.0002506846"
"39","0.0002678519","0.0002678519","0.0002678519"
"40","0.0002059089","0.0002059089","0.0002059089"
"41","0.0002389602","0.0002389602","0.0002389602"
"42","0.0002212192","0.0002212192","0.0002212192"
"43","0.0002270276","0.0002270276","0.0002270276"
"44","0.0002979728","0.0002979728","0.0002979728"
"45","0.0002136513","0.0002136513","0.0002136513"
"46","0.0002048281","0.0002048281","0.0002048281"
"47","0.0002063317","0.0002063317","0.0002063317"
"48","0.0002492284","0.0002492284","0.0002492284"
"49","0.0002257241","0.0002257241","0.0002257241"
"50","0.0003293265","0.0003293265","0.0003293265"
"51","0.0002775631","0.0002775631","0.0002775631"
"52","0.0003712568","0.0003712568","0.0003712568"
"53","0.0002945708","0.0002945708","0.0002945708"
"54","0.000238545","0.000238545","0.000238545"
"55","0.0002661441","0.0002661441","0.0002661441"
"56","0.0003041404","0.0003041404","0.0003041404"
"57","0.0002828366","0.0002828366","0.0002828366"
"58","0.0003343123","0.0003343123","0.0003343123"
"59","0.0002938467","0.0002938467","0.0002938467"
"60","0.0003193622","0.0003193622","0.0003193622"
"61","0.0002848004","0.0002848004","0.0002848004"
"62","0.0003515989","0.0003515989","0.0003515989"
"63","0.0002829968","0.0002829968","0.0002829968"
"64","0.0003172051","0.0003172051","0.0003172051"
"65","0.0003934346","0.0003934346","0.0003934346"
"66","0.0003497955","0.0003497955","0.0003497955"
"67","0.0003600239","0.0003600239","0.0003600239"
"68","0.0003288361","0.0003288361","0.0003288361"
"69","0.0004390818","0.0004390818","0.0004390818"
"70","0.0004063955","0.0004063955","0.0004063955"
"71","0.0003174184","0.0003174184","0.0003174184"
"72","0.0003607728","0.0003607728","0.0003607728"
"73","0.0003846598","0.0003846598","0.0003846598"
"74","0.0003788351","0.0003788351","0.0003788351"
"75","0.0003131511","0.0003131511","0.0003131511"
"76","0.0003528345","0.0003528345","0.0003528345"
"77","0.0004068151","0.0004068151","0.0004068151"
"78","0.0003373031","0.0003373031","0.0003373031"
"79","0.0003321891","0.0003321891","0.0003321891"
"80","0.0003992307","0.0003992307","0.0003992307"
"81","0.0003635689","0.0003635689","0.0003635689"
"82","0.0004313365","0.0004313365","0.0004313365"
"83","0.0003523331","0.0003523331","0.0003523331"
"84","0.0003580455","0.0003580455","0.0003580455"
"85","0.000433977","0.000433977","0.000433977"
"86","0.0003357757","0.0003357757","0.0003357757"
"87","0.0004140609","0.0004140609","0.0004140609"
"88","0.0004400099","0.0004400099","0.0004400099"
"89","0.0003985804","0.0003985804","0.0003985804"
"90","0.00035272","0.00035272","0.00035272"
"91","0.0004445332","0.0004445332","0.0004445332"
"92","0.0004475214","0.0004475214","0.0004475214"
"93","0.0004527269","0.0004527269","0.0004527269"
"94","0.0003256603","0.0003256603","0.0003256603"
"95","0.0006509775","0.0006509775","0.0006509775"
"96","0.0003819261","0.0003819261","0.0003819261"
"97","0.0005008888","0.0005008888","0.0005008888"
"98","0.0004087789","0.0004087789","0.0004087789"
"99","0.000372475","0.000372475","0.000372475"
"100","0.0003819411","0.0003819411","0.0003819411"
"101","0.0004390779","0.0004390779","0.0004390779"
"102","0.0003924353","0.0003924353","0.0003924353"
"103","0.0004346091","0.0004346091","0.0004346091"
"104","0.0003339456","0.0003339456","0.0003339456"
"105","0.0002911155","0.0002911155","0.0002911155"
"106","0.0003518697","0.0003518697","0.0003518697"
"107","0.0005569647","0.0005569647","0.0005569647"
"108","0.000582389","0.000582389","0.000582389"
"109","0.0004399539","0.0004399539","0.0004399539"
"110","0.0003809432","0.0003809432","0.0003809432"
"111","0.0004289194","0.0004289194","0.0004289194"
"112","0.0004035282","0.0004035282","0.0004035282"
"113","0.0006449469","0.0006449469","0.0006449469"
"114","0.000445801","0.000445801","0.000445801"
"115","0.0004415926","0.0004415926","0.0004415926"
"116","0.0004312373","0.0004312373","0.0004312373"
"117","0.0004273825","0.0004273825","0.0004273825"
"118","0.0005059444","0.0005059444","0.0005059444"
"119","0.0006183225","0.0006183225","0.0006183225"
"120","0.0005350519","0.0005350519","0.0005350519"
"121","0.0005091638","0.0005091638","0.0005091638"
"122","0.0004793061","0.0004793061","0.0004793061"
"123","0.000569393","0.000569393","0.000569393"
"124","0.0005628624","0.0005628624","0.0005628624"
"125","0.0007592016","0.0007592016","0.0007592016"
"126","0.0008162725","0.0008162725","0.0008162725"
"127","0.0006662922","0.0006662922","0.0006662922"
"128","0.0008781225","0.0008781225","0.0008781225"
"129","0.0006726638","0.0006726638","0.0006726638"
"130","0.0007778808","0.0007778808","0.0007778808"
"131","0.0007312034","0.0007312034","0.0007312034"
"132","0.0006330084","0.0006330084","0.0006330084"
"133","0.0006755748","0.0006755748","0.0006755748"
"134","0.0007528569","0.0007528569","0.0007528569"
"135","0.0008296345","0.0008296345","0.0008296345"
"136","0.0008487725","0.0008487725","0.0008487725"
"137","0.0006916356","0.0006916356","0.0006916356"
"138","0.0008636612","0.0008636612","0.0008636612"
"139","0.0008751223","0.0008751223","0.0008751223"
"140","0.0008175017","0.0008175017","0.0008175017"
"141","0.0007947138","0.0007947138","0.0007947138"
"142","0.0008012961","0.0008012961","0.0008012961"
"143","0.0007764149","0.0007764149","0.0007764149"
"144","0.0008065555","0.0008065555","0.0008065555"
"145","0.0008083888","0.0008083888","0.0008083888"
"146","0.0014041881","0.0014041881","0.0014041881"
"147","0.0013257237","0.0013257237","0.0013257237"
"148","0.0007760464","0.0007760464","0.0007760464"
"149","0.000850092","0.000850092","0.000850092"
"150","0.0007493496","0.0007493496","0.0007493496"
"151","0.0007204118","0.0007204118","0.0007204118"
"152","0.000733616","0.000733616","0.000733616"
"153","0.0006953833","0.0006953833","0.0006953833"
"154","0.0008348291","0.0008348291","0.0008348291"
"155","0.0008942049","0.0008942049","0.0008942049"
"156","0.0007755281","0.0007755281","0.0007755281"
"157","0.0009415584","0.0009415584","0.0009415584"
"158","0.0007850862","0.0007850862","0.0007850862"
"159","0.0008316262","0.0008316262","0.0008316262"
"160","0.0007880872","0.0007880872","0.0007880872"
"161","0.0008344981","0.0008344981","0.0008344981"
"162","0.0014853318","0.0014853318","0.0014853318"
"163","0.000972006","0.000972006","0.000972006"
"164","0.0009575786","0.0009575786","0.0009575786"
"165","0.0008612756","0.0008612756","0.0008612756"
"166","0.001302535","0.001302535","0.001302535"
"167","0.0017381418","0.0017381418","0.0017381418"
"168","0.0008211059","0.0008211059","0.0008211059"
"169","0.0008181433","0.0008181433","0.0008181433"
"170","0.0008791818","0.0008791818","0.0008791818"
"171","0.0009232412","0.0009232412","0.0009232412"
"172","0.0008246447","0.0008246447","0.0008246447"
"173","0.0009632349","0.0009632349","0.0009632349"
"174","0.0008784864","0.0008784864","0.0008784864"
"175","0.0008185682","0.0008185682","0.0008185682"
"176","0.000805191","0.000805191","0.000805191"
"177","0.0008717463","0.0008717463","0.0008717463"
"178","0.0009221354","0.0009221354","0.0009221354"
"179","0.0007842016","0.0007842016","0.0007842016"
"180","0.0009691893","0.0009691893","0.0009691893"
"181","0.0010392481","0.0010392481","0.0010392481"
"182","0.0010178223","0.0010178223","0.0010178223"
"183","0.000978888","0.000978888","0.000978888"
"184","0.0009289765","0.0009289765","0.0009289765"
"185","0.0017271971","0.0017271971","0.0017271971"
"186","0.0011043858","0.0011043858","0.0011043858"
"187","0.0009821651","0.0009821651","0.0009821651"
"188","0.0010432768","0.0010432768","0.0010432768"
"189","0.0009267723","0.0009267723","0.0009267723"
"190","0.0012568701","0.0012568701","0.0012568701"
"191","0.0010098277","0.0010098277","0.0010098277"
"192","0.0010609341","0.0010609341","0.0010609341"
"193","0.001194817","0.001194817","0.001194817"
"194","0.0010933652","0.0010933652","0.0010933652"
"195","0.0010034917","0.0010034917","0.0010034917"
"196","0.0010968719","0.0010968719","0.0010968719"
"197","0.0010733261","0.0010733261","0.0010733261"
"198","0.0011658509","0.0011658509","0.0011658509"
"199","0.0010563629","0.0010563629","0.0010563629"
"200","0.0010612204","0.0010612204","0.0010612204"
"201","0.0010055966","0.0010055966","0.0010055966"
"202","0.0011637183","0.0011637183","0.0011637183"
"203","0.000993364","0.000993364","0.000993364"
"204","0.0009444014","0.0009444014","0.0009444014"
"205","0.001077275","0.001077275","0.001077275"
"206","0.0009969475","0.0009969475","0.0009969475"
"207","0.0011221376","0.0011221376","0.0011221376"
"208","0.0021562787","0.0021562787","0.0021562787"
"209","0.0011830428","0.0011830428","0.0011830428"
"210","0.0048314983","0.0048314983","0.0048314983"
"211","0.0030586879","0.0030586879","0.0030586879"
"212","0.001734617","0.001734617","0.001734617"
"213","0.0014493438","0.0014493438","0.0014493438"
"214","0.0015525793","0.0015525793","0.0015525793"
"215","0.0011532116","0.0011532116","0.0011532116"
"216","0.0010479147","0.0010479147","0.0010479147"
"217","0.0011203403","0.0011203403","0.0011203403"
"218","0.0015162018","0.0015162018","0.0015162018"
"219","0.0011996712","0.0011996712","0.0011996712"
"220","0.0012381281","0.0012381281","0.0012381281"
"221","0.0017351802","0.0017351802","0.0017351802"
"222","0.0013892914","0.0013892914","0.0013892914"
"223","0.0013006868","0.0013006868","0.0013006868"
"224","0.0015195185","0.0015195185","0.0015195185"
"225","0.0014603558","0.0014603558","0.0014603558"
"226","0.0014529496","0.0014529496","0.0014529496"
"227","0.0016200612","0.0016200612","0.0016200612"
"228","0.0026447328","0.0026447328","0.0026447328"
"229","0.0020960507","0.0020960507","0.0020960507"
"230","0.0015982037","0.0015982037","0.0015982037"
"231","0.0016117053","0.0016117053","0.0016117053"
"232","0.0018781663","0.0018781663","0.0018781663"
"233","0.0015031699","0.0015031699","0.0015031699"
"234","0.0022118237","0.0022118237","0.0022118237"
"235","0.0017504556","0.0017504556","0.0017504556"
"236","0.0020989531","0.0020989531","0.0020989531"
"237","0.0018094641","0.0018094641","0.0018094641"
"238","0.0016784794","0.0016784794","0.0016784794"
"239","0.0015893807","0.0015893807","0.0015893807"
"240","0.0017056665","0.0017056665","0.0017056665"
"241","0.0017251947","0.0017251947","0.0017251947"
"242","0.0020473006","0.0020473006","0.0020473006"
"243","0.0018767997","0.0018767997","0.0018767997"
"244","0.0020337212","0.0020337212","0.0020337212"
"245","0.0020632711","0.0020632711","0.0020632711"
"246","0.0020624987","0.0020624987","0.0020624987"
"247","0.0021369591","0.0021369591","0.0021369591"
"248","0.002068401","0.002068401","0.002068401"
"249","0.0020404056","0.0020404056","0.0020404056"
"250","0.0025679236","0.0025679236","0.0025679236"
"251","0.0024709024","0.0024709024","0.0024709024"
"252","0.0023593653","0.0023593653","0.0023593653"
"253","0.0022960011","0.0022960011","0.0022960011"
"254","0.0029855763","0.0029855763","0.0029855763"
"255","0.0024013799","0.0024013799","0.0024013799"
"256","0.0023629554","0.0023629554","0.0023629554"
"257","0.0026889089","0.0026889089","0.0026889089"
"258","0.0030745612","0.0030745612","0.0030745612"
"259","0.0029568087","0.0029568087","0.0029568087"
"260","0.0025817496","0.0025817496","0.0025817496"
"261","0.0026954895","0.0026954895","0.0026954895"
"262","0.0025604382","0.0025604382","0.0025604382"
"263","0.0029387204","0.0029387204","0.0029387204"
"264","0.0027856075","0.0027856075","0.0027856075"
"265","0.0040641182","0.0040641182","0.0040641182"
"266","0.0035952247","0.0035952247","0.0035952247"
"267","0.0031475641","0.0031475641","0.0031475641"
"268","0.0034246835","0.0034246835","0.0034246835"
"269","0.003009778","0.003009778","0.003009778"
"270","0.0029737354","0.0029737354","0.0029737354"
"271","0.0044676197","0.0044676197","0.0044676197"
"272","0.0039925133","0.0039925133","0.0039925133"
"273","0.003366592","0.003366592","0.003366592"
"274","0.0036635445","0.0036635445","0.0036635445"
"275","0.0031280759","0.0031280759","0.0031280759"
"276","0.0040018853","0.0040018853","0.0040018853"
"277","0.0046786609","0.0046786609","0.0046786609"
"278","0.003645399","0.003645399","0.003645399"
"279","0.005446087","0.005446087","0.005446087"
"280","0.0049140384","0.0049140384","0.0049140384"
"281","0.0051978343","0.0051978343","0.0051978343"
"282","0.0048361289","0.0048361289","0.0048361289"
"283","0.0056256126","0.0056256126","0.0056256126"
"284","0.0055730055","0.0055730055","0.0055730055"
"285","0.0056307314","0.0056307314","0.0056307314"
"286","0.0092575877","0.0092575877","0.0092575877"
"287","0.0071063993","0.0071063993","0.0071063993"
"288","0.0074230551","0.0074230551","0.0074230551"
"289","0.0061629311","0.0061629311","0.0061629311"
"290","0.0063794687","0.0063794687","0.0063794687"
"291","0.0080745881","0.0080745881","0.0080745881"
"292","0.0087387461","0.0087387461","0.0087387461"
"293","0.0101436772","0.0101436772","0.0101436772"
"294","0.0078880991","0.0078880991","0.0078880991"
"295","0.0106855643","0.0106855643","0.0106855643"
"296","0.0108637209","0.0108637209","0.0108637209"
"297","0.0139093138","0.0139093138","0.0139093138"
"298","0.0107822095","0.0107822095","0.0107822095"
"299","0.0149033125","0.0149033125","0.0149033125"
"300","0.0149253129","0.0149253129","0.0149253129"
"301","0.0141349071","0.0141349071","0.0141349071"
"302","0.0138294633","0.0138294633","0.0138294633"
"303","0.0143060863","0.0143060863","0.0143060863"
"304","0.0214073566","0.0214073566","0.0214073566"
"305","0.0159419034","0.0159419034","0.0159419034"
"306","0.0155574549","0.0155574549","0.0155574549"
"307","0.018300038","0.018300038","0.018300038"
"308","0.0179165191","0.0179165191","0.0179165191"
"309","0.029796396","0.029796396","0.029796396"
"310","0.0211448919","0.0211448919","0.0211448919"
"311","0.0225634897","0.0225634897","0.0225634897"
"312","0.0204309112","0.0204309112","0.0204309112"
"313","0.0277641931","0.0277641931","0.0277641931"
"314","0.022498127","0.022498127","0.022498127"
"315","0.0317776635","0.0317776635","0.0317776635"
"316","0.0304415235","0.0304415235","0.0304415235"
"317","0.0367800729","0.0367800729","0.0367800729"
"318","0.0339201921","0.0339201921","0.0339201921"
"319","0.0323361224","0.0323361224","0.0323361224"
"320","0.0335743205","0.0335743205","0.0335743205"
"321","0.0355250796","0.0355250796","0.0355250796"
"322","0.0466066771","0.0466066771","0.0466066771"
"323","0.0540996499","0.0540996499","0.0540996499"
"324","0.0458691989","0.0458691989","0.0458691989"
"325","0.0395843529","0.0395843529","0.0395843529"
"326","0.0378073573","0.0378073573","0.0378073573"
"327","0.0424624665","0.0424624665","0.0424624665"
"328","0.0590018148","0.0590018148","0.0590018148"
"329","0.0400736103","0.0400736103","0.0400736103"
"330","0.0412985273","0.0412985273","0.0412985273"
"331","0.0692468574","0.0692468574","0.0692468574"
"332","0.0590965433","0.0590965433","0.0590965433"
"333","0.055377102","0.055377102","0.055377102"
"334","0.0574365014","0.0574365014","0.0574365014"
"335","0.0738109268","0.0738109268","0.0738109268"
"336","0.0886524884","0.0886524884","0.0886524884"
"337","0.1173251252","0.1173251252","0.1173251252"
"338","0.1082802527","0.1082802527","0.1082802527"
"339","0.0843731386","0.0843731386","0.0843731386"
"340","0.0610454434","0.0610454434","0.0610454434"
"341","0.0907267184","0.0907267184","0.0907267184"
"342","0.1337215173","0.1337215173","0.1337215173"
"343","0.1157033704","0.1157033704","0.1157033704"
"344","0.1075219355","0.1075219355","0.1075219355"
"345","0.1058293609","0.1058293609","0.1058293609"
"346","0.0991139708","0.0991139708","0.0991139708"
"347","0.1681519412","0.1681519412","0.1681519412"
"348","0.2116701582","0.2116701582","0.2116701582"
"349","0.1376297484","0.1376297484","0.1376297484"
"350","0.1019183156","0.1019183156","0.1019183156"
"351","0.1499974096","0.1499974096","0.1499974096"
"352","0.2034948583","0.2034948583","0.2034948583"
"353","0.3487519824","0.3487519824","0.3487519824"
"354","0.1792744454","0.1792744454","0.1792744454"
"355","0.184193627","0.184193627","0.184193627"
"356","0.1908409469","0.1908409469","0.1908409469"
"357","0.1939757444","0.1939757444","0.1939757444"
"358","0.2318964136","0.2318964136","0.2318964136"
"359","0.2943312708","0.2943312708","0.2943312708"
"360","0.2088804377","0.2088804377","0.2088804377"
"361","0.1718239952","0.1718239952","0.1718239952"
"362","0.2035821864","0.2035821864","0.2035821864"
"363","0.2718225669","0.2718225669","0.2718225669"
"364","0.2501655824","0.2501655824","0.2501655824"
"365","0.2626813579","0.2626813579","0.2626813579"
"366","0.3227905834","0.3227905834","0.3227905834"
"367","0.2629372585","0.2629372585","0.2629372585"
"368","0.2203215709","0.2203215709","0.2203215709"
"369","0.2865817421","0.2865817421","0.2865817421"
"370","0.3150842887","0.3150842887","0.3150842887"
"371","0.2738149326","0.2738149326","0.2738149326"
"372","0.4611287612","0.4611287612","0.4611287612"
"373","0.4411614174","0.4411614174","0.4411614174"
"374","0.3533264577","0.3533264577","0.3533264577"
"375","0.3977837586","0.3977837586","0.3977837586"
"376","0.4080103419","0.4080103419","0.4080103419"
"377","0.3853014719","0.3853014719","0.3853014719"
"378","0.8674831885","0.8674831885","0.8674831885"
"379","0.5741100446","0.5741100446","0.5741100446"
"380","0.5155817171","0.5155817171","0.5155817171"
"381","0.5688081536","0.5688081536","0.5688081536"
"382","0.4873497474","0.4873497474","0.4873497474"
"383","0.6483088469","0.6483088469","0.6483088469"
"384","0.4931526937","0.4931526937","0.4931526937"
"385","0.5231134675","0.5231134675","0.5231134675"
"386","0.8369248455","0.8369248455","0.8369248455"
"387","0.6583346622","0.6583346622","0.6583346622"
"388","0.633462443","0.633462443","0.633462443"
"389","1.2309302969","1.2309302969","1.2309302969"
"390","0.854865281","0.854865281","0.854865281"
"391","0.7569908568","0.7569908568","0.7569908568"
"392","0.8045047966","0.8045047966","0.8045047966"
"393","0.6764239425","0.6764239425","0.6764239425"
"394","0.9408693025","0.9408693025","0.9408693025"
"395","0.9416699761","0.9416699761","0.9416699761"
"396","1.004971135","1.004971135","1.004971135"
"397","1.1882246866","1.1882246866","1.1882246866"
"398","1.1099603657","1.1099603657","1.1099603657"
"399","1.2199037199","1.2199037199","1.2199037199"
"400","1.0782890245","1.0782890245","1.0782890245"
"401","0.9779277626","0.9779277626","0.9779277626"
"402","1.1591147945","1.1591147945","1.1591147945"
"403","1.3681981164","1.3681981164","1.3681981164"
"404","0.953576125","0.953576125","0.953576125"
"405","1.1979432508","1.1979432508","1.1979432508"
"406","1.6841172127","1.6841172127","1.6841172127"
"407","1.4595872916","1.4595872916","1.4595872916"
"408","1.2368611283","1.2368611283","1.2368611283"
"409","1.5152395988","1.5152395988","1.5152395988"
"410","2.1414682102","2.1414682102","2.1414682102"
"411","2.0412241488","2.0412241488","2.0412241488"
"412","1.4562953582","1.4562953582","1.4562953582"
"413","1.2962015774","1.2962015774","1.2962015774"
"414","1.3468337618","1.3468337618","1.3468337618"
"415","2.2011803973","2.2011803973","2.2011803973"
"416","1.9669766298","1.9669766298","1.9669766298"
"417","1.7662418583","1.7662418583","1.7662418583"
"418","1.9044621757","1.9044621757","1.9044621757"
"419","2.3878643562","2.3878643562","2.3878643562"
"420","1.9360983232","1.9360983232","1.9360983232"
"421","1.8487709469","1.8487709469","1.8487709469"
"422","1.8398732916","1.8398732916","1.8398732916"
"423","1.751370621","1.751370621","1.751370621"
"424","1.8602066265","1.8602066265","1.8602066265"
"425","3.3458221896","3.3458221896","3.3458221896"
"426","2.0710075605","2.0710075605","2.0710075605"
"427","2.3930754545","2.3930754545","2.3930754545"
"428","2.1146943213","2.1146943213","2.1146943213"
"429","1.8584919868","1.8584919868","1.8584919868"
"430","2.2284902632","2.2284902632","2.2284902632"
"431","2.5723415421","2.5723415421","2.5723415421"
"432","2.7431048134","2.7431048134","2.7431048134"
"433","3.656791355","3.656791355","3.656791355"
"434","5.1560718447","5.1560718447","5.1560718447"
"435","3.3113534912","3.3113534912","3.3113534912"
"436","3.0651137695","3.0651137695","3.0651137695"
"437","2.7262085886","2.7262085886","2.7262085886"
"438","2.8513303105","2.8513303105","2.8513303105"
"439","3.7871021433","3.7871021433","3.7871021433"
"440","4.7315149067","4.7315149067","4.7315149067"
"441","2.9059979929","2.9059979929","2.9059979929"
"442","6.402212463","6.402212463","6.402212463"
"443","10.623015039","10.623015039","10.623015039"
"444","4.72076749","4.72076749","4.72076749"
"445","4.314619216","4.314619216","4.314619216"
"446","4.4733359015","4.4733359015","4.4733359015"
"447","9.0629691935","9.0629691935","9.0629691935"
"448","4.9709383383","4.9709383383","4.9709383383"
"449","4.1718891364","4.1718891364","4.1718891364"
"450","4.2369469896","4.2369469896","4.2369469896"
"451","4.5142384611","4.5142384611","4.5142384611"
"452","6.0937255909","6.0937255909","6.0937255909"
"453","5.4253718507","5.4253718507","5.4253718507"
"454","8.5393374753","8.5393374753","8.5393374753"
"455","6.4563007593","6.4563007593","6.4563007593"
"456","5.3359646955","5.3359646955","5.3359646955"
"457","6.7888688967","6.7888688967","6.7888688967"
"458","3.9775469643","3.9775469643","3.9775469643"
"459","6.0829301113","6.0829301113","6.0829301113"
"460","3.4460220358","3.4460220358","3.4460220358"
"461","7.1633038196","7.1633038196","7.1633038196"
"462","10.4502162302","10.4502162302","10.4502162302"
"463","9.6417009223","9.6417009223","9.6417009223"
"464","10.1216728178","10.1216728178","10.1216728178"
"465","12.5969782153","12.5969782153","12.5969782153"
"466","20.5633101213","20.5633101213","20.5633101213"
"467","12.1638337916","12.1638337916","12.1638337916"
"468","10.3637759963","10.3637759963","10.3637759963"
"469","14.6888175023","14.6888175023","14.6888175023"
"470","9.9685062939","9.9685062939","9.9685062939"
"471","7.9156079155","7.9156079155","7.9156079155"
"472","10.1810620925","10.1810620925","10.1810620925"
"473","11.0708313793","11.0708313793","11.0708313793"
"474","9.8401688355","9.8401688355","9.8401688355"
"475","16.8945804441","16.8945804441","16.8945804441"
"476","13.9066624242","13.9066624242","13.9066624242"
"477","13.0477840838","13.0477840838","13.0477840838"
"478","11.1556623536","11.1556623536","11.1556623536"
"479","9.489536882","9.489536882","9.489536882"
"480","13.6738880897","13.6738880897","13.6738880897"
"481","13.0061086577","13.0061086577","13.0061086577"
"482","19.7303763211","19.7303763211","19.7303763211"
"483","19.94659922","19.94659922","19.94659922"
"484","12.6381817919","12.6381817919","12.6381817919"
"485","11.5236029392","11.5236029392","11.5236029392"
"486","21.6335707402","21.6335707402","21.6335707402"
"487","17.659119885","17.659119885","17.659119885"
"488","18.5975294578","18.5975294578","18.5975294578"
"489","23.7354965091","23.7354965091","23.7354965091"
"490","22.1610959613","22.1610959613","22.1610959613"
"491","23.4544055659","23.4544055659","23.4544055659"
"492","13.8273278177","13.8273278177","13.8273278177"
"493","24.0880845296","24.0880845296","24.0880845296"
"494","37.9391588199","37.9391588199","37.9391588199"
"495","27.0447284389","27.0447284389","27.0447284389"
"496","30.1949650854","30.1949650854","30.1949650854"
"497","20.6988527218","20.6988527218","20.6988527218"
"498","24.280800426","24.280800426","24.280800426"
"499","20.765665518","20.765665518","20.765665518"
"500","28.0186165965","28.0186165965","28.0186165965"
"501","23.5010988438","23.5010988438","23.5010988438"
"502","42.6762109482","42.6762109482","42.6762109482"
"503","30.0591065109","30.0591065109","30.0591065109"
"504","31.1445554781","31.1445554781","31.1445554781"
"505","31.071056757","31.071056757","31.071056757"
"506","24.3072307777","24.3072307777","24.3072307777"
"507","36.5150980103","36.5150980103","36.5150980103"
"508","32.7591969192","32.7591969192","32.7591969192"
"509","31.1929620004","31.1929620004","31.1929620004"
"510","30.9416975737","30.9416975737","30.9416975737"
"511","44.0207531297","44.0207531297","44.0207531297"
"512","44.1412397671","44.1412397671","44.1412397671"
"513","34.2898101664","34.2898101664","34.2898101664"
"514","42.4661588508","42.4661588508","42.4661588508"
"515","34.6513343644","34.6513343644","34.6513343644"
"516","34.0640394962","34.0640394962","34.0640394962"
"517","35.1679821515","35.1679821515","35.1679821515"
"518","40.9672530532","40.9672530532","40.9672530532"
"519","63.8218014145","63.8218014145","63.8218014145"
"520","82.9215192044","82.9215192044","82.9215192044"
"521","51.2503012061","51.2503012061","51.2503012061"
"522","46.2038818359","46.2038818359","46.2038818359"
"523","49.2727504504","49.2727504504","49.2727504504"
"524","54.6425624883","54.6425624883","54.6425624883"
"525","51.972523613","51.972523613","51.972523613"
"526","35.6359705639","35.6359705639","35.6359705639"
"527","55.5559059536","55.5559059536","55.5559059536"
"528","57.9399779344","57.9399779344","57.9399779344"
"529","45.6942894268","45.6942894268","45.6942894268"
"530","58.069447794","58.069447794","58.069447794"
"531","47.3519691873","47.3519691873","47.3519691873"
"532","42.5130444908","42.5130444908","42.5130444908"
"533","75.1826860833","75.1826860833","75.1826860833"
"534","53.8494415116","53.8494415116","53.8494415116"
"535","48.516688087","48.516688087","48.516688087"
"536","38.1297864485","38.1297864485","38.1297864485"
"537","67.7816964436","67.7816964436","67.7816964436"
"538","74.1242764306","74.1242764306","74.1242764306"
"539","67.9700296736","67.9700296736","67.9700296736"
"540","56.1044477844","56.1044477844","56.1044477844"
"541","56.679968183","56.679968183","56.679968183"
"542","79.7545907831","79.7545907831","79.7545907831"
"543","96.7189482379","96.7189482379","96.7189482379"
"544","115.7588013458","115.7588013458","115.7588013458"
"545","78.0502970386","78.0502970386","78.0502970386"
"546","62.8758097744","62.8758097744","62.8758097744"
"547","55.6472315955","55.6472315955","55.6472315955"
"548","83.5109774399","83.5109774399","83.5109774399"
"549","65.3564751863","65.3564751863","65.3564751863"
"550","74.7784675288","74.7784675288","74.7784675288"
"551","130.234559021","130.234559021","130.234559021"
"552","78.8233084679","78.8233084679","78.8233084679"
"553","107.546241827","107.546241827","107.546241827"
"554","89.1777411938","89.1777411938","89.1777411938"
"555","66.6516779304","66.6516779304","66.6516779304"
"556","80.6543769884","80.6543769884","80.6543769884"
"557","82.8848547363","82.8848547363","82.8848547363"
"558","92.4621284533","92.4621284533","92.4621284533"
"559","100.2811885214","100.2811885214","100.2811885214"
"560","104.8598298264","104.8598298264","104.8598298264"
"561","79.955718646","79.955718646","79.955718646"
"562","74.1338263965","74.1338263965","74.1338263965"
"563","87.8902451229","87.8902451229","87.8902451229"
"564","111.8537671518","111.8537671518","111.8537671518"
"565","110.6297344065","110.6297344065","110.6297344065"
"566","114.3552679729","114.3552679729","114.3552679729"
"567","117.2148470592","117.2148470592","117.2148470592"
"568","105.7323559284","105.7323559284","105.7323559284"
"569","94.1858915091","94.1858915091","94.1858915091"
"570","125.9404962969","125.9404962969","125.9404962969"
"571","129.9790498352","129.9790498352","129.9790498352"
"572","202.3057348919","202.3057348919","202.3057348919"
"573","121.470753088","121.470753088","121.470753088"
"574","153.9329238605","153.9329238605","153.9329238605"
"575","111.8730731583","111.8730731583","111.8730731583"
"576","116.1624961281","116.1624961281","116.1624961281"
"577","116.9316087246","116.9316087246","116.9316087246"
"578","123.9746405411","123.9746405411","123.9746405411"
"579","135.9536180115","135.9536180115","135.9536180115"
"580","109.9520403171","109.9520403171","109.9520403171"
"581","134.5412726021","134.5412726021","134.5412726021"
"582","105.7814261723","105.7814261723","105.7814261723"
"583","125.9804131079","125.9804131079","125.9804131079"
"584","167.7721882343","167.7721882343","167.7721882343"
"585","98.4199802017","98.4199802017","98.4199802017"
"586","125.9339182281","125.9339182281","125.9339182281"
"587","114.668810463","114.668810463","114.668810463"
"588","166.3678084183","166.3678084183","166.3678084183"
"589","189.3657009983","189.3657009983","189.3657009983"
"590","174.220046711","174.220046711","174.220046711"
"591","163.7339315557","163.7339315557","163.7339315557"
"592","115.1717394543","115.1717394543","115.1717394543"
"593","170.5403447676","170.5403447676","170.5403447676"
"594","140.6901332092","140.6901332092","140.6901332092"
"595","137.0145688677","137.0145688677","137.0145688677"
"596","162.7421424484","162.7421424484","162.7421424484"
"597","175.5478279686","175.5478279686","175.5478279686"
"598","227.9862626076","227.9862626076","227.9862626076"
"599","152.2519662857","152.2519662857","152.2519662857"
"600","178.8339983082","178.8339983082","178.8339983082"
"601","217.4194235134","217.4194235134","217.4194235134"
"602","203.2163070202","203.2163070202","203.2163070202"
"603","196.42421772","196.42421772","196.42421772"
"604","283.3321270943","283.3321270943","283.3321270943"
"605","285.1755223083","285.1755223083","285.1755223083"
"606","200.3081892776","200.3081892776","200.3081892776"
"607","259.6592588806","259.6592588806","259.6592588806"
"608","245.9975858498","245.9975858498","245.9975858498"
"609","197.0858415031","197.0858415031","197.0858415031"
"610","210.0149700737","210.0149700737","210.0149700737"
"611","185.2096976948","185.2096976948","185.2096976948"
"612","234.9414971542","234.9414971542","234.9414971542"
"613","367.8125190544","367.8125190544","367.8125190544"
"614","378.0513489342","378.0513489342","378.0513489342"
"615","302.3723135853","302.3723135853","302.3723135853"
"616","240.25483078","240.25483078","240.25483078"
"617","297.7549839497","297.7549839497","297.7549839497"
"618","327.1049529839","327.1049529839","327.1049529839"
"619","264.8127834892","264.8127834892","264.8127834892"
"620","241.6081262016","241.6081262016","241.6081262016"
"621","256.3284801865","256.3284801865","256.3284801865"
"622","271.2265292072","271.2265292072","271.2265292072"
"623","285.8082996559","285.8082996559","285.8082996559"
"624","359.3716160965","359.3716160965","359.3716160965"
"625","363.4759279633","363.4759279633","363.4759279633"
"626","318.0734897614","318.0734897614","318.0734897614"
"627","318.0064092827","318.0064092827","318.0064092827"
"628","323.9900956726","323.9900956726","323.9900956726"
"629","368.0066260529","368.0066260529","368.0066260529"
"630","392.0349037552","392.0349037552","392.0349037552"
"631","406.2394851685","406.2394851685","406.2394851685"
"632","394.4229827881","394.4229827881","394.4229827881"
"633","537.2061827469","537.2061827469","537.2061827469"
"634","370.8762053871","370.8762053871","370.8762053871"
"635","433.9194796371","433.9194796371","433.9194796371"
"636","449.1543024445","449.1543024445","449.1543024445"
"637","560.1845108414","560.1845108414","560.1845108414"
"638","445.7257306862","445.7257306862","445.7257306862"
"639","474.9268613052","474.9268613052","474.9268613052"
"640","423.8504008865","423.8504008865","423.8504008865"
"641","589.3312298203","589.3312298203","589.3312298203"
"642","527.5699414444","527.5699414444","527.5699414444"
"643","776.3000517654","776.3000517654","776.3000517654"
"644","839.19959198","839.19959198","839.19959198"
"645","668.9908162308","668.9908162308","668.9908162308"
"646","555.3452273178","555.3452273178","555.3452273178"
"647","560.3967194366","560.3967194366","560.3967194366"
"648","435.4500374603","435.4500374603","435.4500374603"
"649","643.4307271576","643.4307271576","643.4307271576"
"650","510.9333677292","510.9333677292","510.9333677292"
"651","570.5115634537","570.5115634537","570.5115634537"
"652","550.1295715332","550.1295715332","550.1295715332"
"653","447.3850186348","447.3850186348","447.3850186348"
"654","728.2594185638","728.2594185638","728.2594185638"
"655","756.178224144","756.178224144","756.178224144"
"656","685.157818737","685.157818737","685.157818737"
"657","751.6213050079","751.6213050079","751.6213050079"
"658","771.6213198853","771.6213198853","771.6213198853"
"659","659.5148917198","659.5148917198","659.5148917198"
"660","748.5545944405","748.5545944405","748.5545944405"
"661","595.4332904053","595.4332904053","595.4332904053"
"662","794.6362898636","794.6362898636","794.6362898636"
"663","911.1526751709","911.1526751709","911.1526751709"
"664","1063.2364377594","1063.2364377594","1063.2364377594"
"665","744.7932866669","744.7932866669","744.7932866669"
"666","775.6178780365","775.6178780365","775.6178780365"
"667","593.7924281693","593.7924281693","593.7924281693"
"668","828.7885690689","828.7885690689","828.7885690689"
"669","948.5768069458","948.5768069458","948.5768069458"
"670","818.40530159","818.40530159","818.40530159"
"671","916.5276484299","916.5276484299","916.5276484299"
"672","1184.6332968521","1184.6332968521","1184.6332968521"
"673","916.0081780243","916.0081780243","916.0081780243"
"674","1246.1853840637","1246.1853840637","1246.1853840637"
"675","1042.7793656921","1042.7793656921","1042.7793656921"
"676","930.1334810066","930.1334810066","930.1334810066"
"677","1012.859695282","1012.859695282","1012.859695282"
"678","1179.441774826","1179.441774826","1179.441774826"
"679","923.9958530426","923.9958530426","923.9958530426"
"680","1108.4426972961","1108.4426972961","1108.4426972961"
"681","1205.9461841202","1205.9461841202","1205.9461841202"
"682","986.2570431137","986.2570431137","986.2570431137"
"683","1029.9590704346","1029.9590704346","1029.9590704346"
"684","1031.917984848","1031.917984848","1031.917984848"
"685","1218.2849394989","1218.2849394989","1218.2849394989"
"686","1300.5717786407","1300.5717786407","1300.5717786407"
"687","1022.028165741","1022.028165741","1022.028165741"
"688","1157.3528962708","1157.3528962708","1157.3528962708"
"689","2425.0338489914","2425.0338489914","2425.0338489914"
"690","1798.4348664093","1798.4348664093","1798.4348664093"
"691","1672.8625247192","1672.8625247192","1672.8625247192"
"692","1778.3294356537","1778.3294356537","1778.3294356537"
"693","1683.5319019318","1683.5319019318","1683.5319019318"
"694","1342.3232228088","1342.3232228088","1342.3232228088"
"695","2246.8603083801","2246.8603083801","2246.8603083801"
"696","1473.6995033264","1473.6995033264","1473.6995033264"
"697","2059.9258332062","2059.9258332062","2059.9258332062"
"698","1554.7048408508","1554.7048408508","1554.7048408508"
"699","1831.3237312317","1831.3237312317","1831.3237312317"
"700","1397.2382476807","1397.2382476807","1397.2382476807"
"701","1533.8701077271","1533.8701077271","1533.8701077271"
"702","1728.6027244568","1728.6027244568","1728.6027244568"
"703","1638.7900450134","1638.7900450134","1638.7900450134"
"704","1432.3107226181","1432.3107226181","1432.3107226181"
"705","1523.6879655457","1523.6879655457","1523.6879655457"
"706","1534.4443278122","1534.4443278122","1534.4443278122"
"707","1410.789648819","1410.789648819","1410.789648819"
"708","1701.9422857666","1701.9422857666","1701.9422857666"
"709","1577.1492688179","1577.1492688179","1577.1492688179"
"710","1639.5245455933","1639.5245455933","1639.5245455933"
"711","1289.7452578735","1289.7452578735","1289.7452578735"
"712","1508.970247345","1508.970247345","1508.970247345"
"713","1557.8739988708","1557.8739988708","1557.8739988708"
"714","1803.4293829155","1803.4293829155","1803.4293829155"
"715","2122.5214495087","2122.5214495087","2122.5214495087"
"716","2100.0189322662","2100.0189322662","2100.0189322662"
"717","2362.0600498962","2362.0600498962","2362.0600498962"
"718","1706.270716629","1706.270716629","1706.270716629"
"719","1872.7200390625","1872.7200390625","1872.7200390625"
"720","1845.2185086823","1845.2185086823","1845.2185086823"
"721","3206.3461663055","3206.3461663055","3206.3461663055"
"722","2272.5346873474","2272.5346873474","2272.5346873474"
"723","2274.2211067963","2274.2211067963","2274.2211067963"
"724","1439.3092580795","1439.3092580795","1439.3092580795"
"725","1644.2341985512","1644.2341985512","1644.2341985512"
"726","1724.2926191711","1724.2926191711","1724.2926191711"
"727","1898.4190559769","1898.4190559769","1898.4190559769"
"728","2257.2750210571","2257.2750210571","2257.2750210571"
"729","1793.5535687256","1793.5535687256","1793.5535687256"
"730","2195.0213838959","2195.0213838959","2195.0213838959"
"731","1810.2813438416","1810.2813438416","1810.2813438416"
"732","2479.6050511169","2479.6050511169","2479.6050511169"
"733","1970.9109403229","1970.9109403229","1970.9109403229"
"734","1745.2266468048","1745.2266468048","1745.2266468048"
"735","1781.9229487991","1781.9229487991","1781.9229487991"
"736","1945.0972784424","1945.0972784424","1945.0972784424"
"737","2546.7408621979","2546.7408621979","2546.7408621979"
"738","1938.0280253601","1938.0280253601","1938.0280253601"
"739","2243.3085668945","2243.3085668945","2243.3085668945"
"740","1963.6015351105","1963.6015351105","1963.6015351105"
"741","2022.7962461853","2022.7962461853","2022.7962461853"
"742","2166.0359844589","2166.0359844589","2166.0359844589"
"743","2120.9304270172","2120.9304270172","2120.9304270172"
"744","1749.4382453156","1749.4382453156","1749.4382453156"
"745","2376.9870612335","2376.9870612335","2376.9870612335"
"746","2221.7449092102","2221.7449092102","2221.7449092102"
"747","2257.2381867218","2257.2381867218","2257.2381867218"
"748","2327.0949163055","2327.0949163055","2327.0949163055"
"749","2308.5269646454","2308.5269646454","2308.5269646454"
"750","2671.2936343384","2671.2936343384","2671.2936343384"
"751","1858.0394615555","1858.0394615555","1858.0394615555"
"752","2369.0086559296","2369.0086559296","2369.0086559296"
"753","1886.9898855591","1886.9898855591","1886.9898855591"
"754","2468.7360877037","2468.7360877037","2468.7360877037"
"755","1793.1701141357","1793.1701141357","1793.1701141357"
"756","2782.6710394287","2782.6710394287","2782.6710394287"
"757","2538.421909523","2538.421909523","2538.421909523"
"758","3002.9094322205","3002.9094322205","3002.9094322205"
"759","2919.2462489319","2919.2462489319","2919.2462489319"
"760","2215.8686876297","2215.8686876297","2215.8686876297"
"761","3837.6931178284","3837.6931178284","3837.6931178284"
"762","3107.462928009","3107.462928009","3107.462928009"
"763","2632.4909931946","2632.4909931946","2632.4909931946"
"764","2472.6908217621","2472.6908217621","2472.6908217621"
"765","2639.8461490631","2639.8461490631","2639.8461490631"
"766","4790.1240663147","4790.1240663147","4790.1240663147"
"767","3072.2764833832","3072.2764833832","3072.2764833832"
"768","4088.9739104462","4088.9739104462","4088.9739104462"
"769","3869.2716056824","3869.2716056824","3869.2716056824"
"770","3802.8957218933","3802.8957218933","3802.8957218933"
"771","2635.1179569244","2635.1179569244","2635.1179569244"
"772","4563.730173645","4563.730173645","4563.730173645"
"773","3059.2665280151","3059.2665280151","3059.2665280151"
"774","3203.0439772034","3203.0439772034","3203.0439772034"
"775","2783.8509117889","2783.8509117889","2783.8509117889"
"776","3352.1917144012","3352.1917144012","3352.1917144012"
"777","3017.7790325165","3017.7790325165","3017.7790325165"
"778","3608.0788401031","3608.0788401031","3608.0788401031"
"779","3022.6317828369","3022.6317828369","3022.6317828369"
"780","2520.7369023895","2520.7369023895","2520.7369023895"
"781","3083.3454875374","3083.3454875374","3083.3454875374"
"782","3737.2826811981","3737.2826811981","3737.2826811981"
"783","4003.3183752441","4003.3183752441","4003.3183752441"
"784","3320.8981774139","3320.8981774139","3320.8981774139"
"785","3655.3280513763","3655.3280513763","3655.3280513763"
"786","3920.6328868103","3920.6328868103","3920.6328868103"
"787","3235.7785350037","3235.7785350037","3235.7785350037"
"788","3784.9658529663","3784.9658529663","3784.9658529663"
"789","4103.2439751434","4103.2439751434","4103.2439751434"
"790","3722.0248534393","3722.0248534393","3722.0248534393"
"791","3427.4273054504","3427.4273054504","3427.4273054504"
"792","3191.9505207062","3191.9505207062","3191.9505207062"
"793","4443.9429603577","4443.9429603577","4443.9429603577"
"794","6073.8872924805","6073.8872924805","6073.8872924805"
"795","5483.6193856812","5483.6193856812","5483.6193856812"
"796","4156.8781738281","4156.8781738281","4156.8781738281"
"797","4662.6853286743","4662.6853286743","4662.6853286743"
"798","4253.8904846954","4253.8904846954","4253.8904846954"
"799","4770.8043626404","4770.8043626404","4770.8043626404"
"800","6976.1951046753","6976.1951046753","6976.1951046753"
"801","6278.2310253906","6278.2310253906","6278.2310253906"
"802","5289.7216047668","5289.7216047668","5289.7216047668"
"803","5548.5191085052","5548.5191085052","5548.5191085052"
"804","5279.5100366211","5279.5100366211","5279.5100366211"
"805","5764.5921505737","5764.5921505737","5764.5921505737"
"806","8520.0587097168","8520.0587097168","8520.0587097168"
"807","5411.1625089264","5411.1625089264","5411.1625089264"
"808","5565.7628890228","5565.7628890228","5565.7628890228"
"809","5405.8602539825","5405.8602539825","5405.8602539825"
"810","7314.6170741272","7314.6170741272","7314.6170741272"
"811","5209.0113145447","5209.0113145447","5209.0113145447"
"812","5965.4300364304","5965.4300364304","5965.4300364304"
"813","4815.9930226135","4815.9930226135","4815.9930226135"
"814","5190.5359597778","5190.5359597778","5190.5359597778"
"815","5473.2619328308","5473.2619328308","5473.2619328308"
"816","5750.9329722595","5750.9329722595","5750.9329722595"
"817","6744.2434425354","6744.2434425354","6744.2434425354"
"818","5356.6683670044","5356.6683670044","5356.6683670044"
"819","5931.7011193848","5931.7011193848","5931.7011193848"
"820","5225.9973601532","5225.9973601532","5225.9973601532"
"821","5566.667213974","5566.667213974","5566.667213974"
"822","7442.5481918335","7442.5481918335","7442.5481918335"
"823","5645.1275775146","5645.1275775146","5645.1275775146"
"824","6179.9955862427","6179.9955862427","6179.9955862427"
"825","4816.8321785736","4816.8321785736","4816.8321785736"
"826","6132.4232862854","6132.4232862854","6132.4232862854"
"827","7490.5918463135","7490.5918463135","7490.5918463135"
"828","13258.2328504944","13258.2328504944","13258.2328504944"
"829","8959.2464212036","8959.2464212036","8959.2464212036"
"830","6547.0437263489","6547.0437263489","6547.0437263489"
"831","6509.6430877686","6509.6430877686","6509.6430877686"
"832","7116.3597151184","7116.3597151184","7116.3597151184"
"833","6872.9424320984","6872.9424320984","6872.9424320984"
"834","7876.0416165924","7876.0416165924","7876.0416165924"
"835","5956.6089965057","5956.6089965057","5956.6089965057"
"836","7569.6449533081","7569.6449533081","7569.6449533081"
"837","6334.1223150635","6334.1223150635","6334.1223150635"
"838","5815.5874751282","5815.5874751282","5815.5874751282"
"839","7317.6275991821","7317.6275991821","7317.6275991821"
"840","9468.2190586853","9468.2190586853","9468.2190586853"
"841","8151.3427069092","8151.3427069092","8151.3427069092"
"842","6395.368052063","6395.368052063","6395.368052063"
"843","6936.1920288086","6936.1920288086","6936.1920288086"
"844","6219.7875158691","6219.7875158691","6219.7875158691"
"845","7700.3934967804","7700.3934967804","7700.3934967804"
"846","8125.0427844238","8125.0427844238","8125.0427844238"
"847","7486.3954481506","7486.3954481506","7486.3954481506"
"848","7378.5707300568","7378.5707300568","7378.5707300568"
"849","7270.4400083923","7270.4400083923","7270.4400083923"
"850","7524.6637965393","7524.6637965393","7524.6637965393"
"851","6436.0293243408","6436.0293243408","6436.0293243408"
"852","9620.4653269958","9620.4653269958","9620.4653269958"
"853","9003.9250189209","9003.9250189209","9003.9250189209"
"854","12827.428979187","12827.428979187","12827.428979187"
"855","11911.7001156616","11911.7001156616","11911.7001156616"
"856","10146.6660632324","10146.6660632324","10146.6660632324"
"857","10341.238187561","10341.238187561","10341.238187561"
"858","11188.0343730164","11188.0343730164","11188.0343730164"
"859","10293.3633746338","10293.3633746338","10293.3633746338"
"860","9623.0509518433","9623.0509518433","9623.0509518433"
"861","8920.41697052","8920.41697052","8920.41697052"
"862","6776.5922285461","6776.5922285461","6776.5922285461"
"863","12431.8519247437","12431.8519247437","12431.8519247437"
"864","13076.2047180176","13076.2047180176","13076.2047180176"
"865","10992.333762207","10992.333762207","10992.333762207"
"866","8824.8201367188","8824.8201367188","8824.8201367188"
"867","12589.4937258911","12589.4937258911","12589.4937258911"
"868","14916.4470063782","14916.4470063782","14916.4470063782"
"869","11733.3450518799","11733.3450518799","11733.3450518799"
"870","12162.88259552","12162.88259552","12162.88259552"
"871","10926.5099612427","10926.5099612427","10926.5099612427"
"872","10934.5911383057","10934.5911383057","10934.5911383057"
"873","11408.8231402588","11408.8231402588","11408.8231402588"
"874","11819.5395298767","11819.5395298767","11819.5395298767"
"875","14193.6011682129","14193.6011682129","14193.6011682129"
"876","12733.3019607544","12733.3019607544","12733.3019607544"
"877","11727.8768377686","11727.8768377686","11727.8768377686"
"878","15657.1063592529","15657.1063592529","15657.1063592529"
"879","10905.4299227905","10905.4299227905","10905.4299227905"
"880","9999.6372322845","9999.6372322845","9999.6372322845"
"881","12259.9137197876","12259.9137197876","12259.9137197876"
"882","10283.6353835297","10283.6353835297","10283.6353835297"
"883","10664.4613887024","10664.4613887024","10664.4613887024"
"884","13713.6434155273","13713.6434155273","13713.6434155273"
"885","10537.8800662231","10537.8800662231","10537.8800662231"
"886","12257.8066650391","12257.8066650391","12257.8066650391"
"887","11757.9404956818","11757.9404956818","11757.9404956818"
"888","13731.7319050598","13731.7319050598","13731.7319050598"
"889","12892.3754211426","12892.3754211426","12892.3754211426"
"890","12714.6126342773","12714.6126342773","12714.6126342773"
"891","18555.0220690918","18555.0220690918","18555.0220690918"
"892","13945.6166622925","13945.6166622925","13945.6166622925"
"893","17986.0631204224","17986.0631204224","17986.0631204224"
"894","15334.4369967651","15334.4369967651","15334.4369967651"
"895","12904.4463778687","12904.4463778687","12904.4463778687"
"896","11784.941875","11784.941875","11784.941875"
"897","15024.9934568787","15024.9934568787","15024.9934568787"
"898","16301.2188204956","16301.2188204956","16301.2188204956"
"899","13854.3865783691","13854.3865783691","13854.3865783691"
"900","16335.2359265137","16335.2359265137","16335.2359265137"
"901","27201.343916626","27201.343916626","27201.343916626"
"902","17194.7116268921","17194.7116268921","17194.7116268921"
"903","10500.5278077698","10500.5278077698","10500.5278077698"
"904","14893.7920858765","14893.7920858765","14893.7920858765"
"905","14550.8129768372","14550.8129768372","14550.8129768372"
"906","16198.5573791504","16198.5573791504","16198.5573791504"
"907","11016.2888949585","11016.2888949585","11016.2888949585"
"908","11577.7442172241","11577.7442172241","11577.7442172241"
"909","14994.3339590454","14994.3339590454","14994.3339590454"
"910","14868.7145809937","14868.7145809937","14868.7145809937"
"911","12390.6368432617","12390.6368432617","12390.6368432617"
"912","8371.7995819092","8371.7995819092","8371.7995819092"
"913","27983.7901397705","27983.7901397705","27983.7901397705"
"914","22036.9154309082","22036.9154309082","22036.9154309082"
"915","10329.9816088867","10329.9816088867","10329.9816088867"
"916","11612.2244134521","11612.2244134521","11612.2244134521"
"917","10630.183324585","10630.183324585","10630.183324585"
"918","15026.8813156128","15026.8813156128","15026.8813156128"
"919","23416.3963800049","23416.3963800049","23416.3963800049"
"920","13575.5356362915","13575.5356362915","13575.5356362915"
"921","16118.8380825806","16118.8380825806","16118.8380825806"
"922","12695.2716729736","12695.2716729736","12695.2716729736"
"923","13623.6734739685","13623.6734739685","13623.6734739685"
"924","16857.1193487549","16857.1193487549","16857.1193487549"
"925","14978.9641882324","14978.9641882324","14978.9641882324"
"926","20676.9674725342","20676.9674725342","20676.9674725342"
"927","16422.3302409363","16422.3302409363","16422.3302409363"
"928","33784.011730957","33784.011730957","33784.011730957"
"929","14532.6140725708","14532.6140725708","14532.6140725708"
"930","16670.8662680054","16670.8662680054","16670.8662680054"
"931","12645.5439083862","12645.5439083862","12645.5439083862"
"932","11141.2555996704","11141.2555996704","11141.2555996704"
"933","13702.128824234","13702.128824234","13702.128824234"
"934","16829.2429978943","16829.2429978943","16829.2429978943"
"935","10933.6107815552","10933.6107815552","10933.6107815552"
"936","19228.1783322144","19228.1783322144","19228.1783322144"
"937","26305.9417169189","26305.9417169189","26305.9417169189"
"938","16093.7527380371","16093.7527380371","16093.7527380371"
"939","17948.3772615051","17948.3772615051","17948.3772615051"
"940","20802.9185675049","20802.9185675049","20802.9185675049"
"941","16891.7111772156","16891.7111772156","16891.7111772156"
"942","25582.940296936","25582.940296936","25582.940296936"
"943","16585.9857437134","16585.9857437134","16585.9857437134"
"944","16549.9111380768","16549.9111380768","16549.9111380768"
"945","15320.008605957","15320.008605957","15320.008605957"
"946","13695.9044682312","13695.9044682312","13695.9044682312"
"947","19193.3623052979","19193.3623052979","19193.3623052979"
"948","22404.473460083","22404.473460083","22404.473460083"
"949","16574.198157959","16574.198157959","16574.198157959"
"950","20408.1394018555","20408.1394018555","20408.1394018555"
"951","15071.6195011139","15071.6195011139","15071.6195011139"
"952","14649.0592321777","14649.0592321777","14649.0592321777"
"953","20068.1864710999","20068.1864710999","20068.1864710999"
"954","17183.0854849243","17183.0854849243","17183.0854849243"
"955","30525.4671063995","30525.4671063995","30525.4671063995"
"956","20959.1185647583","20959.1185647583","20959.1185647583"
"957","16267.6395951843","16267.6395951843","16267.6395951843"
"958","17624.7418283081","17624.7418283081","17624.7418283081"
"959","21951.3730770874","21951.3730770874","21951.3730770874"
"960","17567.6221772766","17567.6221772766","17567.6221772766"
"961","17706.6678216553","17706.6678216553","17706.6678216553"
"962","20827.2130178833","20827.2130178833","20827.2130178833"
"963","49766.1872964478","49766.1872964478","49766.1872964478"
"964","23635.3312103271","23635.3312103271","23635.3312103271"
"965","20184.195690918","20184.195690918","20184.195690918"
"966","19297.9979392242","19297.9979392242","19297.9979392242"
"967","29951.8513088989","29951.8513088989","29951.8513088989"
"968","20014.8750848389","20014.8750848389","20014.8750848389"
"969","44231.8466162109","44231.8466162109","44231.8466162109"
"970","25128.0412390137","25128.0412390137","25128.0412390137"
"971","17877.6637207031","17877.6637207031","17877.6637207031"
"972","17303.2662310791","17303.2662310791","17303.2662310791"
"973","19916.2447155762","19916.2447155762","19916.2447155762"
"974","16652.0447384644","16652.0447384644","16652.0447384644"
"975","17620.757255249","17620.757255249","17620.757255249"
"976","24530.2814984131","24530.2814984131","24530.2814984131"
"977","19261.3814715576","19261.3814715576","19261.3814715576"
"978","17403.0102050781","17403.0102050781","17403.0102050781"
"979","23825.3719949341","23825.3719949341","23825.3719949341"
"980","21426.2484957886","21426.2484957886","21426.2484957886"
"981","20190.1959448242","20190.1959448242","20190.1959448242"
"982","25458.5738218307","25458.5738218307","25458.5738218307"
"983","53135.8783825684","53135.8783825684","53135.8783825684"
"984","48319.0743856812","48319.0743856812","48319.0743856812"
"985","22908.164798584","22908.164798584","22908.164798584"
"986","21034.5270306396","21034.5270306396","21034.5270306396"
"987","22591.2035421753","22591.2035421753","22591.2035421753"
"988","20123.3507058716","20123.3507058716","20123.3507058716"
"989","17942.3746212006","17942.3746212006","17942.3746212006"
"990","14307.7965299988","14307.7965299988","14307.7965299988"
"991","20575.9550756836","20575.9550756836","20575.9550756836"
"992","21288.4162091064","21288.4162091064","21288.4162091064"
"993","20594.5277331543","20594.5277331543","20594.5277331543"
"994","21149.9300506592","21149.9300506592","21149.9300506592"
"995","29972.2745062256","29972.2745062256","29972.2745062256"
"996","26322.364446106","26322.364446106","26322.364446106"
"997","29042.5677600098","29042.5677600098","29042.5677600098"
"998","21179.3977963257","21179.3977963257","21179.3977963257"
"999","29405.1745574951","29405.1745574951","29405.1745574951"