"Step","PPO_short_test_track_LIDAR - loss_critic","PPO_short_test_track_LIDAR - loss_critic__MIN","PPO_short_test_track_LIDAR - loss_critic__MAX"
"0","85.0416975784","85.0416975784","85.0416975784"
"1","26.2314389801","26.2314389801","26.2314389801"
"2","20.5583102751","20.5583102751","20.5583102751"
"3","14.5691388059","14.5691388059","14.5691388059"
"4","11.4947293496","11.4947293496","11.4947293496"
"5","7.5274652612","7.5274652612","7.5274652612"
"6","5.6486947894","5.6486947894","5.6486947894"
"7","4.6901466447","4.6901466447","4.6901466447"
"8","3.5813967317","3.5813967317","3.5813967317"
"9","2.7815855604","2.7815855604","2.7815855604"
"10","2.5281211191","2.5281211191","2.5281211191"
"11","3.0264489031","3.0264489031","3.0264489031"
"12","2.5256496724","2.5256496724","2.5256496724"
"13","2.0542040035","2.0542040035","2.0542040035"
"14","2.6036804783","2.6036804783","2.6036804783"
"15","2.2955213937","2.2955213937","2.2955213937"
"16","2.5124254584","2.5124254584","2.5124254584"
"17","1.6615544757","1.6615544757","1.6615544757"
"18","1.989461405","1.989461405","1.989461405"
"19","2.6211541861","2.6211541861","2.6211541861"
"20","2.6900817916","2.6900817916","2.6900817916"
"21","3.3914605391","3.3914605391","3.3914605391"
"22","4.8000167876","4.8000167876","4.8000167876"
"23","4.5711701387","4.5711701387","4.5711701387"
"24","3.5740670455","3.5740670455","3.5740670455"
"25","2.8896821967","2.8896821967","2.8896821967"
"26","2.3118213418","2.3118213418","2.3118213418"
"27","1.5432536756","1.5432536756","1.5432536756"
"28","1.2060870409","1.2060870409","1.2060870409"
"29","1.4499386409","1.4499386409","1.4499386409"
"30","1.2933199584","1.2933199584","1.2933199584"
"31","1.3449824631","1.3449824631","1.3449824631"
"32","1.2225742979","1.2225742979","1.2225742979"
"33","1.0820970894","1.0820970894","1.0820970894"
"34","1.6274548033","1.6274548033","1.6274548033"
"35","1.2826169023","1.2826169023","1.2826169023"
"36","1.7456754532","1.7456754532","1.7456754532"
"37","2.530313282","2.530313282","2.530313282"
"38","3.327692911","3.327692911","3.327692911"
"39","1.9628062212","1.9628062212","1.9628062212"
"40","2.0762482816","2.0762482816","2.0762482816"
"41","1.2025582404","1.2025582404","1.2025582404"
"42","0.9621005094","0.9621005094","0.9621005094"
"43","1.0853053957","1.0853053957","1.0853053957"
"44","2.0969199955","2.0969199955","2.0969199955"
"45","4.5229806304","4.5229806304","4.5229806304"
"46","3.5491604978","3.5491604978","3.5491604978"
"47","2.0208021119","2.0208021119","2.0208021119"
"48","1.4770936415","1.4770936415","1.4770936415"
"49","1.1101804601","1.1101804601","1.1101804601"
"50","0.8147398688","0.8147398688","0.8147398688"
"51","0.6050457874","0.6050457874","0.6050457874"
"52","0.8266281828","0.8266281828","0.8266281828"
"53","0.9049891265","0.9049891265","0.9049891265"
"54","1.6025599401","1.6025599401","1.6025599401"
"55","1.9606195459","1.9606195459","1.9606195459"
"56","1.6647426552","1.6647426552","1.6647426552"
"57","0.9647697939","0.9647697939","0.9647697939"
"58","0.8324305041","0.8324305041","0.8324305041"
"59","0.8019024733","0.8019024733","0.8019024733"
"60","0.9231712106","0.9231712106","0.9231712106"
"61","1.3699858406","1.3699858406","1.3699858406"
"62","1.2217058206","1.2217058206","1.2217058206"
"63","1.028267545","1.028267545","1.028267545"
"64","1.1203146215","1.1203146215","1.1203146215"
"65","1.312395491","1.312395491","1.312395491"
"66","1.6721466921","1.6721466921","1.6721466921"
"67","1.1138289709","1.1138289709","1.1138289709"
"68","1.4383275977","1.4383275977","1.4383275977"
"69","0.764588626","0.764588626","0.764588626"
"70","0.4741938791","0.4741938791","0.4741938791"
"71","0.4821736249","0.4821736249","0.4821736249"
"72","0.5775681655","0.5775681655","0.5775681655"
"73","0.5371169976","0.5371169976","0.5371169976"
"74","0.4104753122","0.4104753122","0.4104753122"
"75","0.4053578041","0.4053578041","0.4053578041"
"76","0.5032971702","0.5032971702","0.5032971702"
"77","1.0236586572","1.0236586572","1.0236586572"
"78","0.9046056733","0.9046056733","0.9046056733"
"79","1.2020295964","1.2020295964","1.2020295964"
"80","0.8499909274","0.8499909274","0.8499909274"
"81","0.4338029174","0.4338029174","0.4338029174"
"82","0.4074122869","0.4074122869","0.4074122869"
"83","0.5988164992","0.5988164992","0.5988164992"
"84","0.5485073122","0.5485073122","0.5485073122"
"85","0.6138856325","0.6138856325","0.6138856325"
"86","0.6397716403","0.6397716403","0.6397716403"
"87","0.6908137029","0.6908137029","0.6908137029"
"88","0.7545777447","0.7545777447","0.7545777447"
"89","0.4222148696","0.4222148696","0.4222148696"
"90","0.424577739","0.424577739","0.424577739"
"91","0.365461423","0.365461423","0.365461423"
"92","0.3737747583","0.3737747583","0.3737747583"
"93","0.4271020094","0.4271020094","0.4271020094"
"94","0.6162170367","0.6162170367","0.6162170367"
"95","0.720699987","0.720699987","0.720699987"
"96","0.5512486656","0.5512486656","0.5512486656"
"97","0.4323991451","0.4323991451","0.4323991451"
"98","0.313452914","0.313452914","0.313452914"
"99","0.2769765607","0.2769765607","0.2769765607"
"100","0.3310835708","0.3310835708","0.3310835708"
"101","0.4809474295","0.4809474295","0.4809474295"
"102","0.3221897576","0.3221897576","0.3221897576"
"103","0.3946958771","0.3946958771","0.3946958771"
"104","0.4557354046","0.4557354046","0.4557354046"
"105","0.3512560151","0.3512560151","0.3512560151"
"106","0.5209596185","0.5209596185","0.5209596185"
"107","0.8810283847","0.8810283847","0.8810283847"
"108","0.4046603335","0.4046603335","0.4046603335"
"109","0.3682104507","0.3682104507","0.3682104507"
"110","0.3224530444","0.3224530444","0.3224530444"
"111","0.2774697859","0.2774697859","0.2774697859"
"112","0.2017839665","0.2017839665","0.2017839665"
"113","0.1827981327","0.1827981327","0.1827981327"
"114","0.2477784517","0.2477784517","0.2477784517"
"115","0.2592872428","0.2592872428","0.2592872428"
"116","0.2983489986","0.2983489986","0.2983489986"
"117","0.6585456864","0.6585456864","0.6585456864"
"118","0.6935543147","0.6935543147","0.6935543147"
"119","0.2394106546","0.2394106546","0.2394106546"
"120","0.1884954645","0.1884954645","0.1884954645"
"121","0.1803641359","0.1803641359","0.1803641359"
"122","0.2704654809","0.2704654809","0.2704654809"
"123","0.2132941592","0.2132941592","0.2132941592"
"124","0.1927991486","0.1927991486","0.1927991486"
"125","0.2002829243","0.2002829243","0.2002829243"
"126","0.2640630436","0.2640630436","0.2640630436"
"127","0.4109919513","0.4109919513","0.4109919513"
"128","0.3505193573","0.3505193573","0.3505193573"
"129","0.186094064","0.186094064","0.186094064"
"130","0.1788733391","0.1788733391","0.1788733391"
"131","0.1769387678","0.1769387678","0.1769387678"
"132","0.2092058049","0.2092058049","0.2092058049"
"133","0.2444766665","0.2444766665","0.2444766665"
"134","0.2369286562","0.2369286562","0.2369286562"
"135","0.2467557924","0.2467557924","0.2467557924"
"136","0.1508603127","0.1508603127","0.1508603127"
"137","0.1945608133","0.1945608133","0.1945608133"
"138","0.182943322","0.182943322","0.182943322"
"139","0.1729842446","0.1729842446","0.1729842446"
"140","0.2305621034","0.2305621034","0.2305621034"
"141","0.2234588869","0.2234588869","0.2234588869"
"142","0.2097829004","0.2097829004","0.2097829004"
"143","0.1789458951","0.1789458951","0.1789458951"
"144","0.1444844056","0.1444844056","0.1444844056"
"145","0.1406863458","0.1406863458","0.1406863458"
"146","0.1602556123","0.1602556123","0.1602556123"
"147","0.1709987504","0.1709987504","0.1709987504"
"148","0.1176957833","0.1176957833","0.1176957833"
"149","0.1305935695","0.1305935695","0.1305935695"
"150","0.1354076324","0.1354076324","0.1354076324"
"151","0.1646073644","0.1646073644","0.1646073644"
"152","0.1594977614","0.1594977614","0.1594977614"
"153","0.1811947669","0.1811947669","0.1811947669"
"154","0.2476214362","0.2476214362","0.2476214362"
"155","0.2240094213","0.2240094213","0.2240094213"
"156","0.1560400693","0.1560400693","0.1560400693"
"157","0.1079285394","0.1079285394","0.1079285394"
"158","0.0896503094","0.0896503094","0.0896503094"
"159","0.1153516347","0.1153516347","0.1153516347"
"160","0.1047188567","0.1047188567","0.1047188567"
"161","0.1001303401","0.1001303401","0.1001303401"
"162","0.0918306305","0.0918306305","0.0918306305"
"163","0.1214355099","0.1214355099","0.1214355099"
"164","0.153802847","0.153802847","0.153802847"
"165","0.2050426177","0.2050426177","0.2050426177"
"166","0.1554481973","0.1554481973","0.1554481973"
"167","0.0984802996","0.0984802996","0.0984802996"
"168","0.1013461713","0.1013461713","0.1013461713"
"169","0.0993469037","0.0993469037","0.0993469037"
"170","0.1026051359","0.1026051359","0.1026051359"
"171","0.0850843484","0.0850843484","0.0850843484"
"172","0.0768382316","0.0768382316","0.0768382316"
"173","0.084132865","0.084132865","0.084132865"
"174","0.0995789531","0.0995789531","0.0995789531"
"175","0.0781313215","0.0781313215","0.0781313215"
"176","0.0630030482","0.0630030482","0.0630030482"
"177","0.082405303","0.082405303","0.082405303"
"178","0.1078264299","0.1078264299","0.1078264299"
"179","0.0902992942","0.0902992942","0.0902992942"
"180","0.0793098101","0.0793098101","0.0793098101"
"181","0.0703987927","0.0703987927","0.0703987927"
"182","0.0878932782","0.0878932782","0.0878932782"
"183","0.1062548045","0.1062548045","0.1062548045"
"184","0.1005266724","0.1005266724","0.1005266724"
"185","0.0902681412","0.0902681412","0.0902681412"
"186","0.0807652655","0.0807652655","0.0807652655"
"187","0.0807481755","0.0807481755","0.0807481755"
"188","0.0738925872","0.0738925872","0.0738925872"
"189","0.0783264719","0.0783264719","0.0783264719"
"190","0.1353910422","0.1353910422","0.1353910422"
"191","0.1282200815","0.1282200815","0.1282200815"
"192","0.0735099241","0.0735099241","0.0735099241"
"193","0.057117727","0.057117727","0.057117727"
"194","0.0589637799","0.0589637799","0.0589637799"
"195","0.0890470725","0.0890470725","0.0890470725"
"196","0.0908485682","0.0908485682","0.0908485682"
"197","0.0641231653","0.0641231653","0.0641231653"
"198","0.0651165987","0.0651165987","0.0651165987"
"199","0.0613039964","0.0613039964","0.0613039964"
"200","0.0628680838","0.0628680838","0.0628680838"
"201","0.0651965582","0.0651965582","0.0651965582"
"202","0.0692770778","0.0692770778","0.0692770778"
"203","0.0657604309","0.0657604309","0.0657604309"
"204","0.0497570279","0.0497570279","0.0497570279"
"205","0.0521834434","0.0521834434","0.0521834434"
"206","0.0607915491","0.0607915491","0.0607915491"
"207","0.0602376185","0.0602376185","0.0602376185"
"208","0.0615740039","0.0615740039","0.0615740039"
"209","0.0595272963","0.0595272963","0.0595272963"
"210","0.0782866223","0.0782866223","0.0782866223"
"211","0.0780373745","0.0780373745","0.0780373745"
"212","0.0567939542","0.0567939542","0.0567939542"
"213","0.0487637252","0.0487637252","0.0487637252"
"214","0.0420593594","0.0420593594","0.0420593594"
"215","0.0435977157","0.0435977157","0.0435977157"
"216","0.0465222449","0.0465222449","0.0465222449"
"217","0.0412074272","0.0412074272","0.0412074272"
"218","0.0540940135","0.0540940135","0.0540940135"
"219","0.0661794286","0.0661794286","0.0661794286"
"220","0.072005743","0.072005743","0.072005743"
"221","0.0684670101","0.0684670101","0.0684670101"
"222","0.0557568787","0.0557568787","0.0557568787"
"223","0.0584218023","0.0584218023","0.0584218023"
"224","0.0443466153","0.0443466153","0.0443466153"
"225","0.0432898459","0.0432898459","0.0432898459"
"226","0.0507531749","0.0507531749","0.0507531749"
"227","0.0384421145","0.0384421145","0.0384421145"
"228","0.042979935","0.042979935","0.042979935"
"229","0.0344480591","0.0344480591","0.0344480591"
"230","0.0340056588","0.0340056588","0.0340056588"
"231","0.0371498422","0.0371498422","0.0371498422"
"232","0.0307803087","0.0307803087","0.0307803087"
"233","0.0336228982","0.0336228982","0.0336228982"
"234","0.0381629548","0.0381629548","0.0381629548"
"235","0.0391861579","0.0391861579","0.0391861579"
"236","0.0433857007","0.0433857007","0.0433857007"
"237","0.0620999886","0.0620999886","0.0620999886"
"238","0.0381476028","0.0381476028","0.0381476028"
"239","0.0306360529","0.0306360529","0.0306360529"
"240","0.0328283816","0.0328283816","0.0328283816"
"241","0.0346022994","0.0346022994","0.0346022994"
"242","0.0454329984","0.0454329984","0.0454329984"
"243","0.0533712832","0.0533712832","0.0533712832"
"244","0.0317182356","0.0317182356","0.0317182356"
"245","0.0289156174","0.0289156174","0.0289156174"
"246","0.0345842535","0.0345842535","0.0345842535"
"247","0.0362409548","0.0362409548","0.0362409548"
"248","0.0374230978","0.0374230978","0.0374230978"
"249","0.0303239536","0.0303239536","0.0303239536"
"250","0.0336337832","0.0336337832","0.0336337832"
"251","0.0332495061","0.0332495061","0.0332495061"
"252","0.0439814401","0.0439814401","0.0439814401"
"253","0.0424491921","0.0424491921","0.0424491921"
"254","0.033796327","0.033796327","0.033796327"
"255","0.0246342512","0.0246342512","0.0246342512"
"256","0.0334214384","0.0334214384","0.0334214384"
"257","0.0333586647","0.0333586647","0.0333586647"
"258","0.0293718302","0.0293718302","0.0293718302"
"259","0.0293728007","0.0293728007","0.0293728007"
"260","0.0318641138","0.0318641138","0.0318641138"
"261","0.0289731572","0.0289731572","0.0289731572"
"262","0.0279226597","0.0279226597","0.0279226597"
"263","0.0260217895","0.0260217895","0.0260217895"
"264","0.0254749568","0.0254749568","0.0254749568"
"265","0.0274699533","0.0274699533","0.0274699533"
"266","0.0299549918","0.0299549918","0.0299549918"
"267","0.0251434185","0.0251434185","0.0251434185"
"268","0.0227534179","0.0227534179","0.0227534179"
"269","0.0264232326","0.0264232326","0.0264232326"
"270","0.0260878627","0.0260878627","0.0260878627"
"271","0.0231637918","0.0231637918","0.0231637918"
"272","0.0236676577","0.0236676577","0.0236676577"
"273","0.0255087181","0.0255087181","0.0255087181"
"274","0.0279404421","0.0279404421","0.0279404421"
"275","0.0229511488","0.0229511488","0.0229511488"
"276","0.0239022922","0.0239022922","0.0239022922"
"277","0.0233008604","0.0233008604","0.0233008604"
"278","0.0279265528","0.0279265528","0.0279265528"
"279","0.0278649204","0.0278649204","0.0278649204"
"280","0.0246056697","0.0246056697","0.0246056697"
"281","0.0202091859","0.0202091859","0.0202091859"
"282","0.0209805092","0.0209805092","0.0209805092"
"283","0.0207766244","0.0207766244","0.0207766244"
"284","0.0195085686","0.0195085686","0.0195085686"
"285","0.0231161972","0.0231161972","0.0231161972"
"286","0.0192507911","0.0192507911","0.0192507911"
"287","0.0203764672","0.0203764672","0.0203764672"
"288","0.0238642993","0.0238642993","0.0238642993"
"289","0.0265618738","0.0265618738","0.0265618738"
"290","0.0200321637","0.0200321637","0.0200321637"
"291","0.0195417833","0.0195417833","0.0195417833"
"292","0.0197612531","0.0197612531","0.0197612531"
"293","0.0204620087","0.0204620087","0.0204620087"
"294","0.0233244107","0.0233244107","0.0233244107"
"295","0.0184140782","0.0184140782","0.0184140782"
"296","0.0184692487","0.0184692487","0.0184692487"
"297","0.020284243","0.020284243","0.020284243"
"298","0.019567994","0.019567994","0.019567994"
"299","0.0187877839","0.0187877839","0.0187877839"
"300","0.0184916982","0.0184916982","0.0184916982"
"301","0.0175284222","0.0175284222","0.0175284222"
"302","0.0174103377","0.0174103377","0.0174103377"
"303","0.0149738776","0.0149738776","0.0149738776"
"304","0.0162488186","0.0162488186","0.0162488186"
"305","0.0186527369","0.0186527369","0.0186527369"
"306","0.0163051864","0.0163051864","0.0163051864"
"307","0.0173892523","0.0173892523","0.0173892523"
"308","0.0159989283","0.0159989283","0.0159989283"
"309","0.01623181","0.01623181","0.01623181"
"310","0.0195914654","0.0195914654","0.0195914654"
"311","0.0158690491","0.0158690491","0.0158690491"
"312","0.013966834","0.013966834","0.013966834"
"313","0.0141109191","0.0141109191","0.0141109191"
"314","0.0149658145","0.0149658145","0.0149658145"
"315","0.0154439104","0.0154439104","0.0154439104"
"316","0.0134659306","0.0134659306","0.0134659306"
"317","0.013283743","0.013283743","0.013283743"
"318","0.0137306665","0.0137306665","0.0137306665"
"319","0.0146389366","0.0146389366","0.0146389366"
"320","0.0157912158","0.0157912158","0.0157912158"
"321","0.0166971244","0.0166971244","0.0166971244"
"322","0.0142237078","0.0142237078","0.0142237078"
"323","0.0196787779","0.0196787779","0.0196787779"
"324","0.0168723045","0.0168723045","0.0168723045"
"325","0.0133201012","0.0133201012","0.0133201012"
"326","0.0126669351","0.0126669351","0.0126669351"
"327","0.0110515387","0.0110515387","0.0110515387"
"328","0.0135915193","0.0135915193","0.0135915193"
"329","0.0131753442","0.0131753442","0.0131753442"
"330","0.0127126684","0.0127126684","0.0127126684"
"331","0.0156663781","0.0156663781","0.0156663781"
"332","0.0113094588","0.0113094588","0.0113094588"
"333","0.013666833","0.013666833","0.013666833"
"334","0.0124886086","0.0124886086","0.0124886086"
"335","0.0126771353","0.0126771353","0.0126771353"
"336","0.0117569867","0.0117569867","0.0117569867"
"337","0.0107862419","0.0107862419","0.0107862419"
"338","0.0112805732","0.0112805732","0.0112805732"
"339","0.0134700976","0.0134700976","0.0134700976"
"340","0.0104729629","0.0104729629","0.0104729629"
"341","0.0109304677","0.0109304677","0.0109304677"
"342","0.0146517592","0.0146517592","0.0146517592"
"343","0.010395527","0.010395527","0.010395527"
"344","0.0112138735","0.0112138735","0.0112138735"
"345","0.0123939507","0.0123939507","0.0123939507"
"346","0.0122733222","0.0122733222","0.0122733222"
"347","0.0113821021","0.0113821021","0.0113821021"
"348","0.0126787354","0.0126787354","0.0126787354"
"349","0.0119894828","0.0119894828","0.0119894828"
"350","0.0117192556","0.0117192556","0.0117192556"
"351","0.0100290856","0.0100290856","0.0100290856"
"352","0.010270443","0.010270443","0.010270443"
"353","0.009922542","0.009922542","0.009922542"
"354","0.0091027657","0.0091027657","0.0091027657"
"355","0.0086636297","0.0086636297","0.0086636297"
"356","0.0101452445","0.0101452445","0.0101452445"
"357","0.0102224998","0.0102224998","0.0102224998"
"358","0.0104440026","0.0104440026","0.0104440026"
"359","0.0105538984","0.0105538984","0.0105538984"
"360","0.009992564","0.009992564","0.009992564"
"361","0.0096735857","0.0096735857","0.0096735857"
"362","0.0113752112","0.0113752112","0.0113752112"
"363","0.0128394224","0.0128394224","0.0128394224"
"364","0.0092272713","0.0092272713","0.0092272713"
"365","0.0090017708","0.0090017708","0.0090017708"
"366","0.0101275733","0.0101275733","0.0101275733"
"367","0.0089175193","0.0089175193","0.0089175193"
"368","0.0087538371","0.0087538371","0.0087538371"
"369","0.0102334466","0.0102334466","0.0102334466"
"370","0.0108564696","0.0108564696","0.0108564696"
"371","0.0093179696","0.0093179696","0.0093179696"
"372","0.0088414206","0.0088414206","0.0088414206"
"373","0.0086469268","0.0086469268","0.0086469268"
"374","0.0096114443","0.0096114443","0.0096114443"
"375","0.0082311089","0.0082311089","0.0082311089"
"376","0.0090209558","0.0090209558","0.0090209558"
"377","0.0100540676","0.0100540676","0.0100540676"
"378","0.0086585313","0.0086585313","0.0086585313"
"379","0.0104364122","0.0104364122","0.0104364122"
"380","0.0096332013","0.0096332013","0.0096332013"
"381","0.0082223415","0.0082223415","0.0082223415"
"382","0.0074378395","0.0074378395","0.0074378395"
"383","0.0082713506","0.0082713506","0.0082713506"
"384","0.0080124669","0.0080124669","0.0080124669"
"385","0.0091412184","0.0091412184","0.0091412184"
"386","0.0090539566","0.0090539566","0.0090539566"
"387","0.0083161079","0.0083161079","0.0083161079"
"388","0.0072284084","0.0072284084","0.0072284084"
"389","0.0074359557","0.0074359557","0.0074359557"
"390","0.0080001431","0.0080001431","0.0080001431"
"391","0.0090954537","0.0090954537","0.0090954537"
"392","0.0085258653","0.0085258653","0.0085258653"
"393","0.0080878752","0.0080878752","0.0080878752"
"394","0.0077529031","0.0077529031","0.0077529031"
"395","0.0080956575","0.0080956575","0.0080956575"
"396","0.0080307721","0.0080307721","0.0080307721"
"397","0.0071698304","0.0071698304","0.0071698304"
"398","0.0085202852","0.0085202852","0.0085202852"
"399","0.0083832718","0.0083832718","0.0083832718"
"400","0.0080487052","0.0080487052","0.0080487052"
"401","0.0071434491","0.0071434491","0.0071434491"
"402","0.007447243","0.007447243","0.007447243"
"403","0.0073840863","0.0073840863","0.0073840863"
"404","0.0086583403","0.0086583403","0.0086583403"
"405","0.0069789039","0.0069789039","0.0069789039"
"406","0.0074417145","0.0074417145","0.0074417145"
"407","0.0069280258","0.0069280258","0.0069280258"
"408","0.0067470154","0.0067470154","0.0067470154"
"409","0.0069931314","0.0069931314","0.0069931314"
"410","0.0067775724","0.0067775724","0.0067775724"
"411","0.0068994092","0.0068994092","0.0068994092"
"412","0.0085495331","0.0085495331","0.0085495331"
"413","0.0072295855","0.0072295855","0.0072295855"
"414","0.0061392321","0.0061392321","0.0061392321"
"415","0.006328747","0.006328747","0.006328747"
"416","0.0058431927","0.0058431927","0.0058431927"
"417","0.0058271875","0.0058271875","0.0058271875"
"418","0.0060399817","0.0060399817","0.0060399817"
"419","0.0058412334","0.0058412334","0.0058412334"
"420","0.0055473078","0.0055473078","0.0055473078"
"421","0.005966646","0.005966646","0.005966646"
"422","0.0065812985","0.0065812985","0.0065812985"
"423","0.0069031923","0.0069031923","0.0069031923"
"424","0.005747117","0.005747117","0.005747117"
"425","0.0059873906","0.0059873906","0.0059873906"
"426","0.0050372849","0.0050372849","0.0050372849"
"427","0.0053927198","0.0053927198","0.0053927198"
"428","0.0059854725","0.0059854725","0.0059854725"
"429","0.0065426589","0.0065426589","0.0065426589"
"430","0.0061537876","0.0061537876","0.0061537876"
"431","0.0051234467","0.0051234467","0.0051234467"
"432","0.0051745434","0.0051745434","0.0051745434"
"433","0.0058855138","0.0058855138","0.0058855138"
"434","0.0058315082","0.0058315082","0.0058315082"
"435","0.0056329469","0.0056329469","0.0056329469"
"436","0.0062456531","0.0062456531","0.0062456531"
"437","0.0053702546","0.0053702546","0.0053702546"
"438","0.006955949","0.006955949","0.006955949"
"439","0.0060285548","0.0060285548","0.0060285548"
"440","0.0049477146","0.0049477146","0.0049477146"
"441","0.0052824734","0.0052824734","0.0052824734"
"442","0.005583544","0.005583544","0.005583544"
"443","0.0045939258","0.0045939258","0.0045939258"
"444","0.0055026735","0.0055026735","0.0055026735"
"445","0.0051427208","0.0051427208","0.0051427208"
"446","0.0053829537","0.0053829537","0.0053829537"
"447","0.0046364173","0.0046364173","0.0046364173"
"448","0.0056042917","0.0056042917","0.0056042917"
"449","0.0057083195","0.0057083195","0.0057083195"
"450","0.0061614447","0.0061614447","0.0061614447"
"451","0.0053243842","0.0053243842","0.0053243842"
"452","0.0055216395","0.0055216395","0.0055216395"
"453","0.0051653469","0.0051653469","0.0051653469"
"454","0.0050194842","0.0050194842","0.0050194842"
"455","0.0048072254","0.0048072254","0.0048072254"
"456","0.0052511091","0.0052511091","0.0052511091"
"457","0.0050421208","0.0050421208","0.0050421208"
"458","0.0049223598","0.0049223598","0.0049223598"
"459","0.0050249465","0.0050249465","0.0050249465"
"460","0.0050266613","0.0050266613","0.0050266613"
"461","0.0045675421","0.0045675421","0.0045675421"
"462","0.0048987736","0.0048987736","0.0048987736"
"463","0.0061009689","0.0061009689","0.0061009689"
"464","0.0044815509","0.0044815509","0.0044815509"
"465","0.0041546979","0.0041546979","0.0041546979"
"466","0.0049580103","0.0049580103","0.0049580103"
"467","0.0047041062","0.0047041062","0.0047041062"
"468","0.0038486372","0.0038486372","0.0038486372"
"469","0.0048670451","0.0048670451","0.0048670451"
"470","0.0044019127","0.0044019127","0.0044019127"
"471","0.0046425137","0.0046425137","0.0046425137"
"472","0.0052094358","0.0052094358","0.0052094358"
"473","0.0041119292","0.0041119292","0.0041119292"
"474","0.0043528552","0.0043528552","0.0043528552"
"475","0.004648882","0.004648882","0.004648882"
"476","0.004246195","0.004246195","0.004246195"
"477","0.004156864","0.004156864","0.004156864"
"478","0.0035433103","0.0035433103","0.0035433103"
"479","0.0039992753","0.0039992753","0.0039992753"
"480","0.0046299837","0.0046299837","0.0046299837"
"481","0.0042910751","0.0042910751","0.0042910751"
"482","0.0043133728","0.0043133728","0.0043133728"
"483","0.0038860509","0.0038860509","0.0038860509"
"484","0.0040375578","0.0040375578","0.0040375578"
"485","0.0044355133","0.0044355133","0.0044355133"
"486","0.0042242722","0.0042242722","0.0042242722"
"487","0.004890204","0.004890204","0.004890204"
"488","0.0043517661","0.0043517661","0.0043517661"
"489","0.003911436","0.003911436","0.003911436"
"490","0.0042217275","0.0042217275","0.0042217275"
"491","0.0041399788","0.0041399788","0.0041399788"
"492","0.0039662467","0.0039662467","0.0039662467"
"493","0.0045148301","0.0045148301","0.0045148301"
"494","0.0040609705","0.0040609705","0.0040609705"
"495","0.0041221166","0.0041221166","0.0041221166"
"496","0.0039384729","0.0039384729","0.0039384729"
"497","0.0038357227","0.0038357227","0.0038357227"
"498","0.0046344009","0.0046344009","0.0046344009"
"499","0.0047809313","0.0047809313","0.0047809313"
"500","0.0044851195","0.0044851195","0.0044851195"
"501","0.004106475","0.004106475","0.004106475"
"502","0.0044544427","0.0044544427","0.0044544427"
"503","0.0040607618","0.0040607618","0.0040607618"
"504","0.0039711549","0.0039711549","0.0039711549"
"505","0.0034980063","0.0034980063","0.0034980063"
"506","0.0036316999","0.0036316999","0.0036316999"
"507","0.0041062479","0.0041062479","0.0041062479"
"508","0.0038876231","0.0038876231","0.0038876231"
"509","0.0040951688","0.0040951688","0.0040951688"
"510","0.0040511164","0.0040511164","0.0040511164"
"511","0.003506703","0.003506703","0.003506703"
"512","0.0042414035","0.0042414035","0.0042414035"
"513","0.0038700157","0.0038700157","0.0038700157"
"514","0.0034354235","0.0034354235","0.0034354235"
"515","0.0041564354","0.0041564354","0.0041564354"
"516","0.0044073957","0.0044073957","0.0044073957"
"517","0.0035399617","0.0035399617","0.0035399617"
"518","0.0036955333","0.0036955333","0.0036955333"
"519","0.0031408455","0.0031408455","0.0031408455"
"520","0.0030789644","0.0030789644","0.0030789644"
"521","0.0036130602","0.0036130602","0.0036130602"
"522","0.0039170878","0.0039170878","0.0039170878"
"523","0.0038352285","0.0038352285","0.0038352285"
"524","0.003425342","0.003425342","0.003425342"
"525","0.0031273491","0.0031273491","0.0031273491"
"526","0.0037587374","0.0037587374","0.0037587374"
"527","0.0039248098","0.0039248098","0.0039248098"
"528","0.0036440077","0.0036440077","0.0036440077"
"529","0.0036341778","0.0036341778","0.0036341778"
"530","0.003398102","0.003398102","0.003398102"
"531","0.0039598886","0.0039598886","0.0039598886"
"532","0.0036581974","0.0036581974","0.0036581974"
"533","0.0043406312","0.0043406312","0.0043406312"
"534","0.0039340882","0.0039340882","0.0039340882"
"535","0.0035675976","0.0035675976","0.0035675976"
"536","0.0036835297","0.0036835297","0.0036835297"
"537","0.0035268213","0.0035268213","0.0035268213"
"538","0.0034784596","0.0034784596","0.0034784596"
"539","0.003553258","0.003553258","0.003553258"
"540","0.0033027428","0.0033027428","0.0033027428"
"541","0.0037444388","0.0037444388","0.0037444388"
"542","0.0041474099","0.0041474099","0.0041474099"
"543","0.0036148362","0.0036148362","0.0036148362"
"544","0.003018253","0.003018253","0.003018253"
"545","0.0032299508","0.0032299508","0.0032299508"
"546","0.0035589541","0.0035589541","0.0035589541"
"547","0.0036933654","0.0036933654","0.0036933654"
"548","0.0035879872","0.0035879872","0.0035879872"
"549","0.0042099512","0.0042099512","0.0042099512"
"550","0.0040342","0.0040342","0.0040342"
"551","0.00318689","0.00318689","0.00318689"
"552","0.003264785","0.003264785","0.003264785"
"553","0.0027295508","0.0027295508","0.0027295508"
"554","0.0030736569","0.0030736569","0.0030736569"
"555","0.0039525371","0.0039525371","0.0039525371"
"556","0.003058553","0.003058553","0.003058553"
"557","0.0032785327","0.0032785327","0.0032785327"
"558","0.0036734866","0.0036734866","0.0036734866"
"559","0.003562443","0.003562443","0.003562443"
"560","0.0031622941","0.0031622941","0.0031622941"
"561","0.0031540979","0.0031540979","0.0031540979"
"562","0.003308029","0.003308029","0.003308029"
"563","0.0033995867","0.0033995867","0.0033995867"
"564","0.0027074097","0.0027074097","0.0027074097"
"565","0.0030223317","0.0030223317","0.0030223317"
"566","0.0035117385","0.0035117385","0.0035117385"
"567","0.0034508476","0.0034508476","0.0034508476"
"568","0.0030363491","0.0030363491","0.0030363491"
"569","0.0027407694","0.0027407694","0.0027407694"
"570","0.0029136711","0.0029136711","0.0029136711"
"571","0.003386715","0.003386715","0.003386715"
"572","0.0038368317","0.0038368317","0.0038368317"
"573","0.0033479693","0.0033479693","0.0033479693"
"574","0.0028698176","0.0028698176","0.0028698176"
"575","0.0033377049","0.0033377049","0.0033377049"
"576","0.0035791265","0.0035791265","0.0035791265"
"577","0.0042739113","0.0042739113","0.0042739113"
"578","0.0044928157","0.0044928157","0.0044928157"
"579","0.0038501677","0.0038501677","0.0038501677"
"580","0.0044887717","0.0044887717","0.0044887717"
"581","0.0049493051","0.0049493051","0.0049493051"
"582","0.0055383322","0.0055383322","0.0055383322"
"583","0.0051798088","0.0051798088","0.0051798088"
"584","0.005120803","0.005120803","0.005120803"
"585","0.0049222462","0.0049222462","0.0049222462"
"586","0.0051129661","0.0051129661","0.0051129661"
"587","0.0048671889","0.0048671889","0.0048671889"
"588","0.0052569814","0.0052569814","0.0052569814"
"589","0.004934579","0.004934579","0.004934579"
"590","0.0050662762","0.0050662762","0.0050662762"
"591","0.0058169896","0.0058169896","0.0058169896"
"592","0.0056256596","0.0056256596","0.0056256596"
"593","0.0049064005","0.0049064005","0.0049064005"
"594","0.0055722236","0.0055722236","0.0055722236"
"595","0.0055457777","0.0055457777","0.0055457777"
"596","0.0053882225","0.0053882225","0.0053882225"
"597","0.0057073825","0.0057073825","0.0057073825"
"598","0.0059345269","0.0059345269","0.0059345269"
"599","0.0058519501","0.0058519501","0.0058519501"
"600","0.0057220207","0.0057220207","0.0057220207"
"601","0.0060086214","0.0060086214","0.0060086214"
"602","0.0054829589","0.0054829589","0.0054829589"
"603","0.0065391433","0.0065391433","0.0065391433"
"604","0.0073724483","0.0073724483","0.0073724483"
"605","0.0068657556","0.0068657556","0.0068657556"
"606","0.0072827164","0.0072827164","0.0072827164"
"607","0.0080933415","0.0080933415","0.0080933415"
"608","0.0081664459","0.0081664459","0.0081664459"
"609","0.0084243367","0.0084243367","0.0084243367"
"610","0.0081993771","0.0081993771","0.0081993771"
"611","0.0088696326","0.0088696326","0.0088696326"
"612","0.0089915372","0.0089915372","0.0089915372"
"613","0.0090081399","0.0090081399","0.0090081399"
"614","0.0105623801","0.0105623801","0.0105623801"
"615","0.0114062116","0.0114062116","0.0114062116"
"616","0.0097318036","0.0097318036","0.0097318036"
"617","0.0097726505","0.0097726505","0.0097726505"
"618","0.0106717019","0.0106717019","0.0106717019"
"619","0.0117000734","0.0117000734","0.0117000734"
"620","0.0120343029","0.0120343029","0.0120343029"
"621","0.0120634133","0.0120634133","0.0120634133"
"622","0.0129194361","0.0129194361","0.0129194361"
"623","0.0112826314","0.0112826314","0.0112826314"
"624","0.0118308073","0.0118308073","0.0118308073"
"625","0.0126680795","0.0126680795","0.0126680795"
"626","0.0135601783","0.0135601783","0.0135601783"
"627","0.012355854","0.012355854","0.012355854"
"628","0.0144045996","0.0144045996","0.0144045996"
"629","0.0136657423","0.0136657423","0.0136657423"
"630","0.0147367039","0.0147367039","0.0147367039"
"631","0.0122862533","0.0122862533","0.0122862533"
"632","0.0132672003","0.0132672003","0.0132672003"
"633","0.0152426995","0.0152426995","0.0152426995"
"634","0.0173913822","0.0173913822","0.0173913822"
"635","0.0173189162","0.0173189162","0.0173189162"
"636","0.0166268561","0.0166268561","0.0166268561"
"637","0.0164565706","0.0164565706","0.0164565706"
"638","0.0167957135","0.0167957135","0.0167957135"
"639","0.0188852871","0.0188852871","0.0188852871"
"640","0.0184939651","0.0184939651","0.0184939651"
"641","0.0207312268","0.0207312268","0.0207312268"
"642","0.0196752842","0.0196752842","0.0196752842"
"643","0.0182436761","0.0182436761","0.0182436761"
"644","0.0201647408","0.0201647408","0.0201647408"
"645","0.020579556","0.020579556","0.020579556"
"646","0.020422465","0.020422465","0.020422465"
"647","0.0201519913","0.0201519913","0.0201519913"
"648","0.0238245769","0.0238245769","0.0238245769"
"649","0.0226706709","0.0226706709","0.0226706709"
"650","0.0254560523","0.0254560523","0.0254560523"
"651","0.028443356","0.028443356","0.028443356"
"652","0.0267490661","0.0267490661","0.0267490661"
"653","0.0263758454","0.0263758454","0.0263758454"
"654","0.028041758","0.028041758","0.028041758"
"655","0.0304997665","0.0304997665","0.0304997665"
"656","0.0276357902","0.0276357902","0.0276357902"
"657","0.0303313987","0.0303313987","0.0303313987"
"658","0.0309441507","0.0309441507","0.0309441507"
"659","0.0318039699","0.0318039699","0.0318039699"
"660","0.0294023311","0.0294023311","0.0294023311"
"661","0.0297451377","0.0297451377","0.0297451377"
"662","0.0309936734","0.0309936734","0.0309936734"
"663","0.0314896777","0.0314896777","0.0314896777"
"664","0.0369423715","0.0369423715","0.0369423715"
"665","0.0321022275","0.0321022275","0.0321022275"
"666","0.0315792402","0.0315792402","0.0315792402"
"667","0.0361253381","0.0361253381","0.0361253381"
"668","0.0395255122","0.0395255122","0.0395255122"
"669","0.0364859286","0.0364859286","0.0364859286"
"670","0.0375971324","0.0375971324","0.0375971324"
"671","0.0379510256","0.0379510256","0.0379510256"
"672","0.0377432173","0.0377432173","0.0377432173"
"673","0.0353514872","0.0353514872","0.0353514872"
"674","0.0402520751","0.0402520751","0.0402520751"
"675","0.0385174151","0.0385174151","0.0385174151"
"676","0.0391620506","0.0391620506","0.0391620506"
"677","0.0353610666","0.0353610666","0.0353610666"
"678","0.0361140478","0.0361140478","0.0361140478"
"679","0.035753175","0.035753175","0.035753175"
"680","0.0390451243","0.0390451243","0.0390451243"
"681","0.0423732648","0.0423732648","0.0423732648"
"682","0.0446560534","0.0446560534","0.0446560534"
"683","0.0393572075","0.0393572075","0.0393572075"
"684","0.0365285294","0.0365285294","0.0365285294"
"685","0.0478747349","0.0478747349","0.0478747349"
"686","0.0420058987","0.0420058987","0.0420058987"
"687","0.0506707785","0.0506707785","0.0506707785"
"688","0.0464913077","0.0464913077","0.0464913077"
"689","0.0470421671","0.0470421671","0.0470421671"
"690","0.0507936275","0.0507936275","0.0507936275"
"691","0.0571571552","0.0571571552","0.0571571552"
"692","0.0510306231","0.0510306231","0.0510306231"
"693","0.0539483504","0.0539483504","0.0539483504"
"694","0.0513451486","0.0513451486","0.0513451486"
"695","0.0508121666","0.0508121666","0.0508121666"
"696","0.052202998","0.052202998","0.052202998"
"697","0.0495365337","0.0495365337","0.0495365337"
"698","0.0534530152","0.0534530152","0.0534530152"
"699","0.0556411339","0.0556411339","0.0556411339"
"700","0.0585679603","0.0585679603","0.0585679603"
"701","0.0622514074","0.0622514074","0.0622514074"
"702","0.0726454757","0.0726454757","0.0726454757"
"703","0.0712544629","0.0712544629","0.0712544629"
"704","0.0716215864","0.0716215864","0.0716215864"
"705","0.0600120275","0.0600120275","0.0600120275"
"706","0.0568146778","0.0568146778","0.0568146778"
"707","0.0635713872","0.0635713872","0.0635713872"
"708","0.0695512884","0.0695512884","0.0695512884"
"709","0.0634017504","0.0634017504","0.0634017504"
"710","0.0621950552","0.0621950552","0.0621950552"
"711","0.067067829","0.067067829","0.067067829"
"712","0.0680582711","0.0680582711","0.0680582711"
"713","0.0659066622","0.0659066622","0.0659066622"
"714","0.0709592481","0.0709592481","0.0709592481"
"715","0.0695832569","0.0695832569","0.0695832569"
"716","0.0668334279","0.0668334279","0.0668334279"
"717","0.0624518306","0.0624518306","0.0624518306"
"718","0.0696170616","0.0696170616","0.0696170616"
"719","0.0720996601","0.0720996601","0.0720996601"
"720","0.0751265009","0.0751265009","0.0751265009"
"721","0.0822454562","0.0822454562","0.0822454562"
"722","0.0787620571","0.0787620571","0.0787620571"
"723","0.0698865739","0.0698865739","0.0698865739"
"724","0.0876960294","0.0876960294","0.0876960294"
"725","0.0706046675","0.0706046675","0.0706046675"
"726","0.0893353559","0.0893353559","0.0893353559"
"727","0.0854383176","0.0854383176","0.0854383176"
"728","0.0780305242","0.0780305242","0.0780305242"
"729","0.0959642669","0.0959642669","0.0959642669"
"730","0.1054195662","0.1054195662","0.1054195662"
"731","0.0974742231","0.0974742231","0.0974742231"
"732","0.1097295341","0.1097295341","0.1097295341"
"733","0.1013050397","0.1013050397","0.1013050397"
"734","0.0987728876","0.0987728876","0.0987728876"
"735","0.0969993545","0.0969993545","0.0969993545"
"736","0.0925628088","0.0925628088","0.0925628088"
"737","0.0946648189","0.0946648189","0.0946648189"
"738","0.1159850463","0.1159850463","0.1159850463"
"739","0.1142725288","0.1142725288","0.1142725288"
"740","0.1127398335","0.1127398335","0.1127398335"
"741","0.1107287757","0.1107287757","0.1107287757"
"742","0.1180022307","0.1180022307","0.1180022307"
"743","0.1154699966","0.1154699966","0.1154699966"
"744","0.1283230383","0.1283230383","0.1283230383"
"745","0.1072484543","0.1072484543","0.1072484543"
"746","0.1394362104","0.1394362104","0.1394362104"
"747","0.1390568695","0.1390568695","0.1390568695"
"748","0.1295285949","0.1295285949","0.1295285949"
"749","0.1249632065","0.1249632065","0.1249632065"
"750","0.1209405201","0.1209405201","0.1209405201"
"751","0.1187830395","0.1187830395","0.1187830395"
"752","0.1252520839","0.1252520839","0.1252520839"
"753","0.1272168155","0.1272168155","0.1272168155"
"754","0.1241366272","0.1241366272","0.1241366272"
"755","0.1386704407","0.1386704407","0.1386704407"
"756","0.1418584815","0.1418584815","0.1418584815"
"757","0.1407788755","0.1407788755","0.1407788755"
"758","0.1353593957","0.1353593957","0.1353593957"
"759","0.1359115567","0.1359115567","0.1359115567"
"760","0.1234962025","0.1234962025","0.1234962025"
"761","0.1291155693","0.1291155693","0.1291155693"
"762","0.1294754391","0.1294754391","0.1294754391"
"763","0.1242910291","0.1242910291","0.1242910291"
"764","0.1285653027","0.1285653027","0.1285653027"
"765","0.1297225659","0.1297225659","0.1297225659"
"766","0.1238030589","0.1238030589","0.1238030589"
"767","0.1397076841","0.1397076841","0.1397076841"
"768","0.1571454699","0.1571454699","0.1571454699"
"769","0.1330851178","0.1330851178","0.1330851178"
"770","0.1254486926","0.1254486926","0.1254486926"
"771","0.1318376557","0.1318376557","0.1318376557"
"772","0.1405077793","0.1405077793","0.1405077793"
"773","0.1475787793","0.1475787793","0.1475787793"
"774","0.1249775416","0.1249775416","0.1249775416"
"775","0.1471624258","0.1471624258","0.1471624258"
"776","0.1593089236","0.1593089236","0.1593089236"
"777","0.1467522733","0.1467522733","0.1467522733"
"778","0.1487962142","0.1487962142","0.1487962142"
"779","0.1496898817","0.1496898817","0.1496898817"
"780","0.1514970481","0.1514970481","0.1514970481"
"781","0.1629869775","0.1629869775","0.1629869775"
"782","0.1561477528","0.1561477528","0.1561477528"
"783","0.1432077993","0.1432077993","0.1432077993"
"784","0.1458400795","0.1458400795","0.1458400795"
"785","0.1446345528","0.1446345528","0.1446345528"
"786","0.1733080468","0.1733080468","0.1733080468"
"787","0.1800435767","0.1800435767","0.1800435767"
"788","0.1836740324","0.1836740324","0.1836740324"
"789","0.1562687563","0.1562687563","0.1562687563"
"790","0.1645748716","0.1645748716","0.1645748716"
"791","0.1540861647","0.1540861647","0.1540861647"
"792","0.165551431","0.165551431","0.165551431"
"793","0.1678774431","0.1678774431","0.1678774431"
"794","0.1942699781","0.1942699781","0.1942699781"
"795","0.147586173","0.147586173","0.147586173"
"796","0.1633134339","0.1633134339","0.1633134339"
"797","0.1515391098","0.1515391098","0.1515391098"
"798","0.1531459484","0.1531459484","0.1531459484"
"799","0.163393256","0.163393256","0.163393256"
"800","0.1734144315","0.1734144315","0.1734144315"
"801","0.1727804615","0.1727804615","0.1727804615"
"802","0.1526526906","0.1526526906","0.1526526906"
"803","0.1757902676","0.1757902676","0.1757902676"
"804","0.1720921319","0.1720921319","0.1720921319"
"805","0.1827863997","0.1827863997","0.1827863997"
"806","0.2022431558","0.2022431558","0.2022431558"
"807","0.1935997334","0.1935997334","0.1935997334"
"808","0.174632685","0.174632685","0.174632685"
"809","0.1817089676","0.1817089676","0.1817089676"
"810","0.161427721","0.161427721","0.161427721"
"811","0.1868182963","0.1868182963","0.1868182963"
"812","0.1840285023","0.1840285023","0.1840285023"
"813","0.1735311612","0.1735311612","0.1735311612"
"814","0.1886440665","0.1886440665","0.1886440665"
"815","0.1733970148","0.1733970148","0.1733970148"
"816","0.1873920931","0.1873920931","0.1873920931"
"817","0.2141448626","0.2141448626","0.2141448626"
"818","0.1875828536","0.1875828536","0.1875828536"
"819","0.1903404704","0.1903404704","0.1903404704"
"820","0.1868978773","0.1868978773","0.1868978773"
"821","0.1778693151","0.1778693151","0.1778693151"
"822","0.1772622796","0.1772622796","0.1772622796"
"823","0.1935001161","0.1935001161","0.1935001161"
"824","0.1904432811","0.1904432811","0.1904432811"
"825","0.1806038151","0.1806038151","0.1806038151"
"826","0.8955501671","0.8955501671","0.8955501671"
"827","0.2264808968","0.2264808968","0.2264808968"
"828","0.2309016574","0.2309016574","0.2309016574"
"829","1.5586849574","1.5586849574","1.5586849574"
"830","1.7429576437","1.7429576437","1.7429576437"
"831","3.1050416752","3.1050416752","3.1050416752"
"832","0.3438414494","0.3438414494","0.3438414494"
"833","1.651990039","1.651990039","1.651990039"
"834","1.7455705657","1.7455705657","1.7455705657"
"835","1.6866830786","1.6866830786","1.6866830786"
"836","1.6790892398","1.6790892398","1.6790892398"
"837","0.2729878575","0.2729878575","0.2729878575"
"838","2.6310755645","2.6310755645","2.6310755645"
"839","1.0356640003","1.0356640003","1.0356640003"
"840","1.7300576481","1.7300576481","1.7300576481"
"841","0.3003910102","0.3003910102","0.3003910102"
"842","1.7463942193","1.7463942193","1.7463942193"
"843","3.1552162147","3.1552162147","3.1552162147"
"844","1.4316229633","1.4316229633","1.4316229633"
"845","3.0082271435","3.0082271435","3.0082271435"
"846","0.7536518984","0.7536518984","0.7536518984"
"847","2.1911045352","2.1911045352","2.1911045352"
"848","1.6179795188","1.6179795188","1.6179795188"
"849","4.5069423322","4.5069423322","4.5069423322"
"850","1.5630037333","1.5630037333","1.5630037333"
"851","1.6903238119","1.6903238119","1.6903238119"
"852","0.6876888155","0.6876888155","0.6876888155"
"853","2.7927616847","2.7927616847","2.7927616847"
"854","0.4174905855","0.4174905855","0.4174905855"
"855","1.6441267124","1.6441267124","1.6441267124"
"856","0.3823872633","0.3823872633","0.3823872633"
"857","1.8024995126","1.8024995126","1.8024995126"
"858","0.3799863245","0.3799863245","0.3799863245"
"859","2.9490335924","2.9490335924","2.9490335924"
"860","0.3905392613","0.3905392613","0.3905392613"
"861","0.3630682269","0.3630682269","0.3630682269"
"862","0.3218538697","0.3218538697","0.3218538697"
"863","4.5717306584","4.5717306584","4.5717306584"
"864","2.8567180499","2.8567180499","2.8567180499"
"865","1.6750181835","1.6750181835","1.6750181835"
"866","1.6791572208","1.6791572208","1.6791572208"
"867","1.7343952386","1.7343952386","1.7343952386"
"868","2.2535323421","2.2535323421","2.2535323421"
"869","0.4130540572","0.4130540572","0.4130540572"
"870","0.4387331489","0.4387331489","0.4387331489"
"871","0.3312310661","0.3312310661","0.3312310661"
"872","3.1666800172","3.1666800172","3.1666800172"
"873","1.8963296051","1.8963296051","1.8963296051"
"874","3.9734230207","3.9734230207","3.9734230207"
"875","0.5212168518","0.5212168518","0.5212168518"
"876","4.1633728622","4.1633728622","4.1633728622"
"877","0.5379342072","0.5379342072","0.5379342072"
"878","1.4827711448","1.4827711448","1.4827711448"
"879","0.5001222473","0.5001222473","0.5001222473"
"880","1.7638066237","1.7638066237","1.7638066237"
"881","0.4506516582","0.4506516582","0.4506516582"
"882","0.3861411631","0.3861411631","0.3861411631"
"883","3.0746857719","3.0746857719","3.0746857719"
"884","2.453950717","2.453950717","2.453950717"
"885","1.7772421923","1.7772421923","1.7772421923"
"886","2.4975187207","2.4975187207","2.4975187207"
"887","1.4788937925","1.4788937925","1.4788937925"
"888","2.8948685815","2.8948685815","2.8948685815"
"889","0.4967687365","0.4967687365","0.4967687365"
"890","0.4364660671","0.4364660671","0.4364660671"
"891","4.1247569663","4.1247569663","4.1247569663"
"892","0.5083298517","0.5083298517","0.5083298517"
"893","0.424550168","0.424550168","0.424550168"
"894","2.7462823802","2.7462823802","2.7462823802"
"895","0.4279560228","0.4279560228","0.4279560228"
"896","2.7902755862","2.7902755862","2.7902755862"
"897","1.3109911755","1.3109911755","1.3109911755"
"898","0.4532143765","0.4532143765","0.4532143765"
"899","0.4488145724","0.4488145724","0.4488145724"
"900","1.1258407318","1.1258407318","1.1258407318"
"901","0.4832445599","0.4832445599","0.4832445599"
"902","2.7627993816","2.7627993816","2.7627993816"
"903","2.508549131","2.508549131","2.508549131"
"904","0.5261780639","0.5261780639","0.5261780639"
"905","0.4107015131","0.4107015131","0.4107015131"
"906","1.0810256128","1.0810256128","1.0810256128"
"907","2.8368894754","2.8368894754","2.8368894754"
"908","0.4490949709","0.4490949709","0.4490949709"
"909","0.873489746","0.873489746","0.873489746"
"910","1.6194707328","1.6194707328","1.6194707328"
"911","2.4528201907","2.4528201907","2.4528201907"
"912","0.4903976652","0.4903976652","0.4903976652"
"913","2.5376591857","2.5376591857","2.5376591857"
"914","0.6307363434","0.6307363434","0.6307363434"
"915","0.4397837517","0.4397837517","0.4397837517"
"916","0.4033895307","0.4033895307","0.4033895307"
"917","1.7144957194","1.7144957194","1.7144957194"
"918","0.3850731025","0.3850731025","0.3850731025"
"919","3.1080959925","3.1080959925","3.1080959925"
"920","0.463962203","0.463962203","0.463962203"
"921","1.7606733569","1.7606733569","1.7606733569"
"922","1.6650361384","1.6650361384","1.6650361384"
"923","0.4599987154","0.4599987154","0.4599987154"
"924","1.7775003044","1.7775003044","1.7775003044"
"925","0.3800696126","0.3800696126","0.3800696126"
"926","0.7166765777","0.7166765777","0.7166765777"
"927","2.3777249581","2.3777249581","2.3777249581"
"928","0.806944382","0.806944382","0.806944382"
"929","0.4041085233","0.4041085233","0.4041085233"
"930","2.8675578346","2.8675578346","2.8675578346"
"931","2.4207374679","2.4207374679","2.4207374679"
"932","0.5709586793","0.5709586793","0.5709586793"
"933","1.8705341244","1.8705341244","1.8705341244"
"934","0.4703426517","0.4703426517","0.4703426517"
"935","0.3686907582","0.3686907582","0.3686907582"
"936","1.7052169833","1.7052169833","1.7052169833"
"937","1.2581011201","1.2581011201","1.2581011201"
"938","1.5923379563","1.5923379563","1.5923379563"
"939","1.5023713427","1.5023713427","1.5023713427"
"940","0.4077181612","0.4077181612","0.4077181612"
"941","0.3173149731","0.3173149731","0.3173149731"
"942","2.7943903067","2.7943903067","2.7943903067"
"943","0.3582535994","0.3582535994","0.3582535994"
"944","0.3395106077","0.3395106077","0.3395106077"
"945","0.3207000347","0.3207000347","0.3207000347"
"946","0.2890845652","0.2890845652","0.2890845652"
"947","0.2882997675","0.2882997675","0.2882997675"
"948","0.2890284715","0.2890284715","0.2890284715"
"949","2.3027141752","2.3027141752","2.3027141752"
"950","1.0683474939","1.0683474939","1.0683474939"
"951","0.3546255024","0.3546255024","0.3546255024"
"952","0.321982317","0.321982317","0.321982317"
"953","2.9717059372","2.9717059372","2.9717059372"
"954","2.6911749093","2.6911749093","2.6911749093"
"955","0.4132326186","0.4132326186","0.4132326186"
"956","1.4519594314","1.4519594314","1.4519594314"
"957","2.90295842","2.90295842","2.90295842"
"958","0.4935929729","0.4935929729","0.4935929729"
"959","1.2944924825","1.2944924825","1.2944924825"
"960","1.636203031","1.636203031","1.636203031"
"961","0.4185766643","0.4185766643","0.4185766643"
"962","2.4969897152","2.4969897152","2.4969897152"
"963","1.6093942705","1.6093942705","1.6093942705"
"964","3.3141806022","3.3141806022","3.3141806022"
"965","0.6531862465","0.6531862465","0.6531862465"
"966","0.49931562","0.49931562","0.49931562"
"967","4.1572081427","4.1572081427","4.1572081427"
"968","1.7524723183","1.7524723183","1.7524723183"
"969","1.4939837197","1.4939837197","1.4939837197"
"970","1.8257532465","1.8257532465","1.8257532465"
"971","2.3546423356","2.3546423356","2.3546423356"
"972","2.9264049023","2.9264049023","2.9264049023"
"973","0.4603037499","0.4603037499","0.4603037499"
"974","1.6857515513","1.6857515513","1.6857515513"
"975","0.4932856785","0.4932856785","0.4932856785"
"976","0.4181741768","0.4181741768","0.4181741768"
"977","1.1282286854","1.1282286854","1.1282286854"
"978","1.2370233481","1.2370233481","1.2370233481"
"979","2.4419584228","2.4419584228","2.4419584228"
"980","1.5190107895","1.5190107895","1.5190107895"
"981","1.3489958519","1.3489958519","1.3489958519"
"982","1.9231827601","1.9231827601","1.9231827601"
"983","0.7259761776","0.7259761776","0.7259761776"
"984","0.5314532934","0.5314532934","0.5314532934"
"985","2.4671110661","2.4671110661","2.4671110661"
"986","0.5029973634","0.5029973634","0.5029973634"
"987","1.5527093767","1.5527093767","1.5527093767"
"988","0.4984212807","0.4984212807","0.4984212807"
"989","0.4452334654","0.4452334654","0.4452334654"
"990","0.3887134577","0.3887134577","0.3887134577"
"991","2.9693329243","2.9693329243","2.9693329243"
"992","3.4152083494","3.4152083494","3.4152083494"
"993","2.3164405701","2.3164405701","2.3164405701"
"994","0.513182613","0.513182613","0.513182613"
"995","1.3805048689","1.3805048689","1.3805048689"
"996","1.2511741049","1.2511741049","1.2511741049"
"997","0.5040838389","0.5040838389","0.5040838389"
"998","0.3754968819","0.3754968819","0.3754968819"
"999","1.5358451841","1.5358451841","1.5358451841"